ISO-10303-21;
HEADER;
FILE_DESCRIPTION(('KiCad electronic assembly'),'2;1');
FILE_NAME('top-board.step','2025-11-11T11:53:37',('Pcbnew'),('Kicad'),
  'Open CASCADE STEP processor 7.9','KiCad to STEP converter','Unknown'
  );
FILE_SCHEMA(('AUTOMOTIVE_DESIGN { 1 0 10303 214 1 1 1 1 }'));
ENDSEC;
DATA;
#1 = APPLICATION_PROTOCOL_DEFINITION('international standard',
  'automotive_design',2000,#2);
#2 = APPLICATION_CONTEXT(
  'core data for automotive mechanical design processes');
#3 = SHAPE_DEFINITION_REPRESENTATION(#4,#10);
#4 = PRODUCT_DEFINITION_SHAPE('','',#5);
#5 = PRODUCT_DEFINITION('design','',#6,#9);
#6 = PRODUCT_DEFINITION_FORMATION('','',#7);
#7 = PRODUCT('top-board 1','top-board 1','',(#8));
#8 = PRODUCT_CONTEXT('',#2,'mechanical');
#9 = PRODUCT_DEFINITION_CONTEXT('part definition',#2,'design');
#10 = SHAPE_REPRESENTATION('',(#11,#15,#19,#23,#27,#31,#35,#39,#43,#47,
    #51,#55,#59,#63,#67,#71,#75,#79,#83,#87,#91),#95);
#11 = AXIS2_PLACEMENT_3D('',#12,#13,#14);
#12 = CARTESIAN_POINT('',(0.,0.,0.));
#13 = DIRECTION('',(0.,0.,1.));
#14 = DIRECTION('',(1.,0.,-0.));
#15 = AXIS2_PLACEMENT_3D('',#16,#17,#18);
#16 = CARTESIAN_POINT('',(140.75,-58.6,1.595));
#17 = DIRECTION('',(0.,0.,1.));
#18 = DIRECTION('',(1.,0.,0.));
#19 = AXIS2_PLACEMENT_3D('',#20,#21,#22);
#20 = CARTESIAN_POINT('',(140.7575,-56.1925,1.595));
#21 = DIRECTION('',(0.,0.,1.));
#22 = DIRECTION('',(1.,0.,0.));
#23 = AXIS2_PLACEMENT_3D('',#24,#25,#26);
#24 = CARTESIAN_POINT('',(106.335,-60.285,1.595));
#25 = DIRECTION('',(-0.,0.,1.));
#26 = DIRECTION('',(1.110223024625E-16,-1.,0.));
#27 = AXIS2_PLACEMENT_3D('',#28,#29,#30);
#28 = CARTESIAN_POINT('',(109.595,-63.695,1.595));
#29 = DIRECTION('',(0.,-0.,1.));
#30 = DIRECTION('',(1.110223024625E-16,1.,0.));
#31 = AXIS2_PLACEMENT_3D('',#32,#33,#34);
#32 = CARTESIAN_POINT('',(106.52,-57.915,1.595));
#33 = DIRECTION('',(0.,0.,1.));
#34 = DIRECTION('',(1.,0.,0.));
#35 = AXIS2_PLACEMENT_3D('',#36,#37,#38);
#36 = CARTESIAN_POINT('',(104.415,-57.585,1.595));
#37 = DIRECTION('',(-0.,0.,1.));
#38 = DIRECTION('',(1.110223024625E-16,-1.,0.));
#39 = AXIS2_PLACEMENT_3D('',#40,#41,#42);
#40 = CARTESIAN_POINT('',(109.595,-54.375,1.595));
#41 = DIRECTION('',(0.,0.,1.));
#42 = DIRECTION('',(1.,0.,0.));
#43 = AXIS2_PLACEMENT_3D('',#44,#45,#46);
#44 = CARTESIAN_POINT('',(109.52,-52.335,1.595));
#45 = DIRECTION('',(0.,0.,1.));
#46 = DIRECTION('',(-1.,1.224646799147E-16,0.));
#47 = AXIS2_PLACEMENT_3D('',#48,#49,#50);
#48 = CARTESIAN_POINT('',(99.885,-60.215,1.595));
#49 = DIRECTION('',(-0.,0.,1.));
#50 = DIRECTION('',(1.110223024625E-16,-1.,0.));
#51 = AXIS2_PLACEMENT_3D('',#52,#53,#54);
#52 = CARTESIAN_POINT('',(113.57,-63.695,1.595));
#53 = DIRECTION('',(0.,-0.,1.));
#54 = DIRECTION('',(1.110223024625E-16,1.,0.));
#55 = AXIS2_PLACEMENT_3D('',#56,#57,#58);
#56 = CARTESIAN_POINT('',(112.1,-63.695,1.595));
#57 = DIRECTION('',(0.,-0.,1.));
#58 = DIRECTION('',(1.110223024625E-16,1.,0.));
#59 = AXIS2_PLACEMENT_3D('',#60,#61,#62);
#60 = CARTESIAN_POINT('',(103.43,-63.52,1.595));
#61 = DIRECTION('',(0.,-0.,1.));
#62 = DIRECTION('',(1.110223024625E-16,1.,0.));
#63 = AXIS2_PLACEMENT_3D('',#64,#65,#66);
#64 = CARTESIAN_POINT('',(140.8225,-64.1,1.595));
#65 = DIRECTION('',(0.,-0.,1.));
#66 = DIRECTION('',(1.110223024625E-16,1.,0.));
#67 = AXIS2_PLACEMENT_3D('',#68,#69,#70);
#68 = CARTESIAN_POINT('',(106.52,-63.695,1.595));
#69 = DIRECTION('',(0.,0.,1.));
#70 = DIRECTION('',(1.,0.,0.));
#71 = AXIS2_PLACEMENT_3D('',#72,#73,#74);
#72 = CARTESIAN_POINT('',(121.94,-64.005,1.595));
#73 = DIRECTION('',(0.,0.,1.));
#74 = DIRECTION('',(1.,0.,0.));
#75 = AXIS2_PLACEMENT_3D('',#76,#77,#78);
#76 = CARTESIAN_POINT('',(140.82,-61.6,1.595));
#77 = DIRECTION('',(0.,0.,1.));
#78 = DIRECTION('',(1.,0.,0.));
#79 = AXIS2_PLACEMENT_3D('',#80,#81,#82);
#80 = CARTESIAN_POINT('',(102.72,-55.04,-8.5E-02));
#81 = DIRECTION('',(-1.224646799147E-16,-1.359631073447E-32,-1.));
#82 = DIRECTION('',(1.110223024625E-16,-1.,0.));
#83 = AXIS2_PLACEMENT_3D('',#84,#85,#86);
#84 = CARTESIAN_POINT('',(97.67,-52.5,-8.5E-02));
#85 = DIRECTION('',(1.499759782662E-32,1.224646799147E-16,-1.));
#86 = DIRECTION('',(-1.,1.224646799147E-16,0.));
#87 = AXIS2_PLACEMENT_3D('',#88,#89,#90);
#88 = CARTESIAN_POINT('',(101.375,-63.1599,-8.5E-02));
#89 = DIRECTION('',(-1.224646799147E-16,-1.359631073447E-32,-1.));
#90 = DIRECTION('',(1.110223024625E-16,-1.,0.));
#91 = AXIS2_PLACEMENT_3D('',#92,#93,#94);
#92 = CARTESIAN_POINT('',(0.,0.,0.));
#93 = DIRECTION('',(0.,0.,1.));
#94 = DIRECTION('',(1.,0.,-0.));
#95 = ( GEOMETRIC_REPRESENTATION_CONTEXT(3) 
GLOBAL_UNCERTAINTY_ASSIGNED_CONTEXT((#99)) GLOBAL_UNIT_ASSIGNED_CONTEXT(
(#96,#97,#98)) REPRESENTATION_CONTEXT('Context #1',
  '3D Context with UNIT and UNCERTAINTY') );
#96 = ( LENGTH_UNIT() NAMED_UNIT(*) SI_UNIT(.MILLI.,.METRE.) );
#97 = ( NAMED_UNIT(*) PLANE_ANGLE_UNIT() SI_UNIT($,.RADIAN.) );
#98 = ( NAMED_UNIT(*) SI_UNIT($,.STERADIAN.) SOLID_ANGLE_UNIT() );
#99 = UNCERTAINTY_MEASURE_WITH_UNIT(LENGTH_MEASURE(2.E-07),#96,
  'distance_accuracy_value','confusion accuracy');
#100 = PRODUCT_RELATED_PRODUCT_CATEGORY('part',$,(#7));
#101 = SHAPE_DEFINITION_REPRESENTATION(#102,#108);
#102 = PRODUCT_DEFINITION_SHAPE('','',#103);
#103 = PRODUCT_DEFINITION('design','',#104,#107);
#104 = PRODUCT_DEFINITION_FORMATION('','',#105);
#105 = PRODUCT('C_0603_1608Metric','C_0603_1608Metric','',(#106));
#106 = PRODUCT_CONTEXT('',#2,'mechanical');
#107 = PRODUCT_DEFINITION_CONTEXT('part definition',#2,'design');
#108 = ADVANCED_BREP_SHAPE_REPRESENTATION('',(#11,#109),#963);
#109 = MANIFOLD_SOLID_BREP('',#110);
#110 = CLOSED_SHELL('',(#111,#187,#218,#243,#268,#292,#316,#341,#366,
    #383,#469,#501,#525,#550,#574,#599,#623,#648,#665,#751,#782,#807,
    #832,#856,#880,#905,#930,#947));
#111 = ADVANCED_FACE('',(#112),#182,.F.);
#112 = FACE_BOUND('',#113,.F.);
#113 = EDGE_LOOP('',(#114,#124,#133,#141,#150,#158,#167,#175));
#114 = ORIENTED_EDGE('',*,*,#115,.F.);
#115 = EDGE_CURVE('',#116,#118,#120,.T.);
#116 = VERTEX_POINT('',#117);
#117 = CARTESIAN_POINT('',(-0.8,-0.4,3.E-02));
#118 = VERTEX_POINT('',#119);
#119 = CARTESIAN_POINT('',(-0.8,-0.4,0.77));
#120 = LINE('',#121,#122);
#121 = CARTESIAN_POINT('',(-0.8,-0.4,0.));
#122 = VECTOR('',#123,1.);
#123 = DIRECTION('',(0.,0.,1.));
#124 = ORIENTED_EDGE('',*,*,#125,.T.);
#125 = EDGE_CURVE('',#116,#126,#128,.T.);
#126 = VERTEX_POINT('',#127);
#127 = CARTESIAN_POINT('',(-0.8,-0.37,0.));
#128 = CIRCLE('',#129,3.E-02);
#129 = AXIS2_PLACEMENT_3D('',#130,#131,#132);
#130 = CARTESIAN_POINT('',(-0.8,-0.37,3.E-02));
#131 = DIRECTION('',(1.,0.,-0.));
#132 = DIRECTION('',(0.,0.,1.));
#133 = ORIENTED_EDGE('',*,*,#134,.T.);
#134 = EDGE_CURVE('',#126,#135,#137,.T.);
#135 = VERTEX_POINT('',#136);
#136 = CARTESIAN_POINT('',(-0.8,0.37,0.));
#137 = LINE('',#138,#139);
#138 = CARTESIAN_POINT('',(-0.8,-0.4,0.));
#139 = VECTOR('',#140,1.);
#140 = DIRECTION('',(0.,1.,0.));
#141 = ORIENTED_EDGE('',*,*,#142,.F.);
#142 = EDGE_CURVE('',#143,#135,#145,.T.);
#143 = VERTEX_POINT('',#144);
#144 = CARTESIAN_POINT('',(-0.8,0.4,3.E-02));
#145 = CIRCLE('',#146,3.E-02);
#146 = AXIS2_PLACEMENT_3D('',#147,#148,#149);
#147 = CARTESIAN_POINT('',(-0.8,0.37,3.E-02));
#148 = DIRECTION('',(-1.,0.,0.));
#149 = DIRECTION('',(0.,0.,1.));
#150 = ORIENTED_EDGE('',*,*,#151,.T.);
#151 = EDGE_CURVE('',#143,#152,#154,.T.);
#152 = VERTEX_POINT('',#153);
#153 = CARTESIAN_POINT('',(-0.8,0.4,0.77));
#154 = LINE('',#155,#156);
#155 = CARTESIAN_POINT('',(-0.8,0.4,0.));
#156 = VECTOR('',#157,1.);
#157 = DIRECTION('',(0.,0.,1.));
#158 = ORIENTED_EDGE('',*,*,#159,.T.);
#159 = EDGE_CURVE('',#152,#160,#162,.T.);
#160 = VERTEX_POINT('',#161);
#161 = CARTESIAN_POINT('',(-0.8,0.37,0.8));
#162 = CIRCLE('',#163,3.E-02);
#163 = AXIS2_PLACEMENT_3D('',#164,#165,#166);
#164 = CARTESIAN_POINT('',(-0.8,0.37,0.77));
#165 = DIRECTION('',(1.,0.,-0.));
#166 = DIRECTION('',(0.,0.,1.));
#167 = ORIENTED_EDGE('',*,*,#168,.F.);
#168 = EDGE_CURVE('',#169,#160,#171,.T.);
#169 = VERTEX_POINT('',#170);
#170 = CARTESIAN_POINT('',(-0.8,-0.37,0.8));
#171 = LINE('',#172,#173);
#172 = CARTESIAN_POINT('',(-0.8,-0.4,0.8));
#173 = VECTOR('',#174,1.);
#174 = DIRECTION('',(0.,1.,0.));
#175 = ORIENTED_EDGE('',*,*,#176,.F.);
#176 = EDGE_CURVE('',#118,#169,#177,.T.);
#177 = CIRCLE('',#178,3.E-02);
#178 = AXIS2_PLACEMENT_3D('',#179,#180,#181);
#179 = CARTESIAN_POINT('',(-0.8,-0.37,0.77));
#180 = DIRECTION('',(-1.,0.,0.));
#181 = DIRECTION('',(0.,0.,1.));
#182 = PLANE('',#183);
#183 = AXIS2_PLACEMENT_3D('',#184,#185,#186);
#184 = CARTESIAN_POINT('',(-0.8,-0.4,0.));
#185 = DIRECTION('',(1.,0.,0.));
#186 = DIRECTION('',(0.,0.,1.));
#187 = ADVANCED_FACE('',(#188),#213,.F.);
#188 = FACE_BOUND('',#189,.F.);
#189 = EDGE_LOOP('',(#190,#200,#206,#207));
#190 = ORIENTED_EDGE('',*,*,#191,.F.);
#191 = EDGE_CURVE('',#192,#194,#196,.T.);
#192 = VERTEX_POINT('',#193);
#193 = CARTESIAN_POINT('',(-0.5,-0.4,3.E-02));
#194 = VERTEX_POINT('',#195);
#195 = CARTESIAN_POINT('',(-0.5,-0.4,0.77));
#196 = LINE('',#197,#198);
#197 = CARTESIAN_POINT('',(-0.5,-0.4,0.));
#198 = VECTOR('',#199,1.);
#199 = DIRECTION('',(0.,0.,1.));
#200 = ORIENTED_EDGE('',*,*,#201,.F.);
#201 = EDGE_CURVE('',#116,#192,#202,.T.);
#202 = LINE('',#203,#204);
#203 = CARTESIAN_POINT('',(-0.8,-0.4,3.E-02));
#204 = VECTOR('',#205,1.);
#205 = DIRECTION('',(1.,0.,0.));
#206 = ORIENTED_EDGE('',*,*,#115,.T.);
#207 = ORIENTED_EDGE('',*,*,#208,.T.);
#208 = EDGE_CURVE('',#118,#194,#209,.T.);
#209 = LINE('',#210,#211);
#210 = CARTESIAN_POINT('',(-0.8,-0.4,0.77));
#211 = VECTOR('',#212,1.);
#212 = DIRECTION('',(1.,0.,0.));
#213 = PLANE('',#214);
#214 = AXIS2_PLACEMENT_3D('',#215,#216,#217);
#215 = CARTESIAN_POINT('',(-0.8,-0.4,0.));
#216 = DIRECTION('',(0.,1.,0.));
#217 = DIRECTION('',(0.,-0.,1.));
#218 = ADVANCED_FACE('',(#219),#238,.T.);
#219 = FACE_BOUND('',#220,.T.);
#220 = EDGE_LOOP('',(#221,#222,#230,#237));
#221 = ORIENTED_EDGE('',*,*,#125,.T.);
#222 = ORIENTED_EDGE('',*,*,#223,.T.);
#223 = EDGE_CURVE('',#126,#224,#226,.T.);
#224 = VERTEX_POINT('',#225);
#225 = CARTESIAN_POINT('',(-0.5,-0.37,0.));
#226 = LINE('',#227,#228);
#227 = CARTESIAN_POINT('',(-0.8,-0.37,0.));
#228 = VECTOR('',#229,1.);
#229 = DIRECTION('',(1.,0.,0.));
#230 = ORIENTED_EDGE('',*,*,#231,.F.);
#231 = EDGE_CURVE('',#192,#224,#232,.T.);
#232 = CIRCLE('',#233,3.E-02);
#233 = AXIS2_PLACEMENT_3D('',#234,#235,#236);
#234 = CARTESIAN_POINT('',(-0.5,-0.37,3.E-02));
#235 = DIRECTION('',(1.,0.,-0.));
#236 = DIRECTION('',(0.,0.,1.));
#237 = ORIENTED_EDGE('',*,*,#201,.F.);
#238 = CYLINDRICAL_SURFACE('',#239,3.E-02);
#239 = AXIS2_PLACEMENT_3D('',#240,#241,#242);
#240 = CARTESIAN_POINT('',(-0.8,-0.37,3.E-02));
#241 = DIRECTION('',(1.,0.,0.));
#242 = DIRECTION('',(0.,-1.,0.));
#243 = ADVANCED_FACE('',(#244),#263,.T.);
#244 = FACE_BOUND('',#245,.T.);
#245 = EDGE_LOOP('',(#246,#247,#256,#262));
#246 = ORIENTED_EDGE('',*,*,#208,.T.);
#247 = ORIENTED_EDGE('',*,*,#248,.T.);
#248 = EDGE_CURVE('',#194,#249,#251,.T.);
#249 = VERTEX_POINT('',#250);
#250 = CARTESIAN_POINT('',(-0.5,-0.37,0.8));
#251 = CIRCLE('',#252,3.E-02);
#252 = AXIS2_PLACEMENT_3D('',#253,#254,#255);
#253 = CARTESIAN_POINT('',(-0.5,-0.37,0.77));
#254 = DIRECTION('',(-1.,0.,0.));
#255 = DIRECTION('',(0.,0.,1.));
#256 = ORIENTED_EDGE('',*,*,#257,.F.);
#257 = EDGE_CURVE('',#169,#249,#258,.T.);
#258 = LINE('',#259,#260);
#259 = CARTESIAN_POINT('',(-0.8,-0.37,0.8));
#260 = VECTOR('',#261,1.);
#261 = DIRECTION('',(1.,0.,0.));
#262 = ORIENTED_EDGE('',*,*,#176,.F.);
#263 = CYLINDRICAL_SURFACE('',#264,3.E-02);
#264 = AXIS2_PLACEMENT_3D('',#265,#266,#267);
#265 = CARTESIAN_POINT('',(-0.8,-0.37,0.77));
#266 = DIRECTION('',(1.,0.,0.));
#267 = DIRECTION('',(0.,-1.,0.));
#268 = ADVANCED_FACE('',(#269),#287,.F.);
#269 = FACE_BOUND('',#270,.F.);
#270 = EDGE_LOOP('',(#271,#272,#273,#281));
#271 = ORIENTED_EDGE('',*,*,#134,.F.);
#272 = ORIENTED_EDGE('',*,*,#223,.T.);
#273 = ORIENTED_EDGE('',*,*,#274,.T.);
#274 = EDGE_CURVE('',#224,#275,#277,.T.);
#275 = VERTEX_POINT('',#276);
#276 = CARTESIAN_POINT('',(-0.5,0.37,0.));
#277 = LINE('',#278,#279);
#278 = CARTESIAN_POINT('',(-0.5,-0.4,0.));
#279 = VECTOR('',#280,1.);
#280 = DIRECTION('',(0.,1.,0.));
#281 = ORIENTED_EDGE('',*,*,#282,.F.);
#282 = EDGE_CURVE('',#135,#275,#283,.T.);
#283 = LINE('',#284,#285);
#284 = CARTESIAN_POINT('',(-0.8,0.37,0.));
#285 = VECTOR('',#286,1.);
#286 = DIRECTION('',(1.,0.,0.));
#287 = PLANE('',#288);
#288 = AXIS2_PLACEMENT_3D('',#289,#290,#291);
#289 = CARTESIAN_POINT('',(-0.8,-0.4,0.));
#290 = DIRECTION('',(0.,0.,1.));
#291 = DIRECTION('',(1.,0.,-0.));
#292 = ADVANCED_FACE('',(#293),#311,.T.);
#293 = FACE_BOUND('',#294,.T.);
#294 = EDGE_LOOP('',(#295,#296,#297,#305));
#295 = ORIENTED_EDGE('',*,*,#168,.F.);
#296 = ORIENTED_EDGE('',*,*,#257,.T.);
#297 = ORIENTED_EDGE('',*,*,#298,.T.);
#298 = EDGE_CURVE('',#249,#299,#301,.T.);
#299 = VERTEX_POINT('',#300);
#300 = CARTESIAN_POINT('',(-0.5,0.37,0.8));
#301 = LINE('',#302,#303);
#302 = CARTESIAN_POINT('',(-0.5,-0.4,0.8));
#303 = VECTOR('',#304,1.);
#304 = DIRECTION('',(0.,1.,0.));
#305 = ORIENTED_EDGE('',*,*,#306,.F.);
#306 = EDGE_CURVE('',#160,#299,#307,.T.);
#307 = LINE('',#308,#309);
#308 = CARTESIAN_POINT('',(-0.8,0.37,0.8));
#309 = VECTOR('',#310,1.);
#310 = DIRECTION('',(1.,0.,0.));
#311 = PLANE('',#312);
#312 = AXIS2_PLACEMENT_3D('',#313,#314,#315);
#313 = CARTESIAN_POINT('',(-0.8,-0.4,0.8));
#314 = DIRECTION('',(0.,0.,1.));
#315 = DIRECTION('',(1.,0.,-0.));
#316 = ADVANCED_FACE('',(#317),#336,.T.);
#317 = FACE_BOUND('',#318,.T.);
#318 = EDGE_LOOP('',(#319,#327,#334,#335));
#319 = ORIENTED_EDGE('',*,*,#320,.T.);
#320 = EDGE_CURVE('',#143,#321,#323,.T.);
#321 = VERTEX_POINT('',#322);
#322 = CARTESIAN_POINT('',(-0.5,0.4,3.E-02));
#323 = LINE('',#324,#325);
#324 = CARTESIAN_POINT('',(-0.8,0.4,3.E-02));
#325 = VECTOR('',#326,1.);
#326 = DIRECTION('',(1.,0.,0.));
#327 = ORIENTED_EDGE('',*,*,#328,.T.);
#328 = EDGE_CURVE('',#321,#275,#329,.T.);
#329 = CIRCLE('',#330,3.E-02);
#330 = AXIS2_PLACEMENT_3D('',#331,#332,#333);
#331 = CARTESIAN_POINT('',(-0.5,0.37,3.E-02));
#332 = DIRECTION('',(-1.,0.,0.));
#333 = DIRECTION('',(0.,0.,1.));
#334 = ORIENTED_EDGE('',*,*,#282,.F.);
#335 = ORIENTED_EDGE('',*,*,#142,.F.);
#336 = CYLINDRICAL_SURFACE('',#337,3.E-02);
#337 = AXIS2_PLACEMENT_3D('',#338,#339,#340);
#338 = CARTESIAN_POINT('',(-0.8,0.37,3.E-02));
#339 = DIRECTION('',(1.,0.,0.));
#340 = DIRECTION('',(-0.,1.,0.));
#341 = ADVANCED_FACE('',(#342),#361,.T.);
#342 = FACE_BOUND('',#343,.T.);
#343 = EDGE_LOOP('',(#344,#345,#346,#355));
#344 = ORIENTED_EDGE('',*,*,#159,.T.);
#345 = ORIENTED_EDGE('',*,*,#306,.T.);
#346 = ORIENTED_EDGE('',*,*,#347,.F.);
#347 = EDGE_CURVE('',#348,#299,#350,.T.);
#348 = VERTEX_POINT('',#349);
#349 = CARTESIAN_POINT('',(-0.5,0.4,0.77));
#350 = CIRCLE('',#351,3.E-02);
#351 = AXIS2_PLACEMENT_3D('',#352,#353,#354);
#352 = CARTESIAN_POINT('',(-0.5,0.37,0.77));
#353 = DIRECTION('',(1.,0.,-0.));
#354 = DIRECTION('',(0.,0.,1.));
#355 = ORIENTED_EDGE('',*,*,#356,.F.);
#356 = EDGE_CURVE('',#152,#348,#357,.T.);
#357 = LINE('',#358,#359);
#358 = CARTESIAN_POINT('',(-0.8,0.4,0.77));
#359 = VECTOR('',#360,1.);
#360 = DIRECTION('',(1.,0.,0.));
#361 = CYLINDRICAL_SURFACE('',#362,3.E-02);
#362 = AXIS2_PLACEMENT_3D('',#363,#364,#365);
#363 = CARTESIAN_POINT('',(-0.8,0.37,0.77));
#364 = DIRECTION('',(1.,0.,0.));
#365 = DIRECTION('',(-0.,1.,0.));
#366 = ADVANCED_FACE('',(#367),#378,.T.);
#367 = FACE_BOUND('',#368,.T.);
#368 = EDGE_LOOP('',(#369,#375,#376,#377));
#369 = ORIENTED_EDGE('',*,*,#370,.F.);
#370 = EDGE_CURVE('',#321,#348,#371,.T.);
#371 = LINE('',#372,#373);
#372 = CARTESIAN_POINT('',(-0.5,0.4,0.));
#373 = VECTOR('',#374,1.);
#374 = DIRECTION('',(0.,0.,1.));
#375 = ORIENTED_EDGE('',*,*,#320,.F.);
#376 = ORIENTED_EDGE('',*,*,#151,.T.);
#377 = ORIENTED_EDGE('',*,*,#356,.T.);
#378 = PLANE('',#379);
#379 = AXIS2_PLACEMENT_3D('',#380,#381,#382);
#380 = CARTESIAN_POINT('',(-0.8,0.4,0.));
#381 = DIRECTION('',(0.,1.,0.));
#382 = DIRECTION('',(0.,-0.,1.));
#383 = ADVANCED_FACE('',(#384,#394),#464,.T.);
#384 = FACE_BOUND('',#385,.T.);
#385 = EDGE_LOOP('',(#386,#387,#388,#389,#390,#391,#392,#393));
#386 = ORIENTED_EDGE('',*,*,#191,.F.);
#387 = ORIENTED_EDGE('',*,*,#231,.T.);
#388 = ORIENTED_EDGE('',*,*,#274,.T.);
#389 = ORIENTED_EDGE('',*,*,#328,.F.);
#390 = ORIENTED_EDGE('',*,*,#370,.T.);
#391 = ORIENTED_EDGE('',*,*,#347,.T.);
#392 = ORIENTED_EDGE('',*,*,#298,.F.);
#393 = ORIENTED_EDGE('',*,*,#248,.F.);
#394 = FACE_BOUND('',#395,.T.);
#395 = EDGE_LOOP('',(#396,#407,#415,#424,#432,#441,#449,#458));
#396 = ORIENTED_EDGE('',*,*,#397,.F.);
#397 = EDGE_CURVE('',#398,#400,#402,.T.);
#398 = VERTEX_POINT('',#399);
#399 = CARTESIAN_POINT('',(-0.5,-0.37,6.E-02));
#400 = VERTEX_POINT('',#401);
#401 = CARTESIAN_POINT('',(-0.5,-0.34,3.E-02));
#402 = CIRCLE('',#403,3.E-02);
#403 = AXIS2_PLACEMENT_3D('',#404,#405,#406);
#404 = CARTESIAN_POINT('',(-0.5,-0.34,6.E-02));
#405 = DIRECTION('',(1.,0.,-0.));
#406 = DIRECTION('',(0.,0.,1.));
#407 = ORIENTED_EDGE('',*,*,#408,.T.);
#408 = EDGE_CURVE('',#398,#409,#411,.T.);
#409 = VERTEX_POINT('',#410);
#410 = CARTESIAN_POINT('',(-0.5,-0.37,0.74));
#411 = LINE('',#412,#413);
#412 = CARTESIAN_POINT('',(-0.5,-0.37,3.E-02));
#413 = VECTOR('',#414,1.);
#414 = DIRECTION('',(0.,0.,1.));
#415 = ORIENTED_EDGE('',*,*,#416,.T.);
#416 = EDGE_CURVE('',#409,#417,#419,.T.);
#417 = VERTEX_POINT('',#418);
#418 = CARTESIAN_POINT('',(-0.5,-0.34,0.77));
#419 = CIRCLE('',#420,3.E-02);
#420 = AXIS2_PLACEMENT_3D('',#421,#422,#423);
#421 = CARTESIAN_POINT('',(-0.5,-0.34,0.74));
#422 = DIRECTION('',(-1.,0.,0.));
#423 = DIRECTION('',(0.,0.,1.));
#424 = ORIENTED_EDGE('',*,*,#425,.T.);
#425 = EDGE_CURVE('',#417,#426,#428,.T.);
#426 = VERTEX_POINT('',#427);
#427 = CARTESIAN_POINT('',(-0.5,0.34,0.77));
#428 = LINE('',#429,#430);
#429 = CARTESIAN_POINT('',(-0.5,-0.37,0.77));
#430 = VECTOR('',#431,1.);
#431 = DIRECTION('',(0.,1.,0.));
#432 = ORIENTED_EDGE('',*,*,#433,.F.);
#433 = EDGE_CURVE('',#434,#426,#436,.T.);
#434 = VERTEX_POINT('',#435);
#435 = CARTESIAN_POINT('',(-0.5,0.37,0.74));
#436 = CIRCLE('',#437,3.E-02);
#437 = AXIS2_PLACEMENT_3D('',#438,#439,#440);
#438 = CARTESIAN_POINT('',(-0.5,0.34,0.74));
#439 = DIRECTION('',(1.,0.,-0.));
#440 = DIRECTION('',(0.,0.,1.));
#441 = ORIENTED_EDGE('',*,*,#442,.F.);
#442 = EDGE_CURVE('',#443,#434,#445,.T.);
#443 = VERTEX_POINT('',#444);
#444 = CARTESIAN_POINT('',(-0.5,0.37,6.E-02));
#445 = LINE('',#446,#447);
#446 = CARTESIAN_POINT('',(-0.5,0.37,3.E-02));
#447 = VECTOR('',#448,1.);
#448 = DIRECTION('',(0.,0.,1.));
#449 = ORIENTED_EDGE('',*,*,#450,.T.);
#450 = EDGE_CURVE('',#443,#451,#453,.T.);
#451 = VERTEX_POINT('',#452);
#452 = CARTESIAN_POINT('',(-0.5,0.34,3.E-02));
#453 = CIRCLE('',#454,3.E-02);
#454 = AXIS2_PLACEMENT_3D('',#455,#456,#457);
#455 = CARTESIAN_POINT('',(-0.5,0.34,6.E-02));
#456 = DIRECTION('',(-1.,0.,0.));
#457 = DIRECTION('',(0.,0.,1.));
#458 = ORIENTED_EDGE('',*,*,#459,.F.);
#459 = EDGE_CURVE('',#400,#451,#460,.T.);
#460 = LINE('',#461,#462);
#461 = CARTESIAN_POINT('',(-0.5,-0.37,3.E-02));
#462 = VECTOR('',#463,1.);
#463 = DIRECTION('',(0.,1.,0.));
#464 = PLANE('',#465);
#465 = AXIS2_PLACEMENT_3D('',#466,#467,#468);
#466 = CARTESIAN_POINT('',(-0.5,-0.4,0.));
#467 = DIRECTION('',(1.,0.,0.));
#468 = DIRECTION('',(0.,0.,1.));
#469 = ADVANCED_FACE('',(#470),#496,.T.);
#470 = FACE_BOUND('',#471,.T.);
#471 = EDGE_LOOP('',(#472,#473,#481,#490));
#472 = ORIENTED_EDGE('',*,*,#397,.T.);
#473 = ORIENTED_EDGE('',*,*,#474,.T.);
#474 = EDGE_CURVE('',#400,#475,#477,.T.);
#475 = VERTEX_POINT('',#476);
#476 = CARTESIAN_POINT('',(0.5,-0.34,3.E-02));
#477 = LINE('',#478,#479);
#478 = CARTESIAN_POINT('',(-0.5,-0.34,3.E-02));
#479 = VECTOR('',#480,1.);
#480 = DIRECTION('',(1.,0.,0.));
#481 = ORIENTED_EDGE('',*,*,#482,.F.);
#482 = EDGE_CURVE('',#483,#475,#485,.T.);
#483 = VERTEX_POINT('',#484);
#484 = CARTESIAN_POINT('',(0.5,-0.37,6.E-02));
#485 = CIRCLE('',#486,3.E-02);
#486 = AXIS2_PLACEMENT_3D('',#487,#488,#489);
#487 = CARTESIAN_POINT('',(0.5,-0.34,6.E-02));
#488 = DIRECTION('',(1.,0.,-0.));
#489 = DIRECTION('',(0.,0.,1.));
#490 = ORIENTED_EDGE('',*,*,#491,.F.);
#491 = EDGE_CURVE('',#398,#483,#492,.T.);
#492 = LINE('',#493,#494);
#493 = CARTESIAN_POINT('',(-0.5,-0.37,6.E-02));
#494 = VECTOR('',#495,1.);
#495 = DIRECTION('',(1.,0.,0.));
#496 = CYLINDRICAL_SURFACE('',#497,3.E-02);
#497 = AXIS2_PLACEMENT_3D('',#498,#499,#500);
#498 = CARTESIAN_POINT('',(-0.5,-0.34,6.E-02));
#499 = DIRECTION('',(1.,0.,0.));
#500 = DIRECTION('',(0.,-1.,0.));
#501 = ADVANCED_FACE('',(#502),#520,.F.);
#502 = FACE_BOUND('',#503,.F.);
#503 = EDGE_LOOP('',(#504,#505,#506,#514));
#504 = ORIENTED_EDGE('',*,*,#459,.F.);
#505 = ORIENTED_EDGE('',*,*,#474,.T.);
#506 = ORIENTED_EDGE('',*,*,#507,.T.);
#507 = EDGE_CURVE('',#475,#508,#510,.T.);
#508 = VERTEX_POINT('',#509);
#509 = CARTESIAN_POINT('',(0.5,0.34,3.E-02));
#510 = LINE('',#511,#512);
#511 = CARTESIAN_POINT('',(0.5,-0.37,3.E-02));
#512 = VECTOR('',#513,1.);
#513 = DIRECTION('',(0.,1.,0.));
#514 = ORIENTED_EDGE('',*,*,#515,.F.);
#515 = EDGE_CURVE('',#451,#508,#516,.T.);
#516 = LINE('',#517,#518);
#517 = CARTESIAN_POINT('',(-0.5,0.34,3.E-02));
#518 = VECTOR('',#519,1.);
#519 = DIRECTION('',(1.,0.,0.));
#520 = PLANE('',#521);
#521 = AXIS2_PLACEMENT_3D('',#522,#523,#524);
#522 = CARTESIAN_POINT('',(-0.5,-0.37,3.E-02));
#523 = DIRECTION('',(0.,0.,1.));
#524 = DIRECTION('',(1.,0.,-0.));
#525 = ADVANCED_FACE('',(#526),#545,.T.);
#526 = FACE_BOUND('',#527,.T.);
#527 = EDGE_LOOP('',(#528,#536,#543,#544));
#528 = ORIENTED_EDGE('',*,*,#529,.T.);
#529 = EDGE_CURVE('',#443,#530,#532,.T.);
#530 = VERTEX_POINT('',#531);
#531 = CARTESIAN_POINT('',(0.5,0.37,6.E-02));
#532 = LINE('',#533,#534);
#533 = CARTESIAN_POINT('',(-0.5,0.37,6.E-02));
#534 = VECTOR('',#535,1.);
#535 = DIRECTION('',(1.,0.,0.));
#536 = ORIENTED_EDGE('',*,*,#537,.T.);
#537 = EDGE_CURVE('',#530,#508,#538,.T.);
#538 = CIRCLE('',#539,3.E-02);
#539 = AXIS2_PLACEMENT_3D('',#540,#541,#542);
#540 = CARTESIAN_POINT('',(0.5,0.34,6.E-02));
#541 = DIRECTION('',(-1.,0.,0.));
#542 = DIRECTION('',(0.,0.,1.));
#543 = ORIENTED_EDGE('',*,*,#515,.F.);
#544 = ORIENTED_EDGE('',*,*,#450,.F.);
#545 = CYLINDRICAL_SURFACE('',#546,3.E-02);
#546 = AXIS2_PLACEMENT_3D('',#547,#548,#549);
#547 = CARTESIAN_POINT('',(-0.5,0.34,6.E-02));
#548 = DIRECTION('',(1.,0.,0.));
#549 = DIRECTION('',(-0.,1.,0.));
#550 = ADVANCED_FACE('',(#551),#569,.T.);
#551 = FACE_BOUND('',#552,.T.);
#552 = EDGE_LOOP('',(#553,#561,#562,#563));
#553 = ORIENTED_EDGE('',*,*,#554,.F.);
#554 = EDGE_CURVE('',#530,#555,#557,.T.);
#555 = VERTEX_POINT('',#556);
#556 = CARTESIAN_POINT('',(0.5,0.37,0.74));
#557 = LINE('',#558,#559);
#558 = CARTESIAN_POINT('',(0.5,0.37,3.E-02));
#559 = VECTOR('',#560,1.);
#560 = DIRECTION('',(0.,0.,1.));
#561 = ORIENTED_EDGE('',*,*,#529,.F.);
#562 = ORIENTED_EDGE('',*,*,#442,.T.);
#563 = ORIENTED_EDGE('',*,*,#564,.T.);
#564 = EDGE_CURVE('',#434,#555,#565,.T.);
#565 = LINE('',#566,#567);
#566 = CARTESIAN_POINT('',(-0.5,0.37,0.74));
#567 = VECTOR('',#568,1.);
#568 = DIRECTION('',(1.,0.,0.));
#569 = PLANE('',#570);
#570 = AXIS2_PLACEMENT_3D('',#571,#572,#573);
#571 = CARTESIAN_POINT('',(-0.5,0.37,3.E-02));
#572 = DIRECTION('',(0.,1.,0.));
#573 = DIRECTION('',(0.,-0.,1.));
#574 = ADVANCED_FACE('',(#575),#594,.T.);
#575 = FACE_BOUND('',#576,.T.);
#576 = EDGE_LOOP('',(#577,#578,#586,#593));
#577 = ORIENTED_EDGE('',*,*,#433,.T.);
#578 = ORIENTED_EDGE('',*,*,#579,.T.);
#579 = EDGE_CURVE('',#426,#580,#582,.T.);
#580 = VERTEX_POINT('',#581);
#581 = CARTESIAN_POINT('',(0.5,0.34,0.77));
#582 = LINE('',#583,#584);
#583 = CARTESIAN_POINT('',(-0.5,0.34,0.77));
#584 = VECTOR('',#585,1.);
#585 = DIRECTION('',(1.,0.,0.));
#586 = ORIENTED_EDGE('',*,*,#587,.F.);
#587 = EDGE_CURVE('',#555,#580,#588,.T.);
#588 = CIRCLE('',#589,3.E-02);
#589 = AXIS2_PLACEMENT_3D('',#590,#591,#592);
#590 = CARTESIAN_POINT('',(0.5,0.34,0.74));
#591 = DIRECTION('',(1.,0.,-0.));
#592 = DIRECTION('',(0.,0.,1.));
#593 = ORIENTED_EDGE('',*,*,#564,.F.);
#594 = CYLINDRICAL_SURFACE('',#595,3.E-02);
#595 = AXIS2_PLACEMENT_3D('',#596,#597,#598);
#596 = CARTESIAN_POINT('',(-0.5,0.34,0.74));
#597 = DIRECTION('',(1.,0.,0.));
#598 = DIRECTION('',(-0.,1.,0.));
#599 = ADVANCED_FACE('',(#600),#618,.T.);
#600 = FACE_BOUND('',#601,.T.);
#601 = EDGE_LOOP('',(#602,#603,#611,#617));
#602 = ORIENTED_EDGE('',*,*,#425,.F.);
#603 = ORIENTED_EDGE('',*,*,#604,.T.);
#604 = EDGE_CURVE('',#417,#605,#607,.T.);
#605 = VERTEX_POINT('',#606);
#606 = CARTESIAN_POINT('',(0.5,-0.34,0.77));
#607 = LINE('',#608,#609);
#608 = CARTESIAN_POINT('',(-0.5,-0.34,0.77));
#609 = VECTOR('',#610,1.);
#610 = DIRECTION('',(1.,0.,0.));
#611 = ORIENTED_EDGE('',*,*,#612,.T.);
#612 = EDGE_CURVE('',#605,#580,#613,.T.);
#613 = LINE('',#614,#615);
#614 = CARTESIAN_POINT('',(0.5,-0.37,0.77));
#615 = VECTOR('',#616,1.);
#616 = DIRECTION('',(0.,1.,0.));
#617 = ORIENTED_EDGE('',*,*,#579,.F.);
#618 = PLANE('',#619);
#619 = AXIS2_PLACEMENT_3D('',#620,#621,#622);
#620 = CARTESIAN_POINT('',(-0.5,-0.37,0.77));
#621 = DIRECTION('',(0.,0.,1.));
#622 = DIRECTION('',(1.,0.,-0.));
#623 = ADVANCED_FACE('',(#624),#643,.T.);
#624 = FACE_BOUND('',#625,.T.);
#625 = EDGE_LOOP('',(#626,#634,#641,#642));
#626 = ORIENTED_EDGE('',*,*,#627,.T.);
#627 = EDGE_CURVE('',#409,#628,#630,.T.);
#628 = VERTEX_POINT('',#629);
#629 = CARTESIAN_POINT('',(0.5,-0.37,0.74));
#630 = LINE('',#631,#632);
#631 = CARTESIAN_POINT('',(-0.5,-0.37,0.74));
#632 = VECTOR('',#633,1.);
#633 = DIRECTION('',(1.,0.,0.));
#634 = ORIENTED_EDGE('',*,*,#635,.T.);
#635 = EDGE_CURVE('',#628,#605,#636,.T.);
#636 = CIRCLE('',#637,3.E-02);
#637 = AXIS2_PLACEMENT_3D('',#638,#639,#640);
#638 = CARTESIAN_POINT('',(0.5,-0.34,0.74));
#639 = DIRECTION('',(-1.,0.,0.));
#640 = DIRECTION('',(0.,0.,1.));
#641 = ORIENTED_EDGE('',*,*,#604,.F.);
#642 = ORIENTED_EDGE('',*,*,#416,.F.);
#643 = CYLINDRICAL_SURFACE('',#644,3.E-02);
#644 = AXIS2_PLACEMENT_3D('',#645,#646,#647);
#645 = CARTESIAN_POINT('',(-0.5,-0.34,0.74));
#646 = DIRECTION('',(1.,0.,0.));
#647 = DIRECTION('',(0.,-1.,0.));
#648 = ADVANCED_FACE('',(#649),#660,.F.);
#649 = FACE_BOUND('',#650,.F.);
#650 = EDGE_LOOP('',(#651,#657,#658,#659));
#651 = ORIENTED_EDGE('',*,*,#652,.F.);
#652 = EDGE_CURVE('',#483,#628,#653,.T.);
#653 = LINE('',#654,#655);
#654 = CARTESIAN_POINT('',(0.5,-0.37,3.E-02));
#655 = VECTOR('',#656,1.);
#656 = DIRECTION('',(0.,0.,1.));
#657 = ORIENTED_EDGE('',*,*,#491,.F.);
#658 = ORIENTED_EDGE('',*,*,#408,.T.);
#659 = ORIENTED_EDGE('',*,*,#627,.T.);
#660 = PLANE('',#661);
#661 = AXIS2_PLACEMENT_3D('',#662,#663,#664);
#662 = CARTESIAN_POINT('',(-0.5,-0.37,3.E-02));
#663 = DIRECTION('',(0.,1.,0.));
#664 = DIRECTION('',(0.,-0.,1.));
#665 = ADVANCED_FACE('',(#666,#736),#746,.F.);
#666 = FACE_BOUND('',#667,.F.);
#667 = EDGE_LOOP('',(#668,#678,#687,#695,#704,#712,#721,#729));
#668 = ORIENTED_EDGE('',*,*,#669,.F.);
#669 = EDGE_CURVE('',#670,#672,#674,.T.);
#670 = VERTEX_POINT('',#671);
#671 = CARTESIAN_POINT('',(0.5,-0.4,3.E-02));
#672 = VERTEX_POINT('',#673);
#673 = CARTESIAN_POINT('',(0.5,-0.4,0.77));
#674 = LINE('',#675,#676);
#675 = CARTESIAN_POINT('',(0.5,-0.4,0.));
#676 = VECTOR('',#677,1.);
#677 = DIRECTION('',(0.,0.,1.));
#678 = ORIENTED_EDGE('',*,*,#679,.T.);
#679 = EDGE_CURVE('',#670,#680,#682,.T.);
#680 = VERTEX_POINT('',#681);
#681 = CARTESIAN_POINT('',(0.5,-0.37,0.));
#682 = CIRCLE('',#683,3.E-02);
#683 = AXIS2_PLACEMENT_3D('',#684,#685,#686);
#684 = CARTESIAN_POINT('',(0.5,-0.37,3.E-02));
#685 = DIRECTION('',(1.,0.,-0.));
#686 = DIRECTION('',(0.,0.,1.));
#687 = ORIENTED_EDGE('',*,*,#688,.T.);
#688 = EDGE_CURVE('',#680,#689,#691,.T.);
#689 = VERTEX_POINT('',#690);
#690 = CARTESIAN_POINT('',(0.5,0.37,0.));
#691 = LINE('',#692,#693);
#692 = CARTESIAN_POINT('',(0.5,-0.4,0.));
#693 = VECTOR('',#694,1.);
#694 = DIRECTION('',(0.,1.,0.));
#695 = ORIENTED_EDGE('',*,*,#696,.F.);
#696 = EDGE_CURVE('',#697,#689,#699,.T.);
#697 = VERTEX_POINT('',#698);
#698 = CARTESIAN_POINT('',(0.5,0.4,3.E-02));
#699 = CIRCLE('',#700,3.E-02);
#700 = AXIS2_PLACEMENT_3D('',#701,#702,#703);
#701 = CARTESIAN_POINT('',(0.5,0.37,3.E-02));
#702 = DIRECTION('',(-1.,0.,0.));
#703 = DIRECTION('',(0.,0.,1.));
#704 = ORIENTED_EDGE('',*,*,#705,.T.);
#705 = EDGE_CURVE('',#697,#706,#708,.T.);
#706 = VERTEX_POINT('',#707);
#707 = CARTESIAN_POINT('',(0.5,0.4,0.77));
#708 = LINE('',#709,#710);
#709 = CARTESIAN_POINT('',(0.5,0.4,0.));
#710 = VECTOR('',#711,1.);
#711 = DIRECTION('',(0.,0.,1.));
#712 = ORIENTED_EDGE('',*,*,#713,.T.);
#713 = EDGE_CURVE('',#706,#714,#716,.T.);
#714 = VERTEX_POINT('',#715);
#715 = CARTESIAN_POINT('',(0.5,0.37,0.8));
#716 = CIRCLE('',#717,3.E-02);
#717 = AXIS2_PLACEMENT_3D('',#718,#719,#720);
#718 = CARTESIAN_POINT('',(0.5,0.37,0.77));
#719 = DIRECTION('',(1.,0.,-0.));
#720 = DIRECTION('',(0.,0.,1.));
#721 = ORIENTED_EDGE('',*,*,#722,.F.);
#722 = EDGE_CURVE('',#723,#714,#725,.T.);
#723 = VERTEX_POINT('',#724);
#724 = CARTESIAN_POINT('',(0.5,-0.37,0.8));
#725 = LINE('',#726,#727);
#726 = CARTESIAN_POINT('',(0.5,-0.4,0.8));
#727 = VECTOR('',#728,1.);
#728 = DIRECTION('',(0.,1.,0.));
#729 = ORIENTED_EDGE('',*,*,#730,.F.);
#730 = EDGE_CURVE('',#672,#723,#731,.T.);
#731 = CIRCLE('',#732,3.E-02);
#732 = AXIS2_PLACEMENT_3D('',#733,#734,#735);
#733 = CARTESIAN_POINT('',(0.5,-0.37,0.77));
#734 = DIRECTION('',(-1.,0.,0.));
#735 = DIRECTION('',(0.,0.,1.));
#736 = FACE_BOUND('',#737,.F.);
#737 = EDGE_LOOP('',(#738,#739,#740,#741,#742,#743,#744,#745));
#738 = ORIENTED_EDGE('',*,*,#482,.F.);
#739 = ORIENTED_EDGE('',*,*,#652,.T.);
#740 = ORIENTED_EDGE('',*,*,#635,.T.);
#741 = ORIENTED_EDGE('',*,*,#612,.T.);
#742 = ORIENTED_EDGE('',*,*,#587,.F.);
#743 = ORIENTED_EDGE('',*,*,#554,.F.);
#744 = ORIENTED_EDGE('',*,*,#537,.T.);
#745 = ORIENTED_EDGE('',*,*,#507,.F.);
#746 = PLANE('',#747);
#747 = AXIS2_PLACEMENT_3D('',#748,#749,#750);
#748 = CARTESIAN_POINT('',(0.5,-0.4,0.));
#749 = DIRECTION('',(1.,0.,0.));
#750 = DIRECTION('',(0.,0.,1.));
#751 = ADVANCED_FACE('',(#752),#777,.F.);
#752 = FACE_BOUND('',#753,.F.);
#753 = EDGE_LOOP('',(#754,#764,#770,#771));
#754 = ORIENTED_EDGE('',*,*,#755,.F.);
#755 = EDGE_CURVE('',#756,#758,#760,.T.);
#756 = VERTEX_POINT('',#757);
#757 = CARTESIAN_POINT('',(0.8,-0.4,3.E-02));
#758 = VERTEX_POINT('',#759);
#759 = CARTESIAN_POINT('',(0.8,-0.4,0.77));
#760 = LINE('',#761,#762);
#761 = CARTESIAN_POINT('',(0.8,-0.4,0.));
#762 = VECTOR('',#763,1.);
#763 = DIRECTION('',(0.,0.,1.));
#764 = ORIENTED_EDGE('',*,*,#765,.F.);
#765 = EDGE_CURVE('',#670,#756,#766,.T.);
#766 = LINE('',#767,#768);
#767 = CARTESIAN_POINT('',(0.5,-0.4,3.E-02));
#768 = VECTOR('',#769,1.);
#769 = DIRECTION('',(1.,0.,0.));
#770 = ORIENTED_EDGE('',*,*,#669,.T.);
#771 = ORIENTED_EDGE('',*,*,#772,.T.);
#772 = EDGE_CURVE('',#672,#758,#773,.T.);
#773 = LINE('',#774,#775);
#774 = CARTESIAN_POINT('',(0.5,-0.4,0.77));
#775 = VECTOR('',#776,1.);
#776 = DIRECTION('',(1.,0.,0.));
#777 = PLANE('',#778);
#778 = AXIS2_PLACEMENT_3D('',#779,#780,#781);
#779 = CARTESIAN_POINT('',(0.5,-0.4,0.));
#780 = DIRECTION('',(0.,1.,0.));
#781 = DIRECTION('',(0.,-0.,1.));
#782 = ADVANCED_FACE('',(#783),#802,.T.);
#783 = FACE_BOUND('',#784,.T.);
#784 = EDGE_LOOP('',(#785,#786,#794,#801));
#785 = ORIENTED_EDGE('',*,*,#679,.T.);
#786 = ORIENTED_EDGE('',*,*,#787,.T.);
#787 = EDGE_CURVE('',#680,#788,#790,.T.);
#788 = VERTEX_POINT('',#789);
#789 = CARTESIAN_POINT('',(0.8,-0.37,0.));
#790 = LINE('',#791,#792);
#791 = CARTESIAN_POINT('',(0.5,-0.37,0.));
#792 = VECTOR('',#793,1.);
#793 = DIRECTION('',(1.,0.,0.));
#794 = ORIENTED_EDGE('',*,*,#795,.F.);
#795 = EDGE_CURVE('',#756,#788,#796,.T.);
#796 = CIRCLE('',#797,3.E-02);
#797 = AXIS2_PLACEMENT_3D('',#798,#799,#800);
#798 = CARTESIAN_POINT('',(0.8,-0.37,3.E-02));
#799 = DIRECTION('',(1.,0.,-0.));
#800 = DIRECTION('',(0.,0.,1.));
#801 = ORIENTED_EDGE('',*,*,#765,.F.);
#802 = CYLINDRICAL_SURFACE('',#803,3.E-02);
#803 = AXIS2_PLACEMENT_3D('',#804,#805,#806);
#804 = CARTESIAN_POINT('',(0.5,-0.37,3.E-02));
#805 = DIRECTION('',(1.,0.,0.));
#806 = DIRECTION('',(0.,-1.,0.));
#807 = ADVANCED_FACE('',(#808),#827,.T.);
#808 = FACE_BOUND('',#809,.T.);
#809 = EDGE_LOOP('',(#810,#811,#820,#826));
#810 = ORIENTED_EDGE('',*,*,#772,.T.);
#811 = ORIENTED_EDGE('',*,*,#812,.T.);
#812 = EDGE_CURVE('',#758,#813,#815,.T.);
#813 = VERTEX_POINT('',#814);
#814 = CARTESIAN_POINT('',(0.8,-0.37,0.8));
#815 = CIRCLE('',#816,3.E-02);
#816 = AXIS2_PLACEMENT_3D('',#817,#818,#819);
#817 = CARTESIAN_POINT('',(0.8,-0.37,0.77));
#818 = DIRECTION('',(-1.,0.,0.));
#819 = DIRECTION('',(0.,0.,1.));
#820 = ORIENTED_EDGE('',*,*,#821,.F.);
#821 = EDGE_CURVE('',#723,#813,#822,.T.);
#822 = LINE('',#823,#824);
#823 = CARTESIAN_POINT('',(0.5,-0.37,0.8));
#824 = VECTOR('',#825,1.);
#825 = DIRECTION('',(1.,0.,0.));
#826 = ORIENTED_EDGE('',*,*,#730,.F.);
#827 = CYLINDRICAL_SURFACE('',#828,3.E-02);
#828 = AXIS2_PLACEMENT_3D('',#829,#830,#831);
#829 = CARTESIAN_POINT('',(0.5,-0.37,0.77));
#830 = DIRECTION('',(1.,0.,0.));
#831 = DIRECTION('',(0.,-1.,0.));
#832 = ADVANCED_FACE('',(#833),#851,.F.);
#833 = FACE_BOUND('',#834,.F.);
#834 = EDGE_LOOP('',(#835,#836,#837,#845));
#835 = ORIENTED_EDGE('',*,*,#688,.F.);
#836 = ORIENTED_EDGE('',*,*,#787,.T.);
#837 = ORIENTED_EDGE('',*,*,#838,.T.);
#838 = EDGE_CURVE('',#788,#839,#841,.T.);
#839 = VERTEX_POINT('',#840);
#840 = CARTESIAN_POINT('',(0.8,0.37,0.));
#841 = LINE('',#842,#843);
#842 = CARTESIAN_POINT('',(0.8,-0.4,0.));
#843 = VECTOR('',#844,1.);
#844 = DIRECTION('',(0.,1.,0.));
#845 = ORIENTED_EDGE('',*,*,#846,.F.);
#846 = EDGE_CURVE('',#689,#839,#847,.T.);
#847 = LINE('',#848,#849);
#848 = CARTESIAN_POINT('',(0.5,0.37,0.));
#849 = VECTOR('',#850,1.);
#850 = DIRECTION('',(1.,0.,0.));
#851 = PLANE('',#852);
#852 = AXIS2_PLACEMENT_3D('',#853,#854,#855);
#853 = CARTESIAN_POINT('',(0.5,-0.4,0.));
#854 = DIRECTION('',(0.,0.,1.));
#855 = DIRECTION('',(1.,0.,-0.));
#856 = ADVANCED_FACE('',(#857),#875,.T.);
#857 = FACE_BOUND('',#858,.T.);
#858 = EDGE_LOOP('',(#859,#860,#861,#869));
#859 = ORIENTED_EDGE('',*,*,#722,.F.);
#860 = ORIENTED_EDGE('',*,*,#821,.T.);
#861 = ORIENTED_EDGE('',*,*,#862,.T.);
#862 = EDGE_CURVE('',#813,#863,#865,.T.);
#863 = VERTEX_POINT('',#864);
#864 = CARTESIAN_POINT('',(0.8,0.37,0.8));
#865 = LINE('',#866,#867);
#866 = CARTESIAN_POINT('',(0.8,-0.4,0.8));
#867 = VECTOR('',#868,1.);
#868 = DIRECTION('',(0.,1.,0.));
#869 = ORIENTED_EDGE('',*,*,#870,.F.);
#870 = EDGE_CURVE('',#714,#863,#871,.T.);
#871 = LINE('',#872,#873);
#872 = CARTESIAN_POINT('',(0.5,0.37,0.8));
#873 = VECTOR('',#874,1.);
#874 = DIRECTION('',(1.,0.,0.));
#875 = PLANE('',#876);
#876 = AXIS2_PLACEMENT_3D('',#877,#878,#879);
#877 = CARTESIAN_POINT('',(0.5,-0.4,0.8));
#878 = DIRECTION('',(0.,0.,1.));
#879 = DIRECTION('',(1.,0.,-0.));
#880 = ADVANCED_FACE('',(#881),#900,.T.);
#881 = FACE_BOUND('',#882,.T.);
#882 = EDGE_LOOP('',(#883,#891,#898,#899));
#883 = ORIENTED_EDGE('',*,*,#884,.T.);
#884 = EDGE_CURVE('',#697,#885,#887,.T.);
#885 = VERTEX_POINT('',#886);
#886 = CARTESIAN_POINT('',(0.8,0.4,3.E-02));
#887 = LINE('',#888,#889);
#888 = CARTESIAN_POINT('',(0.5,0.4,3.E-02));
#889 = VECTOR('',#890,1.);
#890 = DIRECTION('',(1.,0.,0.));
#891 = ORIENTED_EDGE('',*,*,#892,.T.);
#892 = EDGE_CURVE('',#885,#839,#893,.T.);
#893 = CIRCLE('',#894,3.E-02);
#894 = AXIS2_PLACEMENT_3D('',#895,#896,#897);
#895 = CARTESIAN_POINT('',(0.8,0.37,3.E-02));
#896 = DIRECTION('',(-1.,0.,0.));
#897 = DIRECTION('',(0.,0.,1.));
#898 = ORIENTED_EDGE('',*,*,#846,.F.);
#899 = ORIENTED_EDGE('',*,*,#696,.F.);
#900 = CYLINDRICAL_SURFACE('',#901,3.E-02);
#901 = AXIS2_PLACEMENT_3D('',#902,#903,#904);
#902 = CARTESIAN_POINT('',(0.5,0.37,3.E-02));
#903 = DIRECTION('',(1.,0.,0.));
#904 = DIRECTION('',(-0.,1.,0.));
#905 = ADVANCED_FACE('',(#906),#925,.T.);
#906 = FACE_BOUND('',#907,.T.);
#907 = EDGE_LOOP('',(#908,#909,#910,#919));
#908 = ORIENTED_EDGE('',*,*,#713,.T.);
#909 = ORIENTED_EDGE('',*,*,#870,.T.);
#910 = ORIENTED_EDGE('',*,*,#911,.F.);
#911 = EDGE_CURVE('',#912,#863,#914,.T.);
#912 = VERTEX_POINT('',#913);
#913 = CARTESIAN_POINT('',(0.8,0.4,0.77));
#914 = CIRCLE('',#915,3.E-02);
#915 = AXIS2_PLACEMENT_3D('',#916,#917,#918);
#916 = CARTESIAN_POINT('',(0.8,0.37,0.77));
#917 = DIRECTION('',(1.,0.,-0.));
#918 = DIRECTION('',(0.,0.,1.));
#919 = ORIENTED_EDGE('',*,*,#920,.F.);
#920 = EDGE_CURVE('',#706,#912,#921,.T.);
#921 = LINE('',#922,#923);
#922 = CARTESIAN_POINT('',(0.5,0.4,0.77));
#923 = VECTOR('',#924,1.);
#924 = DIRECTION('',(1.,0.,0.));
#925 = CYLINDRICAL_SURFACE('',#926,3.E-02);
#926 = AXIS2_PLACEMENT_3D('',#927,#928,#929);
#927 = CARTESIAN_POINT('',(0.5,0.37,0.77));
#928 = DIRECTION('',(1.,0.,0.));
#929 = DIRECTION('',(-0.,1.,0.));
#930 = ADVANCED_FACE('',(#931),#942,.T.);
#931 = FACE_BOUND('',#932,.T.);
#932 = EDGE_LOOP('',(#933,#939,#940,#941));
#933 = ORIENTED_EDGE('',*,*,#934,.F.);
#934 = EDGE_CURVE('',#885,#912,#935,.T.);
#935 = LINE('',#936,#937);
#936 = CARTESIAN_POINT('',(0.8,0.4,0.));
#937 = VECTOR('',#938,1.);
#938 = DIRECTION('',(0.,0.,1.));
#939 = ORIENTED_EDGE('',*,*,#884,.F.);
#940 = ORIENTED_EDGE('',*,*,#705,.T.);
#941 = ORIENTED_EDGE('',*,*,#920,.T.);
#942 = PLANE('',#943);
#943 = AXIS2_PLACEMENT_3D('',#944,#945,#946);
#944 = CARTESIAN_POINT('',(0.5,0.4,0.));
#945 = DIRECTION('',(0.,1.,0.));
#946 = DIRECTION('',(0.,-0.,1.));
#947 = ADVANCED_FACE('',(#948),#958,.T.);
#948 = FACE_BOUND('',#949,.T.);
#949 = EDGE_LOOP('',(#950,#951,#952,#953,#954,#955,#956,#957));
#950 = ORIENTED_EDGE('',*,*,#755,.F.);
#951 = ORIENTED_EDGE('',*,*,#795,.T.);
#952 = ORIENTED_EDGE('',*,*,#838,.T.);
#953 = ORIENTED_EDGE('',*,*,#892,.F.);
#954 = ORIENTED_EDGE('',*,*,#934,.T.);
#955 = ORIENTED_EDGE('',*,*,#911,.T.);
#956 = ORIENTED_EDGE('',*,*,#862,.F.);
#957 = ORIENTED_EDGE('',*,*,#812,.F.);
#958 = PLANE('',#959);
#959 = AXIS2_PLACEMENT_3D('',#960,#961,#962);
#960 = CARTESIAN_POINT('',(0.8,-0.4,0.));
#961 = DIRECTION('',(1.,0.,0.));
#962 = DIRECTION('',(0.,0.,1.));
#963 = ( GEOMETRIC_REPRESENTATION_CONTEXT(3) 
GLOBAL_UNCERTAINTY_ASSIGNED_CONTEXT((#967)) GLOBAL_UNIT_ASSIGNED_CONTEXT
((#964,#965,#966)) REPRESENTATION_CONTEXT('Context #1',
  '3D Context with UNIT and UNCERTAINTY') );
#964 = ( LENGTH_UNIT() NAMED_UNIT(*) SI_UNIT(.MILLI.,.METRE.) );
#965 = ( NAMED_UNIT(*) PLANE_ANGLE_UNIT() SI_UNIT($,.RADIAN.) );
#966 = ( NAMED_UNIT(*) SI_UNIT($,.STERADIAN.) SOLID_ANGLE_UNIT() );
#967 = UNCERTAINTY_MEASURE_WITH_UNIT(LENGTH_MEASURE(1.E-07),#964,
  'distance_accuracy_value','confusion accuracy');
#968 = CONTEXT_DEPENDENT_SHAPE_REPRESENTATION(#969,#971);
#969 = ( REPRESENTATION_RELATIONSHIP('','',#108,#10) 
REPRESENTATION_RELATIONSHIP_WITH_TRANSFORMATION(#970) 
SHAPE_REPRESENTATION_RELATIONSHIP() );
#970 = ITEM_DEFINED_TRANSFORMATION('','',#11,#15);
#971 = PRODUCT_DEFINITION_SHAPE('Placement','Placement of an item',#972
  );
#972 = NEXT_ASSEMBLY_USAGE_OCCURRENCE('1','C2','',#5,#103,$);
#973 = PRODUCT_RELATED_PRODUCT_CATEGORY('part',$,(#105));
#974 = SHAPE_DEFINITION_REPRESENTATION(#975,#981);
#975 = PRODUCT_DEFINITION_SHAPE('','',#976);
#976 = PRODUCT_DEFINITION('design','',#977,#980);
#977 = PRODUCT_DEFINITION_FORMATION('','',#978);
#978 = PRODUCT('Bosch_LGA-8_2x2.5mm_P0.65mm_ClockwisePinNumbering',
  'Bosch_LGA-8_2x2.5mm_P0.65mm_ClockwisePinNumbering','',(#979));
#979 = PRODUCT_CONTEXT('',#2,'mechanical');
#980 = PRODUCT_DEFINITION_CONTEXT('part definition',#2,'design');
#981 = ADVANCED_BREP_SHAPE_REPRESENTATION('',(#11,#982),#2313);
#982 = MANIFOLD_SOLID_BREP('',#983);
#983 = CLOSED_SHELL('',(#984,#1024,#1055,#1079,#1103,#1120,#1404,#1435,
    #1459,#1483,#1500,#1531,#1555,#1579,#1596,#1627,#1651,#1675,#1692,
    #1723,#1747,#1771,#1788,#1819,#1843,#1867,#1884,#1915,#1939,#1963,
    #1980,#2011,#2035,#2059,#2076,#2107,#2131,#2155,#2172,#2195,#2207,
    #2219,#2231,#2243,#2255,#2267,#2279,#2304));
#984 = ADVANCED_FACE('',(#985),#1019,.F.);
#985 = FACE_BOUND('',#986,.F.);
#986 = EDGE_LOOP('',(#987,#997,#1005,#1013));
#987 = ORIENTED_EDGE('',*,*,#988,.T.);
#988 = EDGE_CURVE('',#989,#991,#993,.T.);
#989 = VERTEX_POINT('',#990);
#990 = CARTESIAN_POINT('',(-1.1,0.9,0.));
#991 = VERTEX_POINT('',#992);
#992 = CARTESIAN_POINT('',(-1.1,0.4,0.));
#993 = LINE('',#994,#995);
#994 = CARTESIAN_POINT('',(-1.1,0.9,0.));
#995 = VECTOR('',#996,1.);
#996 = DIRECTION('',(-4.555315873023E-16,-1.,0.));
#997 = ORIENTED_EDGE('',*,*,#998,.T.);
#998 = EDGE_CURVE('',#991,#999,#1001,.T.);
#999 = VERTEX_POINT('',#1000);
#1000 = CARTESIAN_POINT('',(-0.85,0.4,0.));
#1001 = LINE('',#1002,#1003);
#1002 = CARTESIAN_POINT('',(-1.1,0.4,0.));
#1003 = VECTOR('',#1004,1.);
#1004 = DIRECTION('',(1.,-4.555315873023E-16,0.));
#1005 = ORIENTED_EDGE('',*,*,#1006,.T.);
#1006 = EDGE_CURVE('',#999,#1007,#1009,.T.);
#1007 = VERTEX_POINT('',#1008);
#1008 = CARTESIAN_POINT('',(-0.85,0.9,0.));
#1009 = LINE('',#1010,#1011);
#1010 = CARTESIAN_POINT('',(-0.85,0.4,0.));
#1011 = VECTOR('',#1012,1.);
#1012 = DIRECTION('',(4.555315873023E-16,1.,0.));
#1013 = ORIENTED_EDGE('',*,*,#1014,.T.);
#1014 = EDGE_CURVE('',#1007,#989,#1015,.T.);
#1015 = LINE('',#1016,#1017);
#1016 = CARTESIAN_POINT('',(-0.85,0.9,0.));
#1017 = VECTOR('',#1018,1.);
#1018 = DIRECTION('',(-1.,4.555315873023E-16,0.));
#1019 = PLANE('',#1020);
#1020 = AXIS2_PLACEMENT_3D('',#1021,#1022,#1023);
#1021 = CARTESIAN_POINT('',(-0.975,0.65,0.));
#1022 = DIRECTION('',(0.,0.,1.));
#1023 = DIRECTION('',(-1.,4.555315873023E-16,0.));
#1024 = ADVANCED_FACE('',(#1025),#1050,.F.);
#1025 = FACE_BOUND('',#1026,.F.);
#1026 = EDGE_LOOP('',(#1027,#1028,#1036,#1044));
#1027 = ORIENTED_EDGE('',*,*,#988,.F.);
#1028 = ORIENTED_EDGE('',*,*,#1029,.T.);
#1029 = EDGE_CURVE('',#989,#1030,#1032,.T.);
#1030 = VERTEX_POINT('',#1031);
#1031 = CARTESIAN_POINT('',(-1.1,0.9,3.E-02));
#1032 = LINE('',#1033,#1034);
#1033 = CARTESIAN_POINT('',(-1.1,0.9,0.));
#1034 = VECTOR('',#1035,1.);
#1035 = DIRECTION('',(0.,0.,1.));
#1036 = ORIENTED_EDGE('',*,*,#1037,.F.);
#1037 = EDGE_CURVE('',#1038,#1030,#1040,.T.);
#1038 = VERTEX_POINT('',#1039);
#1039 = CARTESIAN_POINT('',(-1.1,0.4,3.E-02));
#1040 = LINE('',#1041,#1042);
#1041 = CARTESIAN_POINT('',(-1.1,0.95,3.E-02));
#1042 = VECTOR('',#1043,1.);
#1043 = DIRECTION('',(4.555315873023E-16,1.,0.));
#1044 = ORIENTED_EDGE('',*,*,#1045,.F.);
#1045 = EDGE_CURVE('',#991,#1038,#1046,.T.);
#1046 = LINE('',#1047,#1048);
#1047 = CARTESIAN_POINT('',(-1.1,0.4,0.));
#1048 = VECTOR('',#1049,1.);
#1049 = DIRECTION('',(0.,0.,1.));
#1050 = PLANE('',#1051);
#1051 = AXIS2_PLACEMENT_3D('',#1052,#1053,#1054);
#1052 = CARTESIAN_POINT('',(-1.1,0.9,0.));
#1053 = DIRECTION('',(1.,-4.555315873023E-16,0.));
#1054 = DIRECTION('',(-4.555315873023E-16,-1.,0.));
#1055 = ADVANCED_FACE('',(#1056),#1074,.F.);
#1056 = FACE_BOUND('',#1057,.F.);
#1057 = EDGE_LOOP('',(#1058,#1059,#1060,#1068));
#1058 = ORIENTED_EDGE('',*,*,#998,.F.);
#1059 = ORIENTED_EDGE('',*,*,#1045,.T.);
#1060 = ORIENTED_EDGE('',*,*,#1061,.F.);
#1061 = EDGE_CURVE('',#1062,#1038,#1064,.T.);
#1062 = VERTEX_POINT('',#1063);
#1063 = CARTESIAN_POINT('',(-0.85,0.4,3.E-02));
#1064 = LINE('',#1065,#1066);
#1065 = CARTESIAN_POINT('',(-1.175,0.4,3.E-02));
#1066 = VECTOR('',#1067,1.);
#1067 = DIRECTION('',(-1.,4.555315873023E-16,0.));
#1068 = ORIENTED_EDGE('',*,*,#1069,.F.);
#1069 = EDGE_CURVE('',#999,#1062,#1070,.T.);
#1070 = LINE('',#1071,#1072);
#1071 = CARTESIAN_POINT('',(-0.85,0.4,0.));
#1072 = VECTOR('',#1073,1.);
#1073 = DIRECTION('',(0.,0.,1.));
#1074 = PLANE('',#1075);
#1075 = AXIS2_PLACEMENT_3D('',#1076,#1077,#1078);
#1076 = CARTESIAN_POINT('',(-1.1,0.4,0.));
#1077 = DIRECTION('',(4.555315873023E-16,1.,0.));
#1078 = DIRECTION('',(1.,-4.555315873023E-16,0.));
#1079 = ADVANCED_FACE('',(#1080),#1098,.F.);
#1080 = FACE_BOUND('',#1081,.F.);
#1081 = EDGE_LOOP('',(#1082,#1083,#1084,#1092));
#1082 = ORIENTED_EDGE('',*,*,#1006,.F.);
#1083 = ORIENTED_EDGE('',*,*,#1069,.T.);
#1084 = ORIENTED_EDGE('',*,*,#1085,.F.);
#1085 = EDGE_CURVE('',#1086,#1062,#1088,.T.);
#1086 = VERTEX_POINT('',#1087);
#1087 = CARTESIAN_POINT('',(-0.85,0.9,3.E-02));
#1088 = LINE('',#1089,#1090);
#1089 = CARTESIAN_POINT('',(-0.85,0.7,3.E-02));
#1090 = VECTOR('',#1091,1.);
#1091 = DIRECTION('',(-4.555315873023E-16,-1.,0.));
#1092 = ORIENTED_EDGE('',*,*,#1093,.F.);
#1093 = EDGE_CURVE('',#1007,#1086,#1094,.T.);
#1094 = LINE('',#1095,#1096);
#1095 = CARTESIAN_POINT('',(-0.85,0.9,0.));
#1096 = VECTOR('',#1097,1.);
#1097 = DIRECTION('',(0.,0.,1.));
#1098 = PLANE('',#1099);
#1099 = AXIS2_PLACEMENT_3D('',#1100,#1101,#1102);
#1100 = CARTESIAN_POINT('',(-0.85,0.4,0.));
#1101 = DIRECTION('',(-1.,4.555315873023E-16,0.));
#1102 = DIRECTION('',(4.555315873023E-16,1.,0.));
#1103 = ADVANCED_FACE('',(#1104),#1115,.F.);
#1104 = FACE_BOUND('',#1105,.F.);
#1105 = EDGE_LOOP('',(#1106,#1107,#1108,#1114));
#1106 = ORIENTED_EDGE('',*,*,#1014,.F.);
#1107 = ORIENTED_EDGE('',*,*,#1093,.T.);
#1108 = ORIENTED_EDGE('',*,*,#1109,.F.);
#1109 = EDGE_CURVE('',#1030,#1086,#1110,.T.);
#1110 = LINE('',#1111,#1112);
#1111 = CARTESIAN_POINT('',(-1.05,0.9,3.E-02));
#1112 = VECTOR('',#1113,1.);
#1113 = DIRECTION('',(1.,-4.555315873023E-16,0.));
#1114 = ORIENTED_EDGE('',*,*,#1029,.F.);
#1115 = PLANE('',#1116);
#1116 = AXIS2_PLACEMENT_3D('',#1117,#1118,#1119);
#1117 = CARTESIAN_POINT('',(-0.85,0.9,0.));
#1118 = DIRECTION('',(-4.555315873023E-16,-1.,0.));
#1119 = DIRECTION('',(-1.,4.555315873023E-16,0.));
#1120 = ADVANCED_FACE('',(#1121,#1155,#1189,#1223,#1229,#1263,#1297,
    #1331,#1365),#1399,.F.);
#1121 = FACE_BOUND('',#1122,.F.);
#1122 = EDGE_LOOP('',(#1123,#1133,#1141,#1149));
#1123 = ORIENTED_EDGE('',*,*,#1124,.F.);
#1124 = EDGE_CURVE('',#1125,#1127,#1129,.T.);
#1125 = VERTEX_POINT('',#1126);
#1126 = CARTESIAN_POINT('',(-1.25,1.,3.E-02));
#1127 = VERTEX_POINT('',#1128);
#1128 = CARTESIAN_POINT('',(1.25,1.,3.E-02));
#1129 = LINE('',#1130,#1131);
#1130 = CARTESIAN_POINT('',(-1.25,1.,3.E-02));
#1131 = VECTOR('',#1132,1.);
#1132 = DIRECTION('',(1.,-2.22044604925E-16,0.));
#1133 = ORIENTED_EDGE('',*,*,#1134,.T.);
#1134 = EDGE_CURVE('',#1125,#1135,#1137,.T.);
#1135 = VERTEX_POINT('',#1136);
#1136 = CARTESIAN_POINT('',(-1.25,-1.,3.E-02));
#1137 = LINE('',#1138,#1139);
#1138 = CARTESIAN_POINT('',(-1.25,1.,3.E-02));
#1139 = VECTOR('',#1140,1.);
#1140 = DIRECTION('',(-2.22044604925E-16,-1.,0.));
#1141 = ORIENTED_EDGE('',*,*,#1142,.T.);
#1142 = EDGE_CURVE('',#1135,#1143,#1145,.T.);
#1143 = VERTEX_POINT('',#1144);
#1144 = CARTESIAN_POINT('',(1.25,-1.,3.E-02));
#1145 = LINE('',#1146,#1147);
#1146 = CARTESIAN_POINT('',(-1.25,-1.,3.E-02));
#1147 = VECTOR('',#1148,1.);
#1148 = DIRECTION('',(1.,-2.22044604925E-16,0.));
#1149 = ORIENTED_EDGE('',*,*,#1150,.F.);
#1150 = EDGE_CURVE('',#1127,#1143,#1151,.T.);
#1151 = LINE('',#1152,#1153);
#1152 = CARTESIAN_POINT('',(1.25,1.,3.E-02));
#1153 = VECTOR('',#1154,1.);
#1154 = DIRECTION('',(-2.22044604925E-16,-1.,0.));
#1155 = FACE_BOUND('',#1156,.F.);
#1156 = EDGE_LOOP('',(#1157,#1167,#1175,#1183));
#1157 = ORIENTED_EDGE('',*,*,#1158,.T.);
#1158 = EDGE_CURVE('',#1159,#1161,#1163,.T.);
#1159 = VERTEX_POINT('',#1160);
#1160 = CARTESIAN_POINT('',(1.1,0.4,3.E-02));
#1161 = VERTEX_POINT('',#1162);
#1162 = CARTESIAN_POINT('',(0.85,0.4,3.E-02));
#1163 = LINE('',#1164,#1165);
#1164 = CARTESIAN_POINT('',(-0.2,0.4,3.E-02));
#1165 = VECTOR('',#1166,1.);
#1166 = DIRECTION('',(-1.,4.555315873023E-16,0.));
#1167 = ORIENTED_EDGE('',*,*,#1168,.T.);
#1168 = EDGE_CURVE('',#1161,#1169,#1171,.T.);
#1169 = VERTEX_POINT('',#1170);
#1170 = CARTESIAN_POINT('',(0.85,0.9,3.E-02));
#1171 = LINE('',#1172,#1173);
#1172 = CARTESIAN_POINT('',(0.85,0.95,3.E-02));
#1173 = VECTOR('',#1174,1.);
#1174 = DIRECTION('',(4.555315873023E-16,1.,0.));
#1175 = ORIENTED_EDGE('',*,*,#1176,.T.);
#1176 = EDGE_CURVE('',#1169,#1177,#1179,.T.);
#1177 = VERTEX_POINT('',#1178);
#1178 = CARTESIAN_POINT('',(1.1,0.9,3.E-02));
#1179 = LINE('',#1180,#1181);
#1180 = CARTESIAN_POINT('',(-7.5E-02,0.9,3.E-02));
#1181 = VECTOR('',#1182,1.);
#1182 = DIRECTION('',(1.,-4.555315873023E-16,0.));
#1183 = ORIENTED_EDGE('',*,*,#1184,.T.);
#1184 = EDGE_CURVE('',#1177,#1159,#1185,.T.);
#1185 = LINE('',#1186,#1187);
#1186 = CARTESIAN_POINT('',(1.1,0.7,3.E-02));
#1187 = VECTOR('',#1188,1.);
#1188 = DIRECTION('',(-4.555315873023E-16,-1.,0.));
#1189 = FACE_BOUND('',#1190,.F.);
#1190 = EDGE_LOOP('',(#1191,#1201,#1209,#1217));
#1191 = ORIENTED_EDGE('',*,*,#1192,.T.);
#1192 = EDGE_CURVE('',#1193,#1195,#1197,.T.);
#1193 = VERTEX_POINT('',#1194);
#1194 = CARTESIAN_POINT('',(0.45,0.4,3.E-02));
#1195 = VERTEX_POINT('',#1196);
#1196 = CARTESIAN_POINT('',(0.2,0.4,3.E-02));
#1197 = LINE('',#1198,#1199);
#1198 = CARTESIAN_POINT('',(-0.525,0.4,3.E-02));
#1199 = VECTOR('',#1200,1.);
#1200 = DIRECTION('',(-1.,4.555315873023E-16,0.));
#1201 = ORIENTED_EDGE('',*,*,#1202,.T.);
#1202 = EDGE_CURVE('',#1195,#1203,#1205,.T.);
#1203 = VERTEX_POINT('',#1204);
#1204 = CARTESIAN_POINT('',(0.2,0.9,3.E-02));
#1205 = LINE('',#1206,#1207);
#1206 = CARTESIAN_POINT('',(0.2,0.95,3.E-02));
#1207 = VECTOR('',#1208,1.);
#1208 = DIRECTION('',(4.555315873023E-16,1.,0.));
#1209 = ORIENTED_EDGE('',*,*,#1210,.T.);
#1210 = EDGE_CURVE('',#1203,#1211,#1213,.T.);
#1211 = VERTEX_POINT('',#1212);
#1212 = CARTESIAN_POINT('',(0.45,0.9,3.E-02));
#1213 = LINE('',#1214,#1215);
#1214 = CARTESIAN_POINT('',(-0.4,0.9,3.E-02));
#1215 = VECTOR('',#1216,1.);
#1216 = DIRECTION('',(1.,-4.555315873023E-16,0.));
#1217 = ORIENTED_EDGE('',*,*,#1218,.T.);
#1218 = EDGE_CURVE('',#1211,#1193,#1219,.T.);
#1219 = LINE('',#1220,#1221);
#1220 = CARTESIAN_POINT('',(0.45,0.7,3.E-02));
#1221 = VECTOR('',#1222,1.);
#1222 = DIRECTION('',(-4.555315873023E-16,-1.,0.));
#1223 = FACE_BOUND('',#1224,.F.);
#1224 = EDGE_LOOP('',(#1225,#1226,#1227,#1228));
#1225 = ORIENTED_EDGE('',*,*,#1085,.T.);
#1226 = ORIENTED_EDGE('',*,*,#1061,.T.);
#1227 = ORIENTED_EDGE('',*,*,#1037,.T.);
#1228 = ORIENTED_EDGE('',*,*,#1109,.T.);
#1229 = FACE_BOUND('',#1230,.F.);
#1230 = EDGE_LOOP('',(#1231,#1241,#1249,#1257));
#1231 = ORIENTED_EDGE('',*,*,#1232,.T.);
#1232 = EDGE_CURVE('',#1233,#1235,#1237,.T.);
#1233 = VERTEX_POINT('',#1234);
#1234 = CARTESIAN_POINT('',(-0.45,0.9,3.E-02));
#1235 = VERTEX_POINT('',#1236);
#1236 = CARTESIAN_POINT('',(-0.2,0.9,3.E-02));
#1237 = LINE('',#1238,#1239);
#1238 = CARTESIAN_POINT('',(-0.725,0.9,3.E-02));
#1239 = VECTOR('',#1240,1.);
#1240 = DIRECTION('',(1.,-4.555315873023E-16,0.));
#1241 = ORIENTED_EDGE('',*,*,#1242,.T.);
#1242 = EDGE_CURVE('',#1235,#1243,#1245,.T.);
#1243 = VERTEX_POINT('',#1244);
#1244 = CARTESIAN_POINT('',(-0.2,0.4,3.E-02));
#1245 = LINE('',#1246,#1247);
#1246 = CARTESIAN_POINT('',(-0.2,0.7,3.E-02));
#1247 = VECTOR('',#1248,1.);
#1248 = DIRECTION('',(-4.555315873023E-16,-1.,0.));
#1249 = ORIENTED_EDGE('',*,*,#1250,.T.);
#1250 = EDGE_CURVE('',#1243,#1251,#1253,.T.);
#1251 = VERTEX_POINT('',#1252);
#1252 = CARTESIAN_POINT('',(-0.45,0.4,3.E-02));
#1253 = LINE('',#1254,#1255);
#1254 = CARTESIAN_POINT('',(-0.85,0.4,3.E-02));
#1255 = VECTOR('',#1256,1.);
#1256 = DIRECTION('',(-1.,4.555315873023E-16,0.));
#1257 = ORIENTED_EDGE('',*,*,#1258,.T.);
#1258 = EDGE_CURVE('',#1251,#1233,#1259,.T.);
#1259 = LINE('',#1260,#1261);
#1260 = CARTESIAN_POINT('',(-0.45,0.95,3.E-02));
#1261 = VECTOR('',#1262,1.);
#1262 = DIRECTION('',(4.555315873023E-16,1.,0.));
#1263 = FACE_BOUND('',#1264,.F.);
#1264 = EDGE_LOOP('',(#1265,#1275,#1283,#1291));
#1265 = ORIENTED_EDGE('',*,*,#1266,.T.);
#1266 = EDGE_CURVE('',#1267,#1269,#1271,.T.);
#1267 = VERTEX_POINT('',#1268);
#1268 = CARTESIAN_POINT('',(-0.45,-0.9,3.E-02));
#1269 = VERTEX_POINT('',#1270);
#1270 = CARTESIAN_POINT('',(-0.45,-0.4,3.E-02));
#1271 = LINE('',#1272,#1273);
#1272 = CARTESIAN_POINT('',(-0.45,0.3,3.E-02));
#1273 = VECTOR('',#1274,1.);
#1274 = DIRECTION('',(5.665538897648E-16,1.,0.));
#1275 = ORIENTED_EDGE('',*,*,#1276,.T.);
#1276 = EDGE_CURVE('',#1269,#1277,#1279,.T.);
#1277 = VERTEX_POINT('',#1278);
#1278 = CARTESIAN_POINT('',(-0.2,-0.4,3.E-02));
#1279 = LINE('',#1280,#1281);
#1280 = CARTESIAN_POINT('',(-0.725,-0.4,3.E-02));
#1281 = VECTOR('',#1282,1.);
#1282 = DIRECTION('',(1.,-5.665538897648E-16,0.));
#1283 = ORIENTED_EDGE('',*,*,#1284,.T.);
#1284 = EDGE_CURVE('',#1277,#1285,#1287,.T.);
#1285 = VERTEX_POINT('',#1286);
#1286 = CARTESIAN_POINT('',(-0.2,-0.9,3.E-02));
#1287 = LINE('',#1288,#1289);
#1288 = CARTESIAN_POINT('',(-0.2,5.E-02,3.E-02));
#1289 = VECTOR('',#1290,1.);
#1290 = DIRECTION('',(-5.665538897648E-16,-1.,0.));
#1291 = ORIENTED_EDGE('',*,*,#1292,.T.);
#1292 = EDGE_CURVE('',#1285,#1267,#1293,.T.);
#1293 = LINE('',#1294,#1295);
#1294 = CARTESIAN_POINT('',(-0.85,-0.9,3.E-02));
#1295 = VECTOR('',#1296,1.);
#1296 = DIRECTION('',(-1.,5.665538897648E-16,0.));
#1297 = FACE_BOUND('',#1298,.F.);
#1298 = EDGE_LOOP('',(#1299,#1309,#1317,#1325));
#1299 = ORIENTED_EDGE('',*,*,#1300,.T.);
#1300 = EDGE_CURVE('',#1301,#1303,#1305,.T.);
#1301 = VERTEX_POINT('',#1302);
#1302 = CARTESIAN_POINT('',(0.45,-0.4,3.E-02));
#1303 = VERTEX_POINT('',#1304);
#1304 = CARTESIAN_POINT('',(0.45,-0.9,3.E-02));
#1305 = LINE('',#1306,#1307);
#1306 = CARTESIAN_POINT('',(0.45,5.E-02,3.E-02));
#1307 = VECTOR('',#1308,1.);
#1308 = DIRECTION('',(-5.665538897648E-16,-1.,0.));
#1309 = ORIENTED_EDGE('',*,*,#1310,.T.);
#1310 = EDGE_CURVE('',#1303,#1311,#1313,.T.);
#1311 = VERTEX_POINT('',#1312);
#1312 = CARTESIAN_POINT('',(0.2,-0.9,3.E-02));
#1313 = LINE('',#1314,#1315);
#1314 = CARTESIAN_POINT('',(-0.525,-0.9,3.E-02));
#1315 = VECTOR('',#1316,1.);
#1316 = DIRECTION('',(-1.,5.665538897648E-16,0.));
#1317 = ORIENTED_EDGE('',*,*,#1318,.T.);
#1318 = EDGE_CURVE('',#1311,#1319,#1321,.T.);
#1319 = VERTEX_POINT('',#1320);
#1320 = CARTESIAN_POINT('',(0.2,-0.4,3.E-02));
#1321 = LINE('',#1322,#1323);
#1322 = CARTESIAN_POINT('',(0.2,0.3,3.E-02));
#1323 = VECTOR('',#1324,1.);
#1324 = DIRECTION('',(5.665538897648E-16,1.,0.));
#1325 = ORIENTED_EDGE('',*,*,#1326,.T.);
#1326 = EDGE_CURVE('',#1319,#1301,#1327,.T.);
#1327 = LINE('',#1328,#1329);
#1328 = CARTESIAN_POINT('',(-0.4,-0.4,3.E-02));
#1329 = VECTOR('',#1330,1.);
#1330 = DIRECTION('',(1.,-5.665538897648E-16,0.));
#1331 = FACE_BOUND('',#1332,.F.);
#1332 = EDGE_LOOP('',(#1333,#1343,#1351,#1359));
#1333 = ORIENTED_EDGE('',*,*,#1334,.T.);
#1334 = EDGE_CURVE('',#1335,#1337,#1339,.T.);
#1335 = VERTEX_POINT('',#1336);
#1336 = CARTESIAN_POINT('',(1.1,-0.9,3.E-02));
#1337 = VERTEX_POINT('',#1338);
#1338 = CARTESIAN_POINT('',(0.85,-0.9,3.E-02));
#1339 = LINE('',#1340,#1341);
#1340 = CARTESIAN_POINT('',(-0.2,-0.9,3.E-02));
#1341 = VECTOR('',#1342,1.);
#1342 = DIRECTION('',(-1.,5.665538897648E-16,0.));
#1343 = ORIENTED_EDGE('',*,*,#1344,.T.);
#1344 = EDGE_CURVE('',#1337,#1345,#1347,.T.);
#1345 = VERTEX_POINT('',#1346);
#1346 = CARTESIAN_POINT('',(0.85,-0.4,3.E-02));
#1347 = LINE('',#1348,#1349);
#1348 = CARTESIAN_POINT('',(0.85,0.3,3.E-02));
#1349 = VECTOR('',#1350,1.);
#1350 = DIRECTION('',(5.665538897648E-16,1.,0.));
#1351 = ORIENTED_EDGE('',*,*,#1352,.T.);
#1352 = EDGE_CURVE('',#1345,#1353,#1355,.T.);
#1353 = VERTEX_POINT('',#1354);
#1354 = CARTESIAN_POINT('',(1.1,-0.4,3.E-02));
#1355 = LINE('',#1356,#1357);
#1356 = CARTESIAN_POINT('',(-7.5E-02,-0.4,3.E-02));
#1357 = VECTOR('',#1358,1.);
#1358 = DIRECTION('',(1.,-5.665538897648E-16,0.));
#1359 = ORIENTED_EDGE('',*,*,#1360,.T.);
#1360 = EDGE_CURVE('',#1353,#1335,#1361,.T.);
#1361 = LINE('',#1362,#1363);
#1362 = CARTESIAN_POINT('',(1.1,5.E-02,3.E-02));
#1363 = VECTOR('',#1364,1.);
#1364 = DIRECTION('',(-5.665538897648E-16,-1.,0.));
#1365 = FACE_BOUND('',#1366,.F.);
#1366 = EDGE_LOOP('',(#1367,#1377,#1385,#1393));
#1367 = ORIENTED_EDGE('',*,*,#1368,.T.);
#1368 = EDGE_CURVE('',#1369,#1371,#1373,.T.);
#1369 = VERTEX_POINT('',#1370);
#1370 = CARTESIAN_POINT('',(-0.85,-0.4,3.E-02));
#1371 = VERTEX_POINT('',#1372);
#1372 = CARTESIAN_POINT('',(-0.85,-0.9,3.E-02));
#1373 = LINE('',#1374,#1375);
#1374 = CARTESIAN_POINT('',(-0.85,5.E-02,3.E-02));
#1375 = VECTOR('',#1376,1.);
#1376 = DIRECTION('',(-5.665538897648E-16,-1.,0.));
#1377 = ORIENTED_EDGE('',*,*,#1378,.T.);
#1378 = EDGE_CURVE('',#1371,#1379,#1381,.T.);
#1379 = VERTEX_POINT('',#1380);
#1380 = CARTESIAN_POINT('',(-1.1,-0.9,3.E-02));
#1381 = LINE('',#1382,#1383);
#1382 = CARTESIAN_POINT('',(-1.175,-0.9,3.E-02));
#1383 = VECTOR('',#1384,1.);
#1384 = DIRECTION('',(-1.,5.665538897648E-16,0.));
#1385 = ORIENTED_EDGE('',*,*,#1386,.T.);
#1386 = EDGE_CURVE('',#1379,#1387,#1389,.T.);
#1387 = VERTEX_POINT('',#1388);
#1388 = CARTESIAN_POINT('',(-1.1,-0.4,3.E-02));
#1389 = LINE('',#1390,#1391);
#1390 = CARTESIAN_POINT('',(-1.1,0.3,3.E-02));
#1391 = VECTOR('',#1392,1.);
#1392 = DIRECTION('',(5.665538897648E-16,1.,0.));
#1393 = ORIENTED_EDGE('',*,*,#1394,.T.);
#1394 = EDGE_CURVE('',#1387,#1369,#1395,.T.);
#1395 = LINE('',#1396,#1397);
#1396 = CARTESIAN_POINT('',(-1.05,-0.4,3.E-02));
#1397 = VECTOR('',#1398,1.);
#1398 = DIRECTION('',(1.,-5.665538897648E-16,0.));
#1399 = PLANE('',#1400);
#1400 = AXIS2_PLACEMENT_3D('',#1401,#1402,#1403);
#1401 = CARTESIAN_POINT('',(-1.25,1.,3.E-02));
#1402 = DIRECTION('',(0.,0.,1.));
#1403 = DIRECTION('',(-2.22044604925E-16,-1.,0.));
#1404 = ADVANCED_FACE('',(#1405),#1430,.F.);
#1405 = FACE_BOUND('',#1406,.F.);
#1406 = EDGE_LOOP('',(#1407,#1415,#1416,#1424));
#1407 = ORIENTED_EDGE('',*,*,#1408,.F.);
#1408 = EDGE_CURVE('',#1125,#1409,#1411,.T.);
#1409 = VERTEX_POINT('',#1410);
#1410 = CARTESIAN_POINT('',(-1.25,1.,0.78));
#1411 = LINE('',#1412,#1413);
#1412 = CARTESIAN_POINT('',(-1.25,1.,3.E-02));
#1413 = VECTOR('',#1414,1.);
#1414 = DIRECTION('',(0.,0.,1.));
#1415 = ORIENTED_EDGE('',*,*,#1124,.T.);
#1416 = ORIENTED_EDGE('',*,*,#1417,.T.);
#1417 = EDGE_CURVE('',#1127,#1418,#1420,.T.);
#1418 = VERTEX_POINT('',#1419);
#1419 = CARTESIAN_POINT('',(1.25,1.,0.78));
#1420 = LINE('',#1421,#1422);
#1421 = CARTESIAN_POINT('',(1.25,1.,3.E-02));
#1422 = VECTOR('',#1423,1.);
#1423 = DIRECTION('',(0.,0.,1.));
#1424 = ORIENTED_EDGE('',*,*,#1425,.F.);
#1425 = EDGE_CURVE('',#1409,#1418,#1426,.T.);
#1426 = LINE('',#1427,#1428);
#1427 = CARTESIAN_POINT('',(-1.25,1.,0.78));
#1428 = VECTOR('',#1429,1.);
#1429 = DIRECTION('',(1.,-2.22044604925E-16,0.));
#1430 = PLANE('',#1431);
#1431 = AXIS2_PLACEMENT_3D('',#1432,#1433,#1434);
#1432 = CARTESIAN_POINT('',(-1.25,1.,3.E-02));
#1433 = DIRECTION('',(-2.22044604925E-16,-1.,0.));
#1434 = DIRECTION('',(0.,0.,1.));
#1435 = ADVANCED_FACE('',(#1436),#1454,.T.);
#1436 = FACE_BOUND('',#1437,.T.);
#1437 = EDGE_LOOP('',(#1438,#1439,#1440,#1448));
#1438 = ORIENTED_EDGE('',*,*,#1150,.F.);
#1439 = ORIENTED_EDGE('',*,*,#1417,.T.);
#1440 = ORIENTED_EDGE('',*,*,#1441,.T.);
#1441 = EDGE_CURVE('',#1418,#1442,#1444,.T.);
#1442 = VERTEX_POINT('',#1443);
#1443 = CARTESIAN_POINT('',(1.25,-1.,0.78));
#1444 = LINE('',#1445,#1446);
#1445 = CARTESIAN_POINT('',(1.25,1.,0.78));
#1446 = VECTOR('',#1447,1.);
#1447 = DIRECTION('',(-2.22044604925E-16,-1.,0.));
#1448 = ORIENTED_EDGE('',*,*,#1449,.F.);
#1449 = EDGE_CURVE('',#1143,#1442,#1450,.T.);
#1450 = LINE('',#1451,#1452);
#1451 = CARTESIAN_POINT('',(1.25,-1.,3.E-02));
#1452 = VECTOR('',#1453,1.);
#1453 = DIRECTION('',(0.,0.,1.));
#1454 = PLANE('',#1455);
#1455 = AXIS2_PLACEMENT_3D('',#1456,#1457,#1458);
#1456 = CARTESIAN_POINT('',(1.25,1.,3.E-02));
#1457 = DIRECTION('',(1.,-2.22044604925E-16,0.));
#1458 = DIRECTION('',(0.,0.,1.));
#1459 = ADVANCED_FACE('',(#1460),#1478,.F.);
#1460 = FACE_BOUND('',#1461,.F.);
#1461 = EDGE_LOOP('',(#1462,#1463,#1464,#1472));
#1462 = ORIENTED_EDGE('',*,*,#1134,.F.);
#1463 = ORIENTED_EDGE('',*,*,#1408,.T.);
#1464 = ORIENTED_EDGE('',*,*,#1465,.T.);
#1465 = EDGE_CURVE('',#1409,#1466,#1468,.T.);
#1466 = VERTEX_POINT('',#1467);
#1467 = CARTESIAN_POINT('',(-1.25,-1.,0.78));
#1468 = LINE('',#1469,#1470);
#1469 = CARTESIAN_POINT('',(-1.25,1.,0.78));
#1470 = VECTOR('',#1471,1.);
#1471 = DIRECTION('',(-2.22044604925E-16,-1.,0.));
#1472 = ORIENTED_EDGE('',*,*,#1473,.F.);
#1473 = EDGE_CURVE('',#1135,#1466,#1474,.T.);
#1474 = LINE('',#1475,#1476);
#1475 = CARTESIAN_POINT('',(-1.25,-1.,3.E-02));
#1476 = VECTOR('',#1477,1.);
#1477 = DIRECTION('',(0.,0.,1.));
#1478 = PLANE('',#1479);
#1479 = AXIS2_PLACEMENT_3D('',#1480,#1481,#1482);
#1480 = CARTESIAN_POINT('',(-1.25,1.,3.E-02));
#1481 = DIRECTION('',(1.,-2.22044604925E-16,0.));
#1482 = DIRECTION('',(0.,0.,1.));
#1483 = ADVANCED_FACE('',(#1484),#1495,.T.);
#1484 = FACE_BOUND('',#1485,.T.);
#1485 = EDGE_LOOP('',(#1486,#1487,#1488,#1489));
#1486 = ORIENTED_EDGE('',*,*,#1473,.F.);
#1487 = ORIENTED_EDGE('',*,*,#1142,.T.);
#1488 = ORIENTED_EDGE('',*,*,#1449,.T.);
#1489 = ORIENTED_EDGE('',*,*,#1490,.F.);
#1490 = EDGE_CURVE('',#1466,#1442,#1491,.T.);
#1491 = LINE('',#1492,#1493);
#1492 = CARTESIAN_POINT('',(-1.25,-1.,0.78));
#1493 = VECTOR('',#1494,1.);
#1494 = DIRECTION('',(1.,-2.22044604925E-16,0.));
#1495 = PLANE('',#1496);
#1496 = AXIS2_PLACEMENT_3D('',#1497,#1498,#1499);
#1497 = CARTESIAN_POINT('',(-1.25,-1.,3.E-02));
#1498 = DIRECTION('',(-2.22044604925E-16,-1.,0.));
#1499 = DIRECTION('',(0.,0.,1.));
#1500 = ADVANCED_FACE('',(#1501),#1526,.F.);
#1501 = FACE_BOUND('',#1502,.F.);
#1502 = EDGE_LOOP('',(#1503,#1513,#1519,#1520));
#1503 = ORIENTED_EDGE('',*,*,#1504,.F.);
#1504 = EDGE_CURVE('',#1505,#1507,#1509,.T.);
#1505 = VERTEX_POINT('',#1506);
#1506 = CARTESIAN_POINT('',(0.85,0.4,0.));
#1507 = VERTEX_POINT('',#1508);
#1508 = CARTESIAN_POINT('',(1.1,0.4,0.));
#1509 = LINE('',#1510,#1511);
#1510 = CARTESIAN_POINT('',(0.85,0.4,0.));
#1511 = VECTOR('',#1512,1.);
#1512 = DIRECTION('',(1.,-4.555315873023E-16,0.));
#1513 = ORIENTED_EDGE('',*,*,#1514,.T.);
#1514 = EDGE_CURVE('',#1505,#1161,#1515,.T.);
#1515 = LINE('',#1516,#1517);
#1516 = CARTESIAN_POINT('',(0.85,0.4,0.));
#1517 = VECTOR('',#1518,1.);
#1518 = DIRECTION('',(0.,0.,1.));
#1519 = ORIENTED_EDGE('',*,*,#1158,.F.);
#1520 = ORIENTED_EDGE('',*,*,#1521,.F.);
#1521 = EDGE_CURVE('',#1507,#1159,#1522,.T.);
#1522 = LINE('',#1523,#1524);
#1523 = CARTESIAN_POINT('',(1.1,0.4,0.));
#1524 = VECTOR('',#1525,1.);
#1525 = DIRECTION('',(0.,0.,1.));
#1526 = PLANE('',#1527);
#1527 = AXIS2_PLACEMENT_3D('',#1528,#1529,#1530);
#1528 = CARTESIAN_POINT('',(0.85,0.4,0.));
#1529 = DIRECTION('',(4.555315873023E-16,1.,0.));
#1530 = DIRECTION('',(1.,-4.555315873023E-16,0.));
#1531 = ADVANCED_FACE('',(#1532),#1550,.F.);
#1532 = FACE_BOUND('',#1533,.F.);
#1533 = EDGE_LOOP('',(#1534,#1542,#1543,#1544));
#1534 = ORIENTED_EDGE('',*,*,#1535,.F.);
#1535 = EDGE_CURVE('',#1507,#1536,#1538,.T.);
#1536 = VERTEX_POINT('',#1537);
#1537 = CARTESIAN_POINT('',(1.1,0.9,0.));
#1538 = LINE('',#1539,#1540);
#1539 = CARTESIAN_POINT('',(1.1,0.4,0.));
#1540 = VECTOR('',#1541,1.);
#1541 = DIRECTION('',(4.555315873023E-16,1.,0.));
#1542 = ORIENTED_EDGE('',*,*,#1521,.T.);
#1543 = ORIENTED_EDGE('',*,*,#1184,.F.);
#1544 = ORIENTED_EDGE('',*,*,#1545,.F.);
#1545 = EDGE_CURVE('',#1536,#1177,#1546,.T.);
#1546 = LINE('',#1547,#1548);
#1547 = CARTESIAN_POINT('',(1.1,0.9,0.));
#1548 = VECTOR('',#1549,1.);
#1549 = DIRECTION('',(0.,0.,1.));
#1550 = PLANE('',#1551);
#1551 = AXIS2_PLACEMENT_3D('',#1552,#1553,#1554);
#1552 = CARTESIAN_POINT('',(1.1,0.4,0.));
#1553 = DIRECTION('',(-1.,4.555315873023E-16,0.));
#1554 = DIRECTION('',(4.555315873023E-16,1.,0.));
#1555 = ADVANCED_FACE('',(#1556),#1574,.F.);
#1556 = FACE_BOUND('',#1557,.F.);
#1557 = EDGE_LOOP('',(#1558,#1566,#1572,#1573));
#1558 = ORIENTED_EDGE('',*,*,#1559,.F.);
#1559 = EDGE_CURVE('',#1560,#1505,#1562,.T.);
#1560 = VERTEX_POINT('',#1561);
#1561 = CARTESIAN_POINT('',(0.85,0.9,0.));
#1562 = LINE('',#1563,#1564);
#1563 = CARTESIAN_POINT('',(0.85,0.9,0.));
#1564 = VECTOR('',#1565,1.);
#1565 = DIRECTION('',(-4.555315873023E-16,-1.,0.));
#1566 = ORIENTED_EDGE('',*,*,#1567,.T.);
#1567 = EDGE_CURVE('',#1560,#1169,#1568,.T.);
#1568 = LINE('',#1569,#1570);
#1569 = CARTESIAN_POINT('',(0.85,0.9,0.));
#1570 = VECTOR('',#1571,1.);
#1571 = DIRECTION('',(0.,0.,1.));
#1572 = ORIENTED_EDGE('',*,*,#1168,.F.);
#1573 = ORIENTED_EDGE('',*,*,#1514,.F.);
#1574 = PLANE('',#1575);
#1575 = AXIS2_PLACEMENT_3D('',#1576,#1577,#1578);
#1576 = CARTESIAN_POINT('',(0.85,0.9,0.));
#1577 = DIRECTION('',(1.,-4.555315873023E-16,0.));
#1578 = DIRECTION('',(-4.555315873023E-16,-1.,0.));
#1579 = ADVANCED_FACE('',(#1580),#1591,.F.);
#1580 = FACE_BOUND('',#1581,.F.);
#1581 = EDGE_LOOP('',(#1582,#1588,#1589,#1590));
#1582 = ORIENTED_EDGE('',*,*,#1583,.F.);
#1583 = EDGE_CURVE('',#1536,#1560,#1584,.T.);
#1584 = LINE('',#1585,#1586);
#1585 = CARTESIAN_POINT('',(1.1,0.9,0.));
#1586 = VECTOR('',#1587,1.);
#1587 = DIRECTION('',(-1.,4.555315873023E-16,0.));
#1588 = ORIENTED_EDGE('',*,*,#1545,.T.);
#1589 = ORIENTED_EDGE('',*,*,#1176,.F.);
#1590 = ORIENTED_EDGE('',*,*,#1567,.F.);
#1591 = PLANE('',#1592);
#1592 = AXIS2_PLACEMENT_3D('',#1593,#1594,#1595);
#1593 = CARTESIAN_POINT('',(1.1,0.9,0.));
#1594 = DIRECTION('',(-4.555315873023E-16,-1.,0.));
#1595 = DIRECTION('',(-1.,4.555315873023E-16,0.));
#1596 = ADVANCED_FACE('',(#1597),#1622,.F.);
#1597 = FACE_BOUND('',#1598,.F.);
#1598 = EDGE_LOOP('',(#1599,#1609,#1615,#1616));
#1599 = ORIENTED_EDGE('',*,*,#1600,.F.);
#1600 = EDGE_CURVE('',#1601,#1603,#1605,.T.);
#1601 = VERTEX_POINT('',#1602);
#1602 = CARTESIAN_POINT('',(0.2,0.4,0.));
#1603 = VERTEX_POINT('',#1604);
#1604 = CARTESIAN_POINT('',(0.45,0.4,0.));
#1605 = LINE('',#1606,#1607);
#1606 = CARTESIAN_POINT('',(0.2,0.4,0.));
#1607 = VECTOR('',#1608,1.);
#1608 = DIRECTION('',(1.,-4.555315873023E-16,0.));
#1609 = ORIENTED_EDGE('',*,*,#1610,.T.);
#1610 = EDGE_CURVE('',#1601,#1195,#1611,.T.);
#1611 = LINE('',#1612,#1613);
#1612 = CARTESIAN_POINT('',(0.2,0.4,0.));
#1613 = VECTOR('',#1614,1.);
#1614 = DIRECTION('',(0.,0.,1.));
#1615 = ORIENTED_EDGE('',*,*,#1192,.F.);
#1616 = ORIENTED_EDGE('',*,*,#1617,.F.);
#1617 = EDGE_CURVE('',#1603,#1193,#1618,.T.);
#1618 = LINE('',#1619,#1620);
#1619 = CARTESIAN_POINT('',(0.45,0.4,0.));
#1620 = VECTOR('',#1621,1.);
#1621 = DIRECTION('',(0.,0.,1.));
#1622 = PLANE('',#1623);
#1623 = AXIS2_PLACEMENT_3D('',#1624,#1625,#1626);
#1624 = CARTESIAN_POINT('',(0.2,0.4,0.));
#1625 = DIRECTION('',(4.555315873023E-16,1.,0.));
#1626 = DIRECTION('',(1.,-4.555315873023E-16,0.));
#1627 = ADVANCED_FACE('',(#1628),#1646,.F.);
#1628 = FACE_BOUND('',#1629,.F.);
#1629 = EDGE_LOOP('',(#1630,#1638,#1639,#1640));
#1630 = ORIENTED_EDGE('',*,*,#1631,.F.);
#1631 = EDGE_CURVE('',#1603,#1632,#1634,.T.);
#1632 = VERTEX_POINT('',#1633);
#1633 = CARTESIAN_POINT('',(0.45,0.9,0.));
#1634 = LINE('',#1635,#1636);
#1635 = CARTESIAN_POINT('',(0.45,0.4,0.));
#1636 = VECTOR('',#1637,1.);
#1637 = DIRECTION('',(4.555315873023E-16,1.,0.));
#1638 = ORIENTED_EDGE('',*,*,#1617,.T.);
#1639 = ORIENTED_EDGE('',*,*,#1218,.F.);
#1640 = ORIENTED_EDGE('',*,*,#1641,.F.);
#1641 = EDGE_CURVE('',#1632,#1211,#1642,.T.);
#1642 = LINE('',#1643,#1644);
#1643 = CARTESIAN_POINT('',(0.45,0.9,0.));
#1644 = VECTOR('',#1645,1.);
#1645 = DIRECTION('',(0.,0.,1.));
#1646 = PLANE('',#1647);
#1647 = AXIS2_PLACEMENT_3D('',#1648,#1649,#1650);
#1648 = CARTESIAN_POINT('',(0.45,0.4,0.));
#1649 = DIRECTION('',(-1.,4.555315873023E-16,0.));
#1650 = DIRECTION('',(4.555315873023E-16,1.,0.));
#1651 = ADVANCED_FACE('',(#1652),#1670,.F.);
#1652 = FACE_BOUND('',#1653,.F.);
#1653 = EDGE_LOOP('',(#1654,#1662,#1668,#1669));
#1654 = ORIENTED_EDGE('',*,*,#1655,.F.);
#1655 = EDGE_CURVE('',#1656,#1601,#1658,.T.);
#1656 = VERTEX_POINT('',#1657);
#1657 = CARTESIAN_POINT('',(0.2,0.9,0.));
#1658 = LINE('',#1659,#1660);
#1659 = CARTESIAN_POINT('',(0.2,0.9,0.));
#1660 = VECTOR('',#1661,1.);
#1661 = DIRECTION('',(-4.555315873023E-16,-1.,0.));
#1662 = ORIENTED_EDGE('',*,*,#1663,.T.);
#1663 = EDGE_CURVE('',#1656,#1203,#1664,.T.);
#1664 = LINE('',#1665,#1666);
#1665 = CARTESIAN_POINT('',(0.2,0.9,0.));
#1666 = VECTOR('',#1667,1.);
#1667 = DIRECTION('',(0.,0.,1.));
#1668 = ORIENTED_EDGE('',*,*,#1202,.F.);
#1669 = ORIENTED_EDGE('',*,*,#1610,.F.);
#1670 = PLANE('',#1671);
#1671 = AXIS2_PLACEMENT_3D('',#1672,#1673,#1674);
#1672 = CARTESIAN_POINT('',(0.2,0.9,0.));
#1673 = DIRECTION('',(1.,-4.555315873023E-16,0.));
#1674 = DIRECTION('',(-4.555315873023E-16,-1.,0.));
#1675 = ADVANCED_FACE('',(#1676),#1687,.F.);
#1676 = FACE_BOUND('',#1677,.F.);
#1677 = EDGE_LOOP('',(#1678,#1684,#1685,#1686));
#1678 = ORIENTED_EDGE('',*,*,#1679,.F.);
#1679 = EDGE_CURVE('',#1632,#1656,#1680,.T.);
#1680 = LINE('',#1681,#1682);
#1681 = CARTESIAN_POINT('',(0.45,0.9,0.));
#1682 = VECTOR('',#1683,1.);
#1683 = DIRECTION('',(-1.,4.555315873023E-16,0.));
#1684 = ORIENTED_EDGE('',*,*,#1641,.T.);
#1685 = ORIENTED_EDGE('',*,*,#1210,.F.);
#1686 = ORIENTED_EDGE('',*,*,#1663,.F.);
#1687 = PLANE('',#1688);
#1688 = AXIS2_PLACEMENT_3D('',#1689,#1690,#1691);
#1689 = CARTESIAN_POINT('',(0.45,0.9,0.));
#1690 = DIRECTION('',(-4.555315873023E-16,-1.,0.));
#1691 = DIRECTION('',(-1.,4.555315873023E-16,0.));
#1692 = ADVANCED_FACE('',(#1693),#1718,.F.);
#1693 = FACE_BOUND('',#1694,.F.);
#1694 = EDGE_LOOP('',(#1695,#1705,#1711,#1712));
#1695 = ORIENTED_EDGE('',*,*,#1696,.F.);
#1696 = EDGE_CURVE('',#1697,#1699,#1701,.T.);
#1697 = VERTEX_POINT('',#1698);
#1698 = CARTESIAN_POINT('',(-0.2,0.9,0.));
#1699 = VERTEX_POINT('',#1700);
#1700 = CARTESIAN_POINT('',(-0.45,0.9,0.));
#1701 = LINE('',#1702,#1703);
#1702 = CARTESIAN_POINT('',(-0.2,0.9,0.));
#1703 = VECTOR('',#1704,1.);
#1704 = DIRECTION('',(-1.,4.555315873023E-16,0.));
#1705 = ORIENTED_EDGE('',*,*,#1706,.T.);
#1706 = EDGE_CURVE('',#1697,#1235,#1707,.T.);
#1707 = LINE('',#1708,#1709);
#1708 = CARTESIAN_POINT('',(-0.2,0.9,0.));
#1709 = VECTOR('',#1710,1.);
#1710 = DIRECTION('',(0.,0.,1.));
#1711 = ORIENTED_EDGE('',*,*,#1232,.F.);
#1712 = ORIENTED_EDGE('',*,*,#1713,.F.);
#1713 = EDGE_CURVE('',#1699,#1233,#1714,.T.);
#1714 = LINE('',#1715,#1716);
#1715 = CARTESIAN_POINT('',(-0.45,0.9,0.));
#1716 = VECTOR('',#1717,1.);
#1717 = DIRECTION('',(0.,0.,1.));
#1718 = PLANE('',#1719);
#1719 = AXIS2_PLACEMENT_3D('',#1720,#1721,#1722);
#1720 = CARTESIAN_POINT('',(-0.2,0.9,0.));
#1721 = DIRECTION('',(-4.555315873023E-16,-1.,0.));
#1722 = DIRECTION('',(-1.,4.555315873023E-16,0.));
#1723 = ADVANCED_FACE('',(#1724),#1742,.F.);
#1724 = FACE_BOUND('',#1725,.F.);
#1725 = EDGE_LOOP('',(#1726,#1734,#1735,#1736));
#1726 = ORIENTED_EDGE('',*,*,#1727,.F.);
#1727 = EDGE_CURVE('',#1699,#1728,#1730,.T.);
#1728 = VERTEX_POINT('',#1729);
#1729 = CARTESIAN_POINT('',(-0.45,0.4,0.));
#1730 = LINE('',#1731,#1732);
#1731 = CARTESIAN_POINT('',(-0.45,0.9,0.));
#1732 = VECTOR('',#1733,1.);
#1733 = DIRECTION('',(-4.555315873023E-16,-1.,0.));
#1734 = ORIENTED_EDGE('',*,*,#1713,.T.);
#1735 = ORIENTED_EDGE('',*,*,#1258,.F.);
#1736 = ORIENTED_EDGE('',*,*,#1737,.F.);
#1737 = EDGE_CURVE('',#1728,#1251,#1738,.T.);
#1738 = LINE('',#1739,#1740);
#1739 = CARTESIAN_POINT('',(-0.45,0.4,0.));
#1740 = VECTOR('',#1741,1.);
#1741 = DIRECTION('',(0.,0.,1.));
#1742 = PLANE('',#1743);
#1743 = AXIS2_PLACEMENT_3D('',#1744,#1745,#1746);
#1744 = CARTESIAN_POINT('',(-0.45,0.9,0.));
#1745 = DIRECTION('',(1.,-4.555315873023E-16,0.));
#1746 = DIRECTION('',(-4.555315873023E-16,-1.,0.));
#1747 = ADVANCED_FACE('',(#1748),#1766,.F.);
#1748 = FACE_BOUND('',#1749,.F.);
#1749 = EDGE_LOOP('',(#1750,#1758,#1764,#1765));
#1750 = ORIENTED_EDGE('',*,*,#1751,.F.);
#1751 = EDGE_CURVE('',#1752,#1697,#1754,.T.);
#1752 = VERTEX_POINT('',#1753);
#1753 = CARTESIAN_POINT('',(-0.2,0.4,0.));
#1754 = LINE('',#1755,#1756);
#1755 = CARTESIAN_POINT('',(-0.2,0.4,0.));
#1756 = VECTOR('',#1757,1.);
#1757 = DIRECTION('',(4.555315873023E-16,1.,0.));
#1758 = ORIENTED_EDGE('',*,*,#1759,.T.);
#1759 = EDGE_CURVE('',#1752,#1243,#1760,.T.);
#1760 = LINE('',#1761,#1762);
#1761 = CARTESIAN_POINT('',(-0.2,0.4,0.));
#1762 = VECTOR('',#1763,1.);
#1763 = DIRECTION('',(0.,0.,1.));
#1764 = ORIENTED_EDGE('',*,*,#1242,.F.);
#1765 = ORIENTED_EDGE('',*,*,#1706,.F.);
#1766 = PLANE('',#1767);
#1767 = AXIS2_PLACEMENT_3D('',#1768,#1769,#1770);
#1768 = CARTESIAN_POINT('',(-0.2,0.4,0.));
#1769 = DIRECTION('',(-1.,4.555315873023E-16,0.));
#1770 = DIRECTION('',(4.555315873023E-16,1.,0.));
#1771 = ADVANCED_FACE('',(#1772),#1783,.F.);
#1772 = FACE_BOUND('',#1773,.F.);
#1773 = EDGE_LOOP('',(#1774,#1780,#1781,#1782));
#1774 = ORIENTED_EDGE('',*,*,#1775,.F.);
#1775 = EDGE_CURVE('',#1728,#1752,#1776,.T.);
#1776 = LINE('',#1777,#1778);
#1777 = CARTESIAN_POINT('',(-0.45,0.4,0.));
#1778 = VECTOR('',#1779,1.);
#1779 = DIRECTION('',(1.,-4.555315873023E-16,0.));
#1780 = ORIENTED_EDGE('',*,*,#1737,.T.);
#1781 = ORIENTED_EDGE('',*,*,#1250,.F.);
#1782 = ORIENTED_EDGE('',*,*,#1759,.F.);
#1783 = PLANE('',#1784);
#1784 = AXIS2_PLACEMENT_3D('',#1785,#1786,#1787);
#1785 = CARTESIAN_POINT('',(-0.45,0.4,0.));
#1786 = DIRECTION('',(4.555315873023E-16,1.,0.));
#1787 = DIRECTION('',(1.,-4.555315873023E-16,0.));
#1788 = ADVANCED_FACE('',(#1789),#1814,.F.);
#1789 = FACE_BOUND('',#1790,.F.);
#1790 = EDGE_LOOP('',(#1791,#1801,#1807,#1808));
#1791 = ORIENTED_EDGE('',*,*,#1792,.F.);
#1792 = EDGE_CURVE('',#1793,#1795,#1797,.T.);
#1793 = VERTEX_POINT('',#1794);
#1794 = CARTESIAN_POINT('',(-0.45,-0.4,0.));
#1795 = VERTEX_POINT('',#1796);
#1796 = CARTESIAN_POINT('',(-0.45,-0.9,0.));
#1797 = LINE('',#1798,#1799);
#1798 = CARTESIAN_POINT('',(-0.45,-0.4,0.));
#1799 = VECTOR('',#1800,1.);
#1800 = DIRECTION('',(-5.665538897648E-16,-1.,0.));
#1801 = ORIENTED_EDGE('',*,*,#1802,.T.);
#1802 = EDGE_CURVE('',#1793,#1269,#1803,.T.);
#1803 = LINE('',#1804,#1805);
#1804 = CARTESIAN_POINT('',(-0.45,-0.4,0.));
#1805 = VECTOR('',#1806,1.);
#1806 = DIRECTION('',(0.,0.,1.));
#1807 = ORIENTED_EDGE('',*,*,#1266,.F.);
#1808 = ORIENTED_EDGE('',*,*,#1809,.F.);
#1809 = EDGE_CURVE('',#1795,#1267,#1810,.T.);
#1810 = LINE('',#1811,#1812);
#1811 = CARTESIAN_POINT('',(-0.45,-0.9,0.));
#1812 = VECTOR('',#1813,1.);
#1813 = DIRECTION('',(0.,0.,1.));
#1814 = PLANE('',#1815);
#1815 = AXIS2_PLACEMENT_3D('',#1816,#1817,#1818);
#1816 = CARTESIAN_POINT('',(-0.45,-0.4,0.));
#1817 = DIRECTION('',(1.,-5.665538897648E-16,0.));
#1818 = DIRECTION('',(-5.665538897648E-16,-1.,0.));
#1819 = ADVANCED_FACE('',(#1820),#1838,.F.);
#1820 = FACE_BOUND('',#1821,.F.);
#1821 = EDGE_LOOP('',(#1822,#1830,#1831,#1832));
#1822 = ORIENTED_EDGE('',*,*,#1823,.F.);
#1823 = EDGE_CURVE('',#1795,#1824,#1826,.T.);
#1824 = VERTEX_POINT('',#1825);
#1825 = CARTESIAN_POINT('',(-0.2,-0.9,0.));
#1826 = LINE('',#1827,#1828);
#1827 = CARTESIAN_POINT('',(-0.45,-0.9,0.));
#1828 = VECTOR('',#1829,1.);
#1829 = DIRECTION('',(1.,-5.665538897648E-16,0.));
#1830 = ORIENTED_EDGE('',*,*,#1809,.T.);
#1831 = ORIENTED_EDGE('',*,*,#1292,.F.);
#1832 = ORIENTED_EDGE('',*,*,#1833,.F.);
#1833 = EDGE_CURVE('',#1824,#1285,#1834,.T.);
#1834 = LINE('',#1835,#1836);
#1835 = CARTESIAN_POINT('',(-0.2,-0.9,0.));
#1836 = VECTOR('',#1837,1.);
#1837 = DIRECTION('',(0.,0.,1.));
#1838 = PLANE('',#1839);
#1839 = AXIS2_PLACEMENT_3D('',#1840,#1841,#1842);
#1840 = CARTESIAN_POINT('',(-0.45,-0.9,0.));
#1841 = DIRECTION('',(5.665538897648E-16,1.,0.));
#1842 = DIRECTION('',(1.,-5.665538897648E-16,0.));
#1843 = ADVANCED_FACE('',(#1844),#1862,.F.);
#1844 = FACE_BOUND('',#1845,.F.);
#1845 = EDGE_LOOP('',(#1846,#1854,#1860,#1861));
#1846 = ORIENTED_EDGE('',*,*,#1847,.F.);
#1847 = EDGE_CURVE('',#1848,#1793,#1850,.T.);
#1848 = VERTEX_POINT('',#1849);
#1849 = CARTESIAN_POINT('',(-0.2,-0.4,0.));
#1850 = LINE('',#1851,#1852);
#1851 = CARTESIAN_POINT('',(-0.2,-0.4,0.));
#1852 = VECTOR('',#1853,1.);
#1853 = DIRECTION('',(-1.,5.665538897648E-16,0.));
#1854 = ORIENTED_EDGE('',*,*,#1855,.T.);
#1855 = EDGE_CURVE('',#1848,#1277,#1856,.T.);
#1856 = LINE('',#1857,#1858);
#1857 = CARTESIAN_POINT('',(-0.2,-0.4,0.));
#1858 = VECTOR('',#1859,1.);
#1859 = DIRECTION('',(0.,0.,1.));
#1860 = ORIENTED_EDGE('',*,*,#1276,.F.);
#1861 = ORIENTED_EDGE('',*,*,#1802,.F.);
#1862 = PLANE('',#1863);
#1863 = AXIS2_PLACEMENT_3D('',#1864,#1865,#1866);
#1864 = CARTESIAN_POINT('',(-0.2,-0.4,0.));
#1865 = DIRECTION('',(-5.665538897648E-16,-1.,0.));
#1866 = DIRECTION('',(-1.,5.665538897648E-16,0.));
#1867 = ADVANCED_FACE('',(#1868),#1879,.F.);
#1868 = FACE_BOUND('',#1869,.F.);
#1869 = EDGE_LOOP('',(#1870,#1876,#1877,#1878));
#1870 = ORIENTED_EDGE('',*,*,#1871,.F.);
#1871 = EDGE_CURVE('',#1824,#1848,#1872,.T.);
#1872 = LINE('',#1873,#1874);
#1873 = CARTESIAN_POINT('',(-0.2,-0.9,0.));
#1874 = VECTOR('',#1875,1.);
#1875 = DIRECTION('',(5.665538897648E-16,1.,0.));
#1876 = ORIENTED_EDGE('',*,*,#1833,.T.);
#1877 = ORIENTED_EDGE('',*,*,#1284,.F.);
#1878 = ORIENTED_EDGE('',*,*,#1855,.F.);
#1879 = PLANE('',#1880);
#1880 = AXIS2_PLACEMENT_3D('',#1881,#1882,#1883);
#1881 = CARTESIAN_POINT('',(-0.2,-0.9,0.));
#1882 = DIRECTION('',(-1.,5.665538897648E-16,0.));
#1883 = DIRECTION('',(5.665538897648E-16,1.,0.));
#1884 = ADVANCED_FACE('',(#1885),#1910,.F.);
#1885 = FACE_BOUND('',#1886,.F.);
#1886 = EDGE_LOOP('',(#1887,#1897,#1903,#1904));
#1887 = ORIENTED_EDGE('',*,*,#1888,.F.);
#1888 = EDGE_CURVE('',#1889,#1891,#1893,.T.);
#1889 = VERTEX_POINT('',#1890);
#1890 = CARTESIAN_POINT('',(0.45,-0.9,0.));
#1891 = VERTEX_POINT('',#1892);
#1892 = CARTESIAN_POINT('',(0.45,-0.4,0.));
#1893 = LINE('',#1894,#1895);
#1894 = CARTESIAN_POINT('',(0.45,-0.9,0.));
#1895 = VECTOR('',#1896,1.);
#1896 = DIRECTION('',(5.665538897648E-16,1.,0.));
#1897 = ORIENTED_EDGE('',*,*,#1898,.T.);
#1898 = EDGE_CURVE('',#1889,#1303,#1899,.T.);
#1899 = LINE('',#1900,#1901);
#1900 = CARTESIAN_POINT('',(0.45,-0.9,0.));
#1901 = VECTOR('',#1902,1.);
#1902 = DIRECTION('',(0.,0.,1.));
#1903 = ORIENTED_EDGE('',*,*,#1300,.F.);
#1904 = ORIENTED_EDGE('',*,*,#1905,.F.);
#1905 = EDGE_CURVE('',#1891,#1301,#1906,.T.);
#1906 = LINE('',#1907,#1908);
#1907 = CARTESIAN_POINT('',(0.45,-0.4,0.));
#1908 = VECTOR('',#1909,1.);
#1909 = DIRECTION('',(0.,0.,1.));
#1910 = PLANE('',#1911);
#1911 = AXIS2_PLACEMENT_3D('',#1912,#1913,#1914);
#1912 = CARTESIAN_POINT('',(0.45,-0.9,0.));
#1913 = DIRECTION('',(-1.,5.665538897648E-16,0.));
#1914 = DIRECTION('',(5.665538897648E-16,1.,0.));
#1915 = ADVANCED_FACE('',(#1916),#1934,.F.);
#1916 = FACE_BOUND('',#1917,.F.);
#1917 = EDGE_LOOP('',(#1918,#1926,#1927,#1928));
#1918 = ORIENTED_EDGE('',*,*,#1919,.F.);
#1919 = EDGE_CURVE('',#1891,#1920,#1922,.T.);
#1920 = VERTEX_POINT('',#1921);
#1921 = CARTESIAN_POINT('',(0.2,-0.4,0.));
#1922 = LINE('',#1923,#1924);
#1923 = CARTESIAN_POINT('',(0.45,-0.4,0.));
#1924 = VECTOR('',#1925,1.);
#1925 = DIRECTION('',(-1.,5.665538897648E-16,0.));
#1926 = ORIENTED_EDGE('',*,*,#1905,.T.);
#1927 = ORIENTED_EDGE('',*,*,#1326,.F.);
#1928 = ORIENTED_EDGE('',*,*,#1929,.F.);
#1929 = EDGE_CURVE('',#1920,#1319,#1930,.T.);
#1930 = LINE('',#1931,#1932);
#1931 = CARTESIAN_POINT('',(0.2,-0.4,0.));
#1932 = VECTOR('',#1933,1.);
#1933 = DIRECTION('',(0.,0.,1.));
#1934 = PLANE('',#1935);
#1935 = AXIS2_PLACEMENT_3D('',#1936,#1937,#1938);
#1936 = CARTESIAN_POINT('',(0.45,-0.4,0.));
#1937 = DIRECTION('',(-5.665538897648E-16,-1.,0.));
#1938 = DIRECTION('',(-1.,5.665538897648E-16,0.));
#1939 = ADVANCED_FACE('',(#1940),#1958,.F.);
#1940 = FACE_BOUND('',#1941,.F.);
#1941 = EDGE_LOOP('',(#1942,#1950,#1956,#1957));
#1942 = ORIENTED_EDGE('',*,*,#1943,.F.);
#1943 = EDGE_CURVE('',#1944,#1889,#1946,.T.);
#1944 = VERTEX_POINT('',#1945);
#1945 = CARTESIAN_POINT('',(0.2,-0.9,0.));
#1946 = LINE('',#1947,#1948);
#1947 = CARTESIAN_POINT('',(0.2,-0.9,0.));
#1948 = VECTOR('',#1949,1.);
#1949 = DIRECTION('',(1.,-5.665538897648E-16,0.));
#1950 = ORIENTED_EDGE('',*,*,#1951,.T.);
#1951 = EDGE_CURVE('',#1944,#1311,#1952,.T.);
#1952 = LINE('',#1953,#1954);
#1953 = CARTESIAN_POINT('',(0.2,-0.9,0.));
#1954 = VECTOR('',#1955,1.);
#1955 = DIRECTION('',(0.,0.,1.));
#1956 = ORIENTED_EDGE('',*,*,#1310,.F.);
#1957 = ORIENTED_EDGE('',*,*,#1898,.F.);
#1958 = PLANE('',#1959);
#1959 = AXIS2_PLACEMENT_3D('',#1960,#1961,#1962);
#1960 = CARTESIAN_POINT('',(0.2,-0.9,0.));
#1961 = DIRECTION('',(5.665538897648E-16,1.,0.));
#1962 = DIRECTION('',(1.,-5.665538897648E-16,0.));
#1963 = ADVANCED_FACE('',(#1964),#1975,.F.);
#1964 = FACE_BOUND('',#1965,.F.);
#1965 = EDGE_LOOP('',(#1966,#1972,#1973,#1974));
#1966 = ORIENTED_EDGE('',*,*,#1967,.F.);
#1967 = EDGE_CURVE('',#1920,#1944,#1968,.T.);
#1968 = LINE('',#1969,#1970);
#1969 = CARTESIAN_POINT('',(0.2,-0.4,0.));
#1970 = VECTOR('',#1971,1.);
#1971 = DIRECTION('',(-5.665538897648E-16,-1.,0.));
#1972 = ORIENTED_EDGE('',*,*,#1929,.T.);
#1973 = ORIENTED_EDGE('',*,*,#1318,.F.);
#1974 = ORIENTED_EDGE('',*,*,#1951,.F.);
#1975 = PLANE('',#1976);
#1976 = AXIS2_PLACEMENT_3D('',#1977,#1978,#1979);
#1977 = CARTESIAN_POINT('',(0.2,-0.4,0.));
#1978 = DIRECTION('',(1.,-5.665538897648E-16,0.));
#1979 = DIRECTION('',(-5.665538897648E-16,-1.,0.));
#1980 = ADVANCED_FACE('',(#1981),#2006,.F.);
#1981 = FACE_BOUND('',#1982,.F.);
#1982 = EDGE_LOOP('',(#1983,#1993,#1999,#2000));
#1983 = ORIENTED_EDGE('',*,*,#1984,.F.);
#1984 = EDGE_CURVE('',#1985,#1987,#1989,.T.);
#1985 = VERTEX_POINT('',#1986);
#1986 = CARTESIAN_POINT('',(0.85,-0.9,0.));
#1987 = VERTEX_POINT('',#1988);
#1988 = CARTESIAN_POINT('',(1.1,-0.9,0.));
#1989 = LINE('',#1990,#1991);
#1990 = CARTESIAN_POINT('',(0.85,-0.9,0.));
#1991 = VECTOR('',#1992,1.);
#1992 = DIRECTION('',(1.,-5.665538897648E-16,0.));
#1993 = ORIENTED_EDGE('',*,*,#1994,.T.);
#1994 = EDGE_CURVE('',#1985,#1337,#1995,.T.);
#1995 = LINE('',#1996,#1997);
#1996 = CARTESIAN_POINT('',(0.85,-0.9,0.));
#1997 = VECTOR('',#1998,1.);
#1998 = DIRECTION('',(0.,0.,1.));
#1999 = ORIENTED_EDGE('',*,*,#1334,.F.);
#2000 = ORIENTED_EDGE('',*,*,#2001,.F.);
#2001 = EDGE_CURVE('',#1987,#1335,#2002,.T.);
#2002 = LINE('',#2003,#2004);
#2003 = CARTESIAN_POINT('',(1.1,-0.9,0.));
#2004 = VECTOR('',#2005,1.);
#2005 = DIRECTION('',(0.,0.,1.));
#2006 = PLANE('',#2007);
#2007 = AXIS2_PLACEMENT_3D('',#2008,#2009,#2010);
#2008 = CARTESIAN_POINT('',(0.85,-0.9,0.));
#2009 = DIRECTION('',(5.665538897648E-16,1.,0.));
#2010 = DIRECTION('',(1.,-5.665538897648E-16,0.));
#2011 = ADVANCED_FACE('',(#2012),#2030,.F.);
#2012 = FACE_BOUND('',#2013,.F.);
#2013 = EDGE_LOOP('',(#2014,#2022,#2023,#2024));
#2014 = ORIENTED_EDGE('',*,*,#2015,.F.);
#2015 = EDGE_CURVE('',#1987,#2016,#2018,.T.);
#2016 = VERTEX_POINT('',#2017);
#2017 = CARTESIAN_POINT('',(1.1,-0.4,0.));
#2018 = LINE('',#2019,#2020);
#2019 = CARTESIAN_POINT('',(1.1,-0.9,0.));
#2020 = VECTOR('',#2021,1.);
#2021 = DIRECTION('',(5.665538897648E-16,1.,0.));
#2022 = ORIENTED_EDGE('',*,*,#2001,.T.);
#2023 = ORIENTED_EDGE('',*,*,#1360,.F.);
#2024 = ORIENTED_EDGE('',*,*,#2025,.F.);
#2025 = EDGE_CURVE('',#2016,#1353,#2026,.T.);
#2026 = LINE('',#2027,#2028);
#2027 = CARTESIAN_POINT('',(1.1,-0.4,0.));
#2028 = VECTOR('',#2029,1.);
#2029 = DIRECTION('',(0.,0.,1.));
#2030 = PLANE('',#2031);
#2031 = AXIS2_PLACEMENT_3D('',#2032,#2033,#2034);
#2032 = CARTESIAN_POINT('',(1.1,-0.9,0.));
#2033 = DIRECTION('',(-1.,5.665538897648E-16,0.));
#2034 = DIRECTION('',(5.665538897648E-16,1.,0.));
#2035 = ADVANCED_FACE('',(#2036),#2054,.F.);
#2036 = FACE_BOUND('',#2037,.F.);
#2037 = EDGE_LOOP('',(#2038,#2046,#2052,#2053));
#2038 = ORIENTED_EDGE('',*,*,#2039,.F.);
#2039 = EDGE_CURVE('',#2040,#1985,#2042,.T.);
#2040 = VERTEX_POINT('',#2041);
#2041 = CARTESIAN_POINT('',(0.85,-0.4,0.));
#2042 = LINE('',#2043,#2044);
#2043 = CARTESIAN_POINT('',(0.85,-0.4,0.));
#2044 = VECTOR('',#2045,1.);
#2045 = DIRECTION('',(-5.665538897648E-16,-1.,0.));
#2046 = ORIENTED_EDGE('',*,*,#2047,.T.);
#2047 = EDGE_CURVE('',#2040,#1345,#2048,.T.);
#2048 = LINE('',#2049,#2050);
#2049 = CARTESIAN_POINT('',(0.85,-0.4,0.));
#2050 = VECTOR('',#2051,1.);
#2051 = DIRECTION('',(0.,0.,1.));
#2052 = ORIENTED_EDGE('',*,*,#1344,.F.);
#2053 = ORIENTED_EDGE('',*,*,#1994,.F.);
#2054 = PLANE('',#2055);
#2055 = AXIS2_PLACEMENT_3D('',#2056,#2057,#2058);
#2056 = CARTESIAN_POINT('',(0.85,-0.4,0.));
#2057 = DIRECTION('',(1.,-5.665538897648E-16,0.));
#2058 = DIRECTION('',(-5.665538897648E-16,-1.,0.));
#2059 = ADVANCED_FACE('',(#2060),#2071,.F.);
#2060 = FACE_BOUND('',#2061,.F.);
#2061 = EDGE_LOOP('',(#2062,#2068,#2069,#2070));
#2062 = ORIENTED_EDGE('',*,*,#2063,.F.);
#2063 = EDGE_CURVE('',#2016,#2040,#2064,.T.);
#2064 = LINE('',#2065,#2066);
#2065 = CARTESIAN_POINT('',(1.1,-0.4,0.));
#2066 = VECTOR('',#2067,1.);
#2067 = DIRECTION('',(-1.,5.665538897648E-16,0.));
#2068 = ORIENTED_EDGE('',*,*,#2025,.T.);
#2069 = ORIENTED_EDGE('',*,*,#1352,.F.);
#2070 = ORIENTED_EDGE('',*,*,#2047,.F.);
#2071 = PLANE('',#2072);
#2072 = AXIS2_PLACEMENT_3D('',#2073,#2074,#2075);
#2073 = CARTESIAN_POINT('',(1.1,-0.4,0.));
#2074 = DIRECTION('',(-5.665538897648E-16,-1.,0.));
#2075 = DIRECTION('',(-1.,5.665538897648E-16,0.));
#2076 = ADVANCED_FACE('',(#2077),#2102,.F.);
#2077 = FACE_BOUND('',#2078,.F.);
#2078 = EDGE_LOOP('',(#2079,#2089,#2095,#2096));
#2079 = ORIENTED_EDGE('',*,*,#2080,.F.);
#2080 = EDGE_CURVE('',#2081,#2083,#2085,.T.);
#2081 = VERTEX_POINT('',#2082);
#2082 = CARTESIAN_POINT('',(-0.85,-0.9,0.));
#2083 = VERTEX_POINT('',#2084);
#2084 = CARTESIAN_POINT('',(-0.85,-0.4,0.));
#2085 = LINE('',#2086,#2087);
#2086 = CARTESIAN_POINT('',(-0.85,-0.9,0.));
#2087 = VECTOR('',#2088,1.);
#2088 = DIRECTION('',(5.665538897648E-16,1.,0.));
#2089 = ORIENTED_EDGE('',*,*,#2090,.T.);
#2090 = EDGE_CURVE('',#2081,#1371,#2091,.T.);
#2091 = LINE('',#2092,#2093);
#2092 = CARTESIAN_POINT('',(-0.85,-0.9,0.));
#2093 = VECTOR('',#2094,1.);
#2094 = DIRECTION('',(0.,0.,1.));
#2095 = ORIENTED_EDGE('',*,*,#1368,.F.);
#2096 = ORIENTED_EDGE('',*,*,#2097,.F.);
#2097 = EDGE_CURVE('',#2083,#1369,#2098,.T.);
#2098 = LINE('',#2099,#2100);
#2099 = CARTESIAN_POINT('',(-0.85,-0.4,0.));
#2100 = VECTOR('',#2101,1.);
#2101 = DIRECTION('',(0.,0.,1.));
#2102 = PLANE('',#2103);
#2103 = AXIS2_PLACEMENT_3D('',#2104,#2105,#2106);
#2104 = CARTESIAN_POINT('',(-0.85,-0.9,0.));
#2105 = DIRECTION('',(-1.,5.665538897648E-16,0.));
#2106 = DIRECTION('',(5.665538897648E-16,1.,0.));
#2107 = ADVANCED_FACE('',(#2108),#2126,.F.);
#2108 = FACE_BOUND('',#2109,.F.);
#2109 = EDGE_LOOP('',(#2110,#2118,#2119,#2120));
#2110 = ORIENTED_EDGE('',*,*,#2111,.F.);
#2111 = EDGE_CURVE('',#2083,#2112,#2114,.T.);
#2112 = VERTEX_POINT('',#2113);
#2113 = CARTESIAN_POINT('',(-1.1,-0.4,0.));
#2114 = LINE('',#2115,#2116);
#2115 = CARTESIAN_POINT('',(-0.85,-0.4,0.));
#2116 = VECTOR('',#2117,1.);
#2117 = DIRECTION('',(-1.,5.665538897648E-16,0.));
#2118 = ORIENTED_EDGE('',*,*,#2097,.T.);
#2119 = ORIENTED_EDGE('',*,*,#1394,.F.);
#2120 = ORIENTED_EDGE('',*,*,#2121,.F.);
#2121 = EDGE_CURVE('',#2112,#1387,#2122,.T.);
#2122 = LINE('',#2123,#2124);
#2123 = CARTESIAN_POINT('',(-1.1,-0.4,0.));
#2124 = VECTOR('',#2125,1.);
#2125 = DIRECTION('',(0.,0.,1.));
#2126 = PLANE('',#2127);
#2127 = AXIS2_PLACEMENT_3D('',#2128,#2129,#2130);
#2128 = CARTESIAN_POINT('',(-0.85,-0.4,0.));
#2129 = DIRECTION('',(-5.665538897648E-16,-1.,0.));
#2130 = DIRECTION('',(-1.,5.665538897648E-16,0.));
#2131 = ADVANCED_FACE('',(#2132),#2150,.F.);
#2132 = FACE_BOUND('',#2133,.F.);
#2133 = EDGE_LOOP('',(#2134,#2142,#2148,#2149));
#2134 = ORIENTED_EDGE('',*,*,#2135,.F.);
#2135 = EDGE_CURVE('',#2136,#2081,#2138,.T.);
#2136 = VERTEX_POINT('',#2137);
#2137 = CARTESIAN_POINT('',(-1.1,-0.9,0.));
#2138 = LINE('',#2139,#2140);
#2139 = CARTESIAN_POINT('',(-1.1,-0.9,0.));
#2140 = VECTOR('',#2141,1.);
#2141 = DIRECTION('',(1.,-5.665538897648E-16,0.));
#2142 = ORIENTED_EDGE('',*,*,#2143,.T.);
#2143 = EDGE_CURVE('',#2136,#1379,#2144,.T.);
#2144 = LINE('',#2145,#2146);
#2145 = CARTESIAN_POINT('',(-1.1,-0.9,0.));
#2146 = VECTOR('',#2147,1.);
#2147 = DIRECTION('',(0.,0.,1.));
#2148 = ORIENTED_EDGE('',*,*,#1378,.F.);
#2149 = ORIENTED_EDGE('',*,*,#2090,.F.);
#2150 = PLANE('',#2151);
#2151 = AXIS2_PLACEMENT_3D('',#2152,#2153,#2154);
#2152 = CARTESIAN_POINT('',(-1.1,-0.9,0.));
#2153 = DIRECTION('',(5.665538897648E-16,1.,0.));
#2154 = DIRECTION('',(1.,-5.665538897648E-16,0.));
#2155 = ADVANCED_FACE('',(#2156),#2167,.F.);
#2156 = FACE_BOUND('',#2157,.F.);
#2157 = EDGE_LOOP('',(#2158,#2164,#2165,#2166));
#2158 = ORIENTED_EDGE('',*,*,#2159,.F.);
#2159 = EDGE_CURVE('',#2112,#2136,#2160,.T.);
#2160 = LINE('',#2161,#2162);
#2161 = CARTESIAN_POINT('',(-1.1,-0.4,0.));
#2162 = VECTOR('',#2163,1.);
#2163 = DIRECTION('',(-5.665538897648E-16,-1.,0.));
#2164 = ORIENTED_EDGE('',*,*,#2121,.T.);
#2165 = ORIENTED_EDGE('',*,*,#1386,.F.);
#2166 = ORIENTED_EDGE('',*,*,#2143,.F.);
#2167 = PLANE('',#2168);
#2168 = AXIS2_PLACEMENT_3D('',#2169,#2170,#2171);
#2169 = CARTESIAN_POINT('',(-1.1,-0.4,0.));
#2170 = DIRECTION('',(1.,-5.665538897648E-16,0.));
#2171 = DIRECTION('',(-5.665538897648E-16,-1.,0.));
#2172 = ADVANCED_FACE('',(#2173,#2179),#2190,.T.);
#2173 = FACE_BOUND('',#2174,.T.);
#2174 = EDGE_LOOP('',(#2175,#2176,#2177,#2178));
#2175 = ORIENTED_EDGE('',*,*,#1425,.F.);
#2176 = ORIENTED_EDGE('',*,*,#1465,.T.);
#2177 = ORIENTED_EDGE('',*,*,#1490,.T.);
#2178 = ORIENTED_EDGE('',*,*,#1441,.F.);
#2179 = FACE_BOUND('',#2180,.T.);
#2180 = EDGE_LOOP('',(#2181));
#2181 = ORIENTED_EDGE('',*,*,#2182,.T.);
#2182 = EDGE_CURVE('',#2183,#2183,#2185,.T.);
#2183 = VERTEX_POINT('',#2184);
#2184 = CARTESIAN_POINT('',(-0.75,0.4,0.78));
#2185 = CIRCLE('',#2186,0.1);
#2186 = AXIS2_PLACEMENT_3D('',#2187,#2188,#2189);
#2187 = CARTESIAN_POINT('',(-0.75,0.5,0.78));
#2188 = DIRECTION('',(-0.,0.,-1.));
#2189 = DIRECTION('',(-2.22044604925E-16,-1.,0.));
#2190 = PLANE('',#2191);
#2191 = AXIS2_PLACEMENT_3D('',#2192,#2193,#2194);
#2192 = CARTESIAN_POINT('',(-1.25,1.,0.78));
#2193 = DIRECTION('',(0.,0.,1.));
#2194 = DIRECTION('',(-2.22044604925E-16,-1.,0.));
#2195 = ADVANCED_FACE('',(#2196),#2202,.F.);
#2196 = FACE_BOUND('',#2197,.F.);
#2197 = EDGE_LOOP('',(#2198,#2199,#2200,#2201));
#2198 = ORIENTED_EDGE('',*,*,#1559,.T.);
#2199 = ORIENTED_EDGE('',*,*,#1504,.T.);
#2200 = ORIENTED_EDGE('',*,*,#1535,.T.);
#2201 = ORIENTED_EDGE('',*,*,#1583,.T.);
#2202 = PLANE('',#2203);
#2203 = AXIS2_PLACEMENT_3D('',#2204,#2205,#2206);
#2204 = CARTESIAN_POINT('',(0.975,0.65,0.));
#2205 = DIRECTION('',(0.,0.,1.));
#2206 = DIRECTION('',(-1.,4.555315873023E-16,0.));
#2207 = ADVANCED_FACE('',(#2208),#2214,.F.);
#2208 = FACE_BOUND('',#2209,.F.);
#2209 = EDGE_LOOP('',(#2210,#2211,#2212,#2213));
#2210 = ORIENTED_EDGE('',*,*,#1655,.T.);
#2211 = ORIENTED_EDGE('',*,*,#1600,.T.);
#2212 = ORIENTED_EDGE('',*,*,#1631,.T.);
#2213 = ORIENTED_EDGE('',*,*,#1679,.T.);
#2214 = PLANE('',#2215);
#2215 = AXIS2_PLACEMENT_3D('',#2216,#2217,#2218);
#2216 = CARTESIAN_POINT('',(0.325,0.65,0.));
#2217 = DIRECTION('',(0.,0.,1.));
#2218 = DIRECTION('',(-1.,4.555315873023E-16,0.));
#2219 = ADVANCED_FACE('',(#2220),#2226,.F.);
#2220 = FACE_BOUND('',#2221,.F.);
#2221 = EDGE_LOOP('',(#2222,#2223,#2224,#2225));
#2222 = ORIENTED_EDGE('',*,*,#1727,.T.);
#2223 = ORIENTED_EDGE('',*,*,#1775,.T.);
#2224 = ORIENTED_EDGE('',*,*,#1751,.T.);
#2225 = ORIENTED_EDGE('',*,*,#1696,.T.);
#2226 = PLANE('',#2227);
#2227 = AXIS2_PLACEMENT_3D('',#2228,#2229,#2230);
#2228 = CARTESIAN_POINT('',(-0.325,0.65,0.));
#2229 = DIRECTION('',(0.,0.,1.));
#2230 = DIRECTION('',(-1.,4.555315873023E-16,0.));
#2231 = ADVANCED_FACE('',(#2232),#2238,.F.);
#2232 = FACE_BOUND('',#2233,.F.);
#2233 = EDGE_LOOP('',(#2234,#2235,#2236,#2237));
#2234 = ORIENTED_EDGE('',*,*,#1871,.T.);
#2235 = ORIENTED_EDGE('',*,*,#1847,.T.);
#2236 = ORIENTED_EDGE('',*,*,#1792,.T.);
#2237 = ORIENTED_EDGE('',*,*,#1823,.T.);
#2238 = PLANE('',#2239);
#2239 = AXIS2_PLACEMENT_3D('',#2240,#2241,#2242);
#2240 = CARTESIAN_POINT('',(-0.325,-0.65,0.));
#2241 = DIRECTION('',(0.,0.,1.));
#2242 = DIRECTION('',(1.,-5.665538897648E-16,0.));
#2243 = ADVANCED_FACE('',(#2244),#2250,.F.);
#2244 = FACE_BOUND('',#2245,.F.);
#2245 = EDGE_LOOP('',(#2246,#2247,#2248,#2249));
#2246 = ORIENTED_EDGE('',*,*,#1888,.T.);
#2247 = ORIENTED_EDGE('',*,*,#1919,.T.);
#2248 = ORIENTED_EDGE('',*,*,#1967,.T.);
#2249 = ORIENTED_EDGE('',*,*,#1943,.T.);
#2250 = PLANE('',#2251);
#2251 = AXIS2_PLACEMENT_3D('',#2252,#2253,#2254);
#2252 = CARTESIAN_POINT('',(0.325,-0.65,0.));
#2253 = DIRECTION('',(0.,0.,1.));
#2254 = DIRECTION('',(1.,-5.665538897648E-16,0.));
#2255 = ADVANCED_FACE('',(#2256),#2262,.F.);
#2256 = FACE_BOUND('',#2257,.F.);
#2257 = EDGE_LOOP('',(#2258,#2259,#2260,#2261));
#2258 = ORIENTED_EDGE('',*,*,#2015,.T.);
#2259 = ORIENTED_EDGE('',*,*,#2063,.T.);
#2260 = ORIENTED_EDGE('',*,*,#2039,.T.);
#2261 = ORIENTED_EDGE('',*,*,#1984,.T.);
#2262 = PLANE('',#2263);
#2263 = AXIS2_PLACEMENT_3D('',#2264,#2265,#2266);
#2264 = CARTESIAN_POINT('',(0.975,-0.65,0.));
#2265 = DIRECTION('',(0.,0.,1.));
#2266 = DIRECTION('',(1.,-5.665538897648E-16,0.));
#2267 = ADVANCED_FACE('',(#2268),#2274,.F.);
#2268 = FACE_BOUND('',#2269,.F.);
#2269 = EDGE_LOOP('',(#2270,#2271,#2272,#2273));
#2270 = ORIENTED_EDGE('',*,*,#2080,.T.);
#2271 = ORIENTED_EDGE('',*,*,#2111,.T.);
#2272 = ORIENTED_EDGE('',*,*,#2159,.T.);
#2273 = ORIENTED_EDGE('',*,*,#2135,.T.);
#2274 = PLANE('',#2275);
#2275 = AXIS2_PLACEMENT_3D('',#2276,#2277,#2278);
#2276 = CARTESIAN_POINT('',(-0.975,-0.65,0.));
#2277 = DIRECTION('',(0.,0.,1.));
#2278 = DIRECTION('',(1.,-5.665538897648E-16,0.));
#2279 = ADVANCED_FACE('',(#2280),#2299,.F.);
#2280 = FACE_BOUND('',#2281,.F.);
#2281 = EDGE_LOOP('',(#2282,#2290,#2297,#2298));
#2282 = ORIENTED_EDGE('',*,*,#2283,.T.);
#2283 = EDGE_CURVE('',#2183,#2284,#2286,.T.);
#2284 = VERTEX_POINT('',#2285);
#2285 = CARTESIAN_POINT('',(-0.75,0.4,0.76));
#2286 = LINE('',#2287,#2288);
#2287 = CARTESIAN_POINT('',(-0.75,0.4,0.8));
#2288 = VECTOR('',#2289,1.);
#2289 = DIRECTION('',(-0.,0.,-1.));
#2290 = ORIENTED_EDGE('',*,*,#2291,.T.);
#2291 = EDGE_CURVE('',#2284,#2284,#2292,.T.);
#2292 = CIRCLE('',#2293,0.1);
#2293 = AXIS2_PLACEMENT_3D('',#2294,#2295,#2296);
#2294 = CARTESIAN_POINT('',(-0.75,0.5,0.76));
#2295 = DIRECTION('',(0.,0.,1.));
#2296 = DIRECTION('',(-2.22044604925E-16,-1.,0.));
#2297 = ORIENTED_EDGE('',*,*,#2283,.F.);
#2298 = ORIENTED_EDGE('',*,*,#2182,.T.);
#2299 = CYLINDRICAL_SURFACE('',#2300,0.1);
#2300 = AXIS2_PLACEMENT_3D('',#2301,#2302,#2303);
#2301 = CARTESIAN_POINT('',(-0.75,0.5,0.8));
#2302 = DIRECTION('',(0.,0.,-1.));
#2303 = DIRECTION('',(-2.22044604925E-16,-1.,-0.));
#2304 = ADVANCED_FACE('',(#2305),#2308,.T.);
#2305 = FACE_BOUND('',#2306,.T.);
#2306 = EDGE_LOOP('',(#2307));
#2307 = ORIENTED_EDGE('',*,*,#2291,.T.);
#2308 = PLANE('',#2309);
#2309 = AXIS2_PLACEMENT_3D('',#2310,#2311,#2312);
#2310 = CARTESIAN_POINT('',(-0.75,0.5,0.76));
#2311 = DIRECTION('',(0.,0.,1.));
#2312 = DIRECTION('',(-2.22044604925E-16,-1.,0.));
#2313 = ( GEOMETRIC_REPRESENTATION_CONTEXT(3) 
GLOBAL_UNCERTAINTY_ASSIGNED_CONTEXT((#2317)) 
GLOBAL_UNIT_ASSIGNED_CONTEXT((#2314,#2315,#2316)) REPRESENTATION_CONTEXT
('Context #1','3D Context with UNIT and UNCERTAINTY') );
#2314 = ( LENGTH_UNIT() NAMED_UNIT(*) SI_UNIT(.MILLI.,.METRE.) );
#2315 = ( NAMED_UNIT(*) PLANE_ANGLE_UNIT() SI_UNIT($,.RADIAN.) );
#2316 = ( NAMED_UNIT(*) SI_UNIT($,.STERADIAN.) SOLID_ANGLE_UNIT() );
#2317 = UNCERTAINTY_MEASURE_WITH_UNIT(LENGTH_MEASURE(1.E-07),#2314,
  'distance_accuracy_value','confusion accuracy');
#2318 = CONTEXT_DEPENDENT_SHAPE_REPRESENTATION(#2319,#2321);
#2319 = ( REPRESENTATION_RELATIONSHIP('','',#981,#10) 
REPRESENTATION_RELATIONSHIP_WITH_TRANSFORMATION(#2320) 
SHAPE_REPRESENTATION_RELATIONSHIP() );
#2320 = ITEM_DEFINED_TRANSFORMATION('','',#11,#19);
#2321 = PRODUCT_DEFINITION_SHAPE('Placement','Placement of an item',
  #2322);
#2322 = NEXT_ASSEMBLY_USAGE_OCCURRENCE('2','U1','',#5,#976,$);
#2323 = PRODUCT_RELATED_PRODUCT_CATEGORY('part',$,(#978));
#2324 = CONTEXT_DEPENDENT_SHAPE_REPRESENTATION(#2325,#2327);
#2325 = ( REPRESENTATION_RELATIONSHIP('','',#108,#10) 
REPRESENTATION_RELATIONSHIP_WITH_TRANSFORMATION(#2326) 
SHAPE_REPRESENTATION_RELATIONSHIP() );
#2326 = ITEM_DEFINED_TRANSFORMATION('','',#11,#23);
#2327 = PRODUCT_DEFINITION_SHAPE('Placement','Placement of an item',
  #2328);
#2328 = NEXT_ASSEMBLY_USAGE_OCCURRENCE('3','C5','',#5,#103,$);
#2329 = SHAPE_DEFINITION_REPRESENTATION(#2330,#2336);
#2330 = PRODUCT_DEFINITION_SHAPE('','',#2331);
#2331 = PRODUCT_DEFINITION('design','',#2332,#2335);
#2332 = PRODUCT_DEFINITION_FORMATION('','',#2333);
#2333 = PRODUCT('LTR-F216A','LTR-F216A','',(#2334));
#2334 = PRODUCT_CONTEXT('',#2,'mechanical');
#2335 = PRODUCT_DEFINITION_CONTEXT('part definition',#2,'design');
#2336 = ADVANCED_BREP_SHAPE_REPRESENTATION('',(#11,#2337),#2487);
#2337 = MANIFOLD_SOLID_BREP('',#2338);
#2338 = CLOSED_SHELL('',(#2339,#2379,#2410,#2441,#2463,#2475));
#2339 = ADVANCED_FACE('',(#2340),#2374,.T.);
#2340 = FACE_BOUND('',#2341,.T.);
#2341 = EDGE_LOOP('',(#2342,#2352,#2360,#2368));
#2342 = ORIENTED_EDGE('',*,*,#2343,.F.);
#2343 = EDGE_CURVE('',#2344,#2346,#2348,.T.);
#2344 = VERTEX_POINT('',#2345);
#2345 = CARTESIAN_POINT('',(-1.,1.,0.));
#2346 = VERTEX_POINT('',#2347);
#2347 = CARTESIAN_POINT('',(1.,1.,0.));
#2348 = LINE('',#2349,#2350);
#2349 = CARTESIAN_POINT('',(0.,1.,0.));
#2350 = VECTOR('',#2351,1.);
#2351 = DIRECTION('',(1.,0.,0.));
#2352 = ORIENTED_EDGE('',*,*,#2353,.F.);
#2353 = EDGE_CURVE('',#2354,#2344,#2356,.T.);
#2354 = VERTEX_POINT('',#2355);
#2355 = CARTESIAN_POINT('',(-1.,1.,0.7));
#2356 = LINE('',#2357,#2358);
#2357 = CARTESIAN_POINT('',(-1.,1.,0.7));
#2358 = VECTOR('',#2359,1.);
#2359 = DIRECTION('',(0.,0.,-1.));
#2360 = ORIENTED_EDGE('',*,*,#2361,.T.);
#2361 = EDGE_CURVE('',#2354,#2362,#2364,.T.);
#2362 = VERTEX_POINT('',#2363);
#2363 = CARTESIAN_POINT('',(1.,1.,0.7));
#2364 = LINE('',#2365,#2366);
#2365 = CARTESIAN_POINT('',(0.,1.,0.7));
#2366 = VECTOR('',#2367,1.);
#2367 = DIRECTION('',(1.,0.,0.));
#2368 = ORIENTED_EDGE('',*,*,#2369,.T.);
#2369 = EDGE_CURVE('',#2362,#2346,#2370,.T.);
#2370 = LINE('',#2371,#2372);
#2371 = CARTESIAN_POINT('',(1.,1.,0.7));
#2372 = VECTOR('',#2373,1.);
#2373 = DIRECTION('',(0.,0.,-1.));
#2374 = PLANE('',#2375);
#2375 = AXIS2_PLACEMENT_3D('',#2376,#2377,#2378);
#2376 = CARTESIAN_POINT('',(0.,1.,0.7));
#2377 = DIRECTION('',(0.,1.,0.));
#2378 = DIRECTION('',(0.,-0.,1.));
#2379 = ADVANCED_FACE('',(#2380),#2405,.F.);
#2380 = FACE_BOUND('',#2381,.T.);
#2381 = EDGE_LOOP('',(#2382,#2390,#2398,#2404));
#2382 = ORIENTED_EDGE('',*,*,#2383,.T.);
#2383 = EDGE_CURVE('',#2344,#2384,#2386,.T.);
#2384 = VERTEX_POINT('',#2385);
#2385 = CARTESIAN_POINT('',(-1.,-1.,0.));
#2386 = LINE('',#2387,#2388);
#2387 = CARTESIAN_POINT('',(-1.,2.168404344971E-16,0.));
#2388 = VECTOR('',#2389,1.);
#2389 = DIRECTION('',(-2.168404344971E-16,-1.,0.));
#2390 = ORIENTED_EDGE('',*,*,#2391,.F.);
#2391 = EDGE_CURVE('',#2392,#2384,#2394,.T.);
#2392 = VERTEX_POINT('',#2393);
#2393 = CARTESIAN_POINT('',(-1.,-1.,0.7));
#2394 = LINE('',#2395,#2396);
#2395 = CARTESIAN_POINT('',(-1.,-1.,0.7));
#2396 = VECTOR('',#2397,1.);
#2397 = DIRECTION('',(0.,0.,-1.));
#2398 = ORIENTED_EDGE('',*,*,#2399,.F.);
#2399 = EDGE_CURVE('',#2354,#2392,#2400,.T.);
#2400 = LINE('',#2401,#2402);
#2401 = CARTESIAN_POINT('',(-1.,2.168404344971E-16,0.7));
#2402 = VECTOR('',#2403,1.);
#2403 = DIRECTION('',(-2.168404344971E-16,-1.,0.));
#2404 = ORIENTED_EDGE('',*,*,#2353,.T.);
#2405 = PLANE('',#2406);
#2406 = AXIS2_PLACEMENT_3D('',#2407,#2408,#2409);
#2407 = CARTESIAN_POINT('',(-1.,2.168404344971E-16,0.7));
#2408 = DIRECTION('',(1.,-2.168404344971E-16,0.));
#2409 = DIRECTION('',(2.168404344971E-16,1.,0.));
#2410 = ADVANCED_FACE('',(#2411),#2436,.F.);
#2411 = FACE_BOUND('',#2412,.T.);
#2412 = EDGE_LOOP('',(#2413,#2421,#2429,#2435));
#2413 = ORIENTED_EDGE('',*,*,#2414,.T.);
#2414 = EDGE_CURVE('',#2384,#2415,#2417,.T.);
#2415 = VERTEX_POINT('',#2416);
#2416 = CARTESIAN_POINT('',(1.,-1.,0.));
#2417 = LINE('',#2418,#2419);
#2418 = CARTESIAN_POINT('',(-4.336808689942E-16,-1.,0.));
#2419 = VECTOR('',#2420,1.);
#2420 = DIRECTION('',(1.,0.,0.));
#2421 = ORIENTED_EDGE('',*,*,#2422,.F.);
#2422 = EDGE_CURVE('',#2423,#2415,#2425,.T.);
#2423 = VERTEX_POINT('',#2424);
#2424 = CARTESIAN_POINT('',(1.,-1.,0.7));
#2425 = LINE('',#2426,#2427);
#2426 = CARTESIAN_POINT('',(1.,-1.,0.7));
#2427 = VECTOR('',#2428,1.);
#2428 = DIRECTION('',(0.,0.,-1.));
#2429 = ORIENTED_EDGE('',*,*,#2430,.F.);
#2430 = EDGE_CURVE('',#2392,#2423,#2431,.T.);
#2431 = LINE('',#2432,#2433);
#2432 = CARTESIAN_POINT('',(-4.336808689942E-16,-1.,0.7));
#2433 = VECTOR('',#2434,1.);
#2434 = DIRECTION('',(1.,0.,0.));
#2435 = ORIENTED_EDGE('',*,*,#2391,.T.);
#2436 = PLANE('',#2437);
#2437 = AXIS2_PLACEMENT_3D('',#2438,#2439,#2440);
#2438 = CARTESIAN_POINT('',(-4.336808689942E-16,-1.,0.7));
#2439 = DIRECTION('',(0.,1.,0.));
#2440 = DIRECTION('',(0.,-0.,1.));
#2441 = ADVANCED_FACE('',(#2442),#2458,.T.);
#2442 = FACE_BOUND('',#2443,.T.);
#2443 = EDGE_LOOP('',(#2444,#2450,#2451,#2457));
#2444 = ORIENTED_EDGE('',*,*,#2445,.F.);
#2445 = EDGE_CURVE('',#2346,#2415,#2446,.T.);
#2446 = LINE('',#2447,#2448);
#2447 = CARTESIAN_POINT('',(1.,1.084202172485E-16,0.));
#2448 = VECTOR('',#2449,1.);
#2449 = DIRECTION('',(-2.168404344971E-16,-1.,0.));
#2450 = ORIENTED_EDGE('',*,*,#2369,.F.);
#2451 = ORIENTED_EDGE('',*,*,#2452,.T.);
#2452 = EDGE_CURVE('',#2362,#2423,#2453,.T.);
#2453 = LINE('',#2454,#2455);
#2454 = CARTESIAN_POINT('',(1.,1.084202172485E-16,0.7));
#2455 = VECTOR('',#2456,1.);
#2456 = DIRECTION('',(-2.168404344971E-16,-1.,0.));
#2457 = ORIENTED_EDGE('',*,*,#2422,.T.);
#2458 = PLANE('',#2459);
#2459 = AXIS2_PLACEMENT_3D('',#2460,#2461,#2462);
#2460 = CARTESIAN_POINT('',(1.,1.084202172485E-16,0.7));
#2461 = DIRECTION('',(1.,-2.168404344971E-16,0.));
#2462 = DIRECTION('',(2.168404344971E-16,1.,0.));
#2463 = ADVANCED_FACE('',(#2464),#2470,.T.);
#2464 = FACE_BOUND('',#2465,.T.);
#2465 = EDGE_LOOP('',(#2466,#2467,#2468,#2469));
#2466 = ORIENTED_EDGE('',*,*,#2361,.F.);
#2467 = ORIENTED_EDGE('',*,*,#2399,.T.);
#2468 = ORIENTED_EDGE('',*,*,#2430,.T.);
#2469 = ORIENTED_EDGE('',*,*,#2452,.F.);
#2470 = PLANE('',#2471);
#2471 = AXIS2_PLACEMENT_3D('',#2472,#2473,#2474);
#2472 = CARTESIAN_POINT('',(0.,0.,0.7));
#2473 = DIRECTION('',(0.,0.,1.));
#2474 = DIRECTION('',(1.,0.,-0.));
#2475 = ADVANCED_FACE('',(#2476),#2482,.F.);
#2476 = FACE_BOUND('',#2477,.T.);
#2477 = EDGE_LOOP('',(#2478,#2479,#2480,#2481));
#2478 = ORIENTED_EDGE('',*,*,#2343,.T.);
#2479 = ORIENTED_EDGE('',*,*,#2445,.T.);
#2480 = ORIENTED_EDGE('',*,*,#2414,.F.);
#2481 = ORIENTED_EDGE('',*,*,#2383,.F.);
#2482 = PLANE('',#2483);
#2483 = AXIS2_PLACEMENT_3D('',#2484,#2485,#2486);
#2484 = CARTESIAN_POINT('',(0.,0.,0.));
#2485 = DIRECTION('',(0.,0.,1.));
#2486 = DIRECTION('',(1.,0.,-0.));
#2487 = ( GEOMETRIC_REPRESENTATION_CONTEXT(3) 
GLOBAL_UNCERTAINTY_ASSIGNED_CONTEXT((#2491)) 
GLOBAL_UNIT_ASSIGNED_CONTEXT((#2488,#2489,#2490)) REPRESENTATION_CONTEXT
('Context #1','3D Context with UNIT and UNCERTAINTY') );
#2488 = ( LENGTH_UNIT() NAMED_UNIT(*) SI_UNIT(.MILLI.,.METRE.) );
#2489 = ( NAMED_UNIT(*) PLANE_ANGLE_UNIT() SI_UNIT($,.RADIAN.) );
#2490 = ( NAMED_UNIT(*) SI_UNIT($,.STERADIAN.) SOLID_ANGLE_UNIT() );
#2491 = UNCERTAINTY_MEASURE_WITH_UNIT(LENGTH_MEASURE(1.E-07),#2488,
  'distance_accuracy_value','confusion accuracy');
#2492 = CONTEXT_DEPENDENT_SHAPE_REPRESENTATION(#2493,#2495);
#2493 = ( REPRESENTATION_RELATIONSHIP('','',#2336,#10) 
REPRESENTATION_RELATIONSHIP_WITH_TRANSFORMATION(#2494) 
SHAPE_REPRESENTATION_RELATIONSHIP() );
#2494 = ITEM_DEFINED_TRANSFORMATION('','',#11,#27);
#2495 = PRODUCT_DEFINITION_SHAPE('Placement','Placement of an item',
  #2496);
#2496 = NEXT_ASSEMBLY_USAGE_OCCURRENCE('4','U2','',#5,#2331,$);
#2497 = PRODUCT_RELATED_PRODUCT_CATEGORY('part',$,(#2333));
#2498 = SHAPE_DEFINITION_REPRESENTATION(#2499,#2505);
#2499 = PRODUCT_DEFINITION_SHAPE('','',#2500);
#2500 = PRODUCT_DEFINITION('design','',#2501,#2504);
#2501 = PRODUCT_DEFINITION_FORMATION('','',#2502);
#2502 = PRODUCT('R_0402_1005Metric','R_0402_1005Metric','',(#2503));
#2503 = PRODUCT_CONTEXT('',#2,'mechanical');
#2504 = PRODUCT_DEFINITION_CONTEXT('part definition',#2,'design');
#2505 = ADVANCED_BREP_SHAPE_REPRESENTATION('',(#11,#2506),#3296);
#2506 = MANIFOLD_SOLID_BREP('',#2507);
#2507 = CLOSED_SHELL('',(#2508,#2548,#2631,#2656,#2681,#2748,#2765,#2782
    ,#2831,#2848,#2865,#2914,#2931,#3000,#3031,#3055,#3124,#3148,#3165,
    #3182,#3199,#3216,#3233,#3250,#3267,#3284));
#2508 = ADVANCED_FACE('',(#2509),#2543,.F.);
#2509 = FACE_BOUND('',#2510,.F.);
#2510 = EDGE_LOOP('',(#2511,#2521,#2529,#2537));
#2511 = ORIENTED_EDGE('',*,*,#2512,.F.);
#2512 = EDGE_CURVE('',#2513,#2515,#2517,.T.);
#2513 = VERTEX_POINT('',#2514);
#2514 = CARTESIAN_POINT('',(-0.5,-0.25,3.5E-02));
#2515 = VERTEX_POINT('',#2516);
#2516 = CARTESIAN_POINT('',(-0.5,-0.25,0.315));
#2517 = LINE('',#2518,#2519);
#2518 = CARTESIAN_POINT('',(-0.5,-0.25,0.));
#2519 = VECTOR('',#2520,1.);
#2520 = DIRECTION('',(0.,0.,1.));
#2521 = ORIENTED_EDGE('',*,*,#2522,.T.);
#2522 = EDGE_CURVE('',#2513,#2523,#2525,.T.);
#2523 = VERTEX_POINT('',#2524);
#2524 = CARTESIAN_POINT('',(-0.5,0.25,3.5E-02));
#2525 = LINE('',#2526,#2527);
#2526 = CARTESIAN_POINT('',(-0.5,-0.25,3.5E-02));
#2527 = VECTOR('',#2528,1.);
#2528 = DIRECTION('',(0.,1.,0.));
#2529 = ORIENTED_EDGE('',*,*,#2530,.T.);
#2530 = EDGE_CURVE('',#2523,#2531,#2533,.T.);
#2531 = VERTEX_POINT('',#2532);
#2532 = CARTESIAN_POINT('',(-0.5,0.25,0.315));
#2533 = LINE('',#2534,#2535);
#2534 = CARTESIAN_POINT('',(-0.5,0.25,0.));
#2535 = VECTOR('',#2536,1.);
#2536 = DIRECTION('',(0.,0.,1.));
#2537 = ORIENTED_EDGE('',*,*,#2538,.F.);
#2538 = EDGE_CURVE('',#2515,#2531,#2539,.T.);
#2539 = LINE('',#2540,#2541);
#2540 = CARTESIAN_POINT('',(-0.5,-0.25,0.315));
#2541 = VECTOR('',#2542,1.);
#2542 = DIRECTION('',(0.,1.,0.));
#2543 = PLANE('',#2544);
#2544 = AXIS2_PLACEMENT_3D('',#2545,#2546,#2547);
#2545 = CARTESIAN_POINT('',(-0.5,-0.25,0.));
#2546 = DIRECTION('',(1.,0.,0.));
#2547 = DIRECTION('',(0.,0.,1.));
#2548 = ADVANCED_FACE('',(#2549),#2626,.F.);
#2549 = FACE_BOUND('',#2550,.F.);
#2550 = EDGE_LOOP('',(#2551,#2561,#2568,#2569,#2578,#2586,#2595,#2603,
    #2611,#2619));
#2551 = ORIENTED_EDGE('',*,*,#2552,.F.);
#2552 = EDGE_CURVE('',#2553,#2555,#2557,.T.);
#2553 = VERTEX_POINT('',#2554);
#2554 = CARTESIAN_POINT('',(-0.465,-0.25,-2.775557561563E-17));
#2555 = VERTEX_POINT('',#2556);
#2556 = CARTESIAN_POINT('',(-0.335,-0.25,-2.775557561563E-17));
#2557 = LINE('',#2558,#2559);
#2558 = CARTESIAN_POINT('',(-0.5,-0.25,0.));
#2559 = VECTOR('',#2560,1.);
#2560 = DIRECTION('',(1.,0.,0.));
#2561 = ORIENTED_EDGE('',*,*,#2562,.F.);
#2562 = EDGE_CURVE('',#2513,#2553,#2563,.T.);
#2563 = CIRCLE('',#2564,3.5E-02);
#2564 = AXIS2_PLACEMENT_3D('',#2565,#2566,#2567);
#2565 = CARTESIAN_POINT('',(-0.465,-0.25,3.5E-02));
#2566 = DIRECTION('',(0.,-1.,0.));
#2567 = DIRECTION('',(0.,0.,1.));
#2568 = ORIENTED_EDGE('',*,*,#2512,.T.);
#2569 = ORIENTED_EDGE('',*,*,#2570,.T.);
#2570 = EDGE_CURVE('',#2515,#2571,#2573,.T.);
#2571 = VERTEX_POINT('',#2572);
#2572 = CARTESIAN_POINT('',(-0.465,-0.25,0.35));
#2573 = CIRCLE('',#2574,3.5E-02);
#2574 = AXIS2_PLACEMENT_3D('',#2575,#2576,#2577);
#2575 = CARTESIAN_POINT('',(-0.465,-0.25,0.315));
#2576 = DIRECTION('',(0.,1.,0.));
#2577 = DIRECTION('',(0.,-0.,1.));
#2578 = ORIENTED_EDGE('',*,*,#2579,.T.);
#2579 = EDGE_CURVE('',#2571,#2580,#2582,.T.);
#2580 = VERTEX_POINT('',#2581);
#2581 = CARTESIAN_POINT('',(-0.335,-0.25,0.35));
#2582 = LINE('',#2583,#2584);
#2583 = CARTESIAN_POINT('',(-0.5,-0.25,0.35));
#2584 = VECTOR('',#2585,1.);
#2585 = DIRECTION('',(1.,0.,0.));
#2586 = ORIENTED_EDGE('',*,*,#2587,.F.);
#2587 = EDGE_CURVE('',#2588,#2580,#2590,.T.);
#2588 = VERTEX_POINT('',#2589);
#2589 = CARTESIAN_POINT('',(-0.3,-0.25,0.315));
#2590 = CIRCLE('',#2591,3.5E-02);
#2591 = AXIS2_PLACEMENT_3D('',#2592,#2593,#2594);
#2592 = CARTESIAN_POINT('',(-0.335,-0.25,0.315));
#2593 = DIRECTION('',(0.,-1.,0.));
#2594 = DIRECTION('',(0.,0.,1.));
#2595 = ORIENTED_EDGE('',*,*,#2596,.F.);
#2596 = EDGE_CURVE('',#2597,#2588,#2599,.T.);
#2597 = VERTEX_POINT('',#2598);
#2598 = CARTESIAN_POINT('',(-0.465,-0.25,0.315));
#2599 = LINE('',#2600,#2601);
#2600 = CARTESIAN_POINT('',(-0.465,-0.25,0.315));
#2601 = VECTOR('',#2602,1.);
#2602 = DIRECTION('',(1.,0.,0.));
#2603 = ORIENTED_EDGE('',*,*,#2604,.F.);
#2604 = EDGE_CURVE('',#2605,#2597,#2607,.T.);
#2605 = VERTEX_POINT('',#2606);
#2606 = CARTESIAN_POINT('',(-0.465,-0.25,3.5E-02));
#2607 = LINE('',#2608,#2609);
#2608 = CARTESIAN_POINT('',(-0.465,-0.25,3.5E-02));
#2609 = VECTOR('',#2610,1.);
#2610 = DIRECTION('',(0.,0.,1.));
#2611 = ORIENTED_EDGE('',*,*,#2612,.T.);
#2612 = EDGE_CURVE('',#2605,#2613,#2615,.T.);
#2613 = VERTEX_POINT('',#2614);
#2614 = CARTESIAN_POINT('',(-0.3,-0.25,3.5E-02));
#2615 = LINE('',#2616,#2617);
#2616 = CARTESIAN_POINT('',(-0.465,-0.25,3.5E-02));
#2617 = VECTOR('',#2618,1.);
#2618 = DIRECTION('',(1.,0.,0.));
#2619 = ORIENTED_EDGE('',*,*,#2620,.T.);
#2620 = EDGE_CURVE('',#2613,#2555,#2621,.T.);
#2621 = CIRCLE('',#2622,3.5E-02);
#2622 = AXIS2_PLACEMENT_3D('',#2623,#2624,#2625);
#2623 = CARTESIAN_POINT('',(-0.335,-0.25,3.5E-02));
#2624 = DIRECTION('',(0.,1.,0.));
#2625 = DIRECTION('',(0.,-0.,1.));
#2626 = PLANE('',#2627);
#2627 = AXIS2_PLACEMENT_3D('',#2628,#2629,#2630);
#2628 = CARTESIAN_POINT('',(-0.5,-0.25,0.));
#2629 = DIRECTION('',(0.,1.,0.));
#2630 = DIRECTION('',(0.,-0.,1.));
#2631 = ADVANCED_FACE('',(#2632),#2651,.T.);
#2632 = FACE_BOUND('',#2633,.T.);
#2633 = EDGE_LOOP('',(#2634,#2635,#2644,#2650));
#2634 = ORIENTED_EDGE('',*,*,#2522,.T.);
#2635 = ORIENTED_EDGE('',*,*,#2636,.T.);
#2636 = EDGE_CURVE('',#2523,#2637,#2639,.T.);
#2637 = VERTEX_POINT('',#2638);
#2638 = CARTESIAN_POINT('',(-0.465,0.25,-2.775557561563E-17));
#2639 = CIRCLE('',#2640,3.5E-02);
#2640 = AXIS2_PLACEMENT_3D('',#2641,#2642,#2643);
#2641 = CARTESIAN_POINT('',(-0.465,0.25,3.5E-02));
#2642 = DIRECTION('',(0.,-1.,0.));
#2643 = DIRECTION('',(0.,0.,1.));
#2644 = ORIENTED_EDGE('',*,*,#2645,.F.);
#2645 = EDGE_CURVE('',#2553,#2637,#2646,.T.);
#2646 = LINE('',#2647,#2648);
#2647 = CARTESIAN_POINT('',(-0.465,-0.25,-2.775557561563E-17));
#2648 = VECTOR('',#2649,1.);
#2649 = DIRECTION('',(0.,1.,0.));
#2650 = ORIENTED_EDGE('',*,*,#2562,.F.);
#2651 = CYLINDRICAL_SURFACE('',#2652,3.5E-02);
#2652 = AXIS2_PLACEMENT_3D('',#2653,#2654,#2655);
#2653 = CARTESIAN_POINT('',(-0.465,-0.25,3.5E-02));
#2654 = DIRECTION('',(0.,1.,0.));
#2655 = DIRECTION('',(-1.,0.,0.));
#2656 = ADVANCED_FACE('',(#2657),#2676,.T.);
#2657 = FACE_BOUND('',#2658,.T.);
#2658 = EDGE_LOOP('',(#2659,#2660,#2668,#2675));
#2659 = ORIENTED_EDGE('',*,*,#2570,.T.);
#2660 = ORIENTED_EDGE('',*,*,#2661,.T.);
#2661 = EDGE_CURVE('',#2571,#2662,#2664,.T.);
#2662 = VERTEX_POINT('',#2663);
#2663 = CARTESIAN_POINT('',(-0.465,0.25,0.35));
#2664 = LINE('',#2665,#2666);
#2665 = CARTESIAN_POINT('',(-0.465,-0.25,0.35));
#2666 = VECTOR('',#2667,1.);
#2667 = DIRECTION('',(0.,1.,0.));
#2668 = ORIENTED_EDGE('',*,*,#2669,.F.);
#2669 = EDGE_CURVE('',#2531,#2662,#2670,.T.);
#2670 = CIRCLE('',#2671,3.5E-02);
#2671 = AXIS2_PLACEMENT_3D('',#2672,#2673,#2674);
#2672 = CARTESIAN_POINT('',(-0.465,0.25,0.315));
#2673 = DIRECTION('',(0.,1.,0.));
#2674 = DIRECTION('',(0.,-0.,1.));
#2675 = ORIENTED_EDGE('',*,*,#2538,.F.);
#2676 = CYLINDRICAL_SURFACE('',#2677,3.5E-02);
#2677 = AXIS2_PLACEMENT_3D('',#2678,#2679,#2680);
#2678 = CARTESIAN_POINT('',(-0.465,-0.25,0.315));
#2679 = DIRECTION('',(0.,1.,0.));
#2680 = DIRECTION('',(-1.,0.,0.));
#2681 = ADVANCED_FACE('',(#2682),#2743,.T.);
#2682 = FACE_BOUND('',#2683,.T.);
#2683 = EDGE_LOOP('',(#2684,#2692,#2693,#2694,#2695,#2703,#2712,#2720,
    #2728,#2736));
#2684 = ORIENTED_EDGE('',*,*,#2685,.F.);
#2685 = EDGE_CURVE('',#2637,#2686,#2688,.T.);
#2686 = VERTEX_POINT('',#2687);
#2687 = CARTESIAN_POINT('',(-0.335,0.25,-2.775557561563E-17));
#2688 = LINE('',#2689,#2690);
#2689 = CARTESIAN_POINT('',(-0.5,0.25,0.));
#2690 = VECTOR('',#2691,1.);
#2691 = DIRECTION('',(1.,0.,0.));
#2692 = ORIENTED_EDGE('',*,*,#2636,.F.);
#2693 = ORIENTED_EDGE('',*,*,#2530,.T.);
#2694 = ORIENTED_EDGE('',*,*,#2669,.T.);
#2695 = ORIENTED_EDGE('',*,*,#2696,.T.);
#2696 = EDGE_CURVE('',#2662,#2697,#2699,.T.);
#2697 = VERTEX_POINT('',#2698);
#2698 = CARTESIAN_POINT('',(-0.335,0.25,0.35));
#2699 = LINE('',#2700,#2701);
#2700 = CARTESIAN_POINT('',(-0.5,0.25,0.35));
#2701 = VECTOR('',#2702,1.);
#2702 = DIRECTION('',(1.,0.,0.));
#2703 = ORIENTED_EDGE('',*,*,#2704,.F.);
#2704 = EDGE_CURVE('',#2705,#2697,#2707,.T.);
#2705 = VERTEX_POINT('',#2706);
#2706 = CARTESIAN_POINT('',(-0.3,0.25,0.315));
#2707 = CIRCLE('',#2708,3.5E-02);
#2708 = AXIS2_PLACEMENT_3D('',#2709,#2710,#2711);
#2709 = CARTESIAN_POINT('',(-0.335,0.25,0.315));
#2710 = DIRECTION('',(0.,-1.,0.));
#2711 = DIRECTION('',(0.,0.,1.));
#2712 = ORIENTED_EDGE('',*,*,#2713,.F.);
#2713 = EDGE_CURVE('',#2714,#2705,#2716,.T.);
#2714 = VERTEX_POINT('',#2715);
#2715 = CARTESIAN_POINT('',(-0.465,0.25,0.315));
#2716 = LINE('',#2717,#2718);
#2717 = CARTESIAN_POINT('',(-0.465,0.25,0.315));
#2718 = VECTOR('',#2719,1.);
#2719 = DIRECTION('',(1.,0.,0.));
#2720 = ORIENTED_EDGE('',*,*,#2721,.F.);
#2721 = EDGE_CURVE('',#2722,#2714,#2724,.T.);
#2722 = VERTEX_POINT('',#2723);
#2723 = CARTESIAN_POINT('',(-0.465,0.25,3.5E-02));
#2724 = LINE('',#2725,#2726);
#2725 = CARTESIAN_POINT('',(-0.465,0.25,3.5E-02));
#2726 = VECTOR('',#2727,1.);
#2727 = DIRECTION('',(0.,0.,1.));
#2728 = ORIENTED_EDGE('',*,*,#2729,.T.);
#2729 = EDGE_CURVE('',#2722,#2730,#2732,.T.);
#2730 = VERTEX_POINT('',#2731);
#2731 = CARTESIAN_POINT('',(-0.3,0.25,3.5E-02));
#2732 = LINE('',#2733,#2734);
#2733 = CARTESIAN_POINT('',(-0.465,0.25,3.5E-02));
#2734 = VECTOR('',#2735,1.);
#2735 = DIRECTION('',(1.,0.,0.));
#2736 = ORIENTED_EDGE('',*,*,#2737,.T.);
#2737 = EDGE_CURVE('',#2730,#2686,#2738,.T.);
#2738 = CIRCLE('',#2739,3.5E-02);
#2739 = AXIS2_PLACEMENT_3D('',#2740,#2741,#2742);
#2740 = CARTESIAN_POINT('',(-0.335,0.25,3.5E-02));
#2741 = DIRECTION('',(0.,1.,0.));
#2742 = DIRECTION('',(0.,-0.,1.));
#2743 = PLANE('',#2744);
#2744 = AXIS2_PLACEMENT_3D('',#2745,#2746,#2747);
#2745 = CARTESIAN_POINT('',(-0.5,0.25,0.));
#2746 = DIRECTION('',(0.,1.,0.));
#2747 = DIRECTION('',(0.,-0.,1.));
#2748 = ADVANCED_FACE('',(#2749),#2760,.F.);
#2749 = FACE_BOUND('',#2750,.F.);
#2750 = EDGE_LOOP('',(#2751,#2752,#2753,#2754));
#2751 = ORIENTED_EDGE('',*,*,#2685,.F.);
#2752 = ORIENTED_EDGE('',*,*,#2645,.F.);
#2753 = ORIENTED_EDGE('',*,*,#2552,.T.);
#2754 = ORIENTED_EDGE('',*,*,#2755,.T.);
#2755 = EDGE_CURVE('',#2555,#2686,#2756,.T.);
#2756 = LINE('',#2757,#2758);
#2757 = CARTESIAN_POINT('',(-0.335,-0.25,-2.775557561563E-17));
#2758 = VECTOR('',#2759,1.);
#2759 = DIRECTION('',(0.,1.,0.));
#2760 = PLANE('',#2761);
#2761 = AXIS2_PLACEMENT_3D('',#2762,#2763,#2764);
#2762 = CARTESIAN_POINT('',(-0.5,-0.25,0.));
#2763 = DIRECTION('',(0.,0.,1.));
#2764 = DIRECTION('',(1.,0.,-0.));
#2765 = ADVANCED_FACE('',(#2766),#2777,.T.);
#2766 = FACE_BOUND('',#2767,.T.);
#2767 = EDGE_LOOP('',(#2768,#2769,#2770,#2771));
#2768 = ORIENTED_EDGE('',*,*,#2620,.T.);
#2769 = ORIENTED_EDGE('',*,*,#2755,.T.);
#2770 = ORIENTED_EDGE('',*,*,#2737,.F.);
#2771 = ORIENTED_EDGE('',*,*,#2772,.F.);
#2772 = EDGE_CURVE('',#2613,#2730,#2773,.T.);
#2773 = LINE('',#2774,#2775);
#2774 = CARTESIAN_POINT('',(-0.3,-0.25,3.5E-02));
#2775 = VECTOR('',#2776,1.);
#2776 = DIRECTION('',(0.,1.,0.));
#2777 = CYLINDRICAL_SURFACE('',#2778,3.5E-02);
#2778 = AXIS2_PLACEMENT_3D('',#2779,#2780,#2781);
#2779 = CARTESIAN_POINT('',(-0.335,-0.25,3.5E-02));
#2780 = DIRECTION('',(0.,1.,0.));
#2781 = DIRECTION('',(1.,0.,0.));
#2782 = ADVANCED_FACE('',(#2783),#2826,.F.);
#2783 = FACE_BOUND('',#2784,.F.);
#2784 = EDGE_LOOP('',(#2785,#2786,#2787,#2788,#2796,#2804,#2812,#2820));
#2785 = ORIENTED_EDGE('',*,*,#2612,.F.);
#2786 = ORIENTED_EDGE('',*,*,#2604,.T.);
#2787 = ORIENTED_EDGE('',*,*,#2596,.T.);
#2788 = ORIENTED_EDGE('',*,*,#2789,.T.);
#2789 = EDGE_CURVE('',#2588,#2790,#2792,.T.);
#2790 = VERTEX_POINT('',#2791);
#2791 = CARTESIAN_POINT('',(0.3,-0.25,0.315));
#2792 = LINE('',#2793,#2794);
#2793 = CARTESIAN_POINT('',(-0.3,-0.25,0.315));
#2794 = VECTOR('',#2795,1.);
#2795 = DIRECTION('',(1.,0.,0.));
#2796 = ORIENTED_EDGE('',*,*,#2797,.T.);
#2797 = EDGE_CURVE('',#2790,#2798,#2800,.T.);
#2798 = VERTEX_POINT('',#2799);
#2799 = CARTESIAN_POINT('',(0.465,-0.25,0.315));
#2800 = LINE('',#2801,#2802);
#2801 = CARTESIAN_POINT('',(-0.465,-0.25,0.315));
#2802 = VECTOR('',#2803,1.);
#2803 = DIRECTION('',(1.,0.,0.));
#2804 = ORIENTED_EDGE('',*,*,#2805,.F.);
#2805 = EDGE_CURVE('',#2806,#2798,#2808,.T.);
#2806 = VERTEX_POINT('',#2807);
#2807 = CARTESIAN_POINT('',(0.465,-0.25,3.5E-02));
#2808 = LINE('',#2809,#2810);
#2809 = CARTESIAN_POINT('',(0.465,-0.25,3.5E-02));
#2810 = VECTOR('',#2811,1.);
#2811 = DIRECTION('',(0.,0.,1.));
#2812 = ORIENTED_EDGE('',*,*,#2813,.F.);
#2813 = EDGE_CURVE('',#2814,#2806,#2816,.T.);
#2814 = VERTEX_POINT('',#2815);
#2815 = CARTESIAN_POINT('',(0.3,-0.25,3.5E-02));
#2816 = LINE('',#2817,#2818);
#2817 = CARTESIAN_POINT('',(-0.465,-0.25,3.5E-02));
#2818 = VECTOR('',#2819,1.);
#2819 = DIRECTION('',(1.,0.,0.));
#2820 = ORIENTED_EDGE('',*,*,#2821,.F.);
#2821 = EDGE_CURVE('',#2613,#2814,#2822,.T.);
#2822 = LINE('',#2823,#2824);
#2823 = CARTESIAN_POINT('',(-0.465,-0.25,3.5E-02));
#2824 = VECTOR('',#2825,1.);
#2825 = DIRECTION('',(1.,0.,0.));
#2826 = PLANE('',#2827);
#2827 = AXIS2_PLACEMENT_3D('',#2828,#2829,#2830);
#2828 = CARTESIAN_POINT('',(-0.465,-0.25,3.5E-02));
#2829 = DIRECTION('',(0.,1.,0.));
#2830 = DIRECTION('',(0.,-0.,1.));
#2831 = ADVANCED_FACE('',(#2832),#2843,.T.);
#2832 = FACE_BOUND('',#2833,.T.);
#2833 = EDGE_LOOP('',(#2834,#2835,#2836,#2837));
#2834 = ORIENTED_EDGE('',*,*,#2696,.F.);
#2835 = ORIENTED_EDGE('',*,*,#2661,.F.);
#2836 = ORIENTED_EDGE('',*,*,#2579,.T.);
#2837 = ORIENTED_EDGE('',*,*,#2838,.T.);
#2838 = EDGE_CURVE('',#2580,#2697,#2839,.T.);
#2839 = LINE('',#2840,#2841);
#2840 = CARTESIAN_POINT('',(-0.335,-0.25,0.35));
#2841 = VECTOR('',#2842,1.);
#2842 = DIRECTION('',(0.,1.,0.));
#2843 = PLANE('',#2844);
#2844 = AXIS2_PLACEMENT_3D('',#2845,#2846,#2847);
#2845 = CARTESIAN_POINT('',(-0.5,-0.25,0.35));
#2846 = DIRECTION('',(0.,0.,1.));
#2847 = DIRECTION('',(1.,0.,-0.));
#2848 = ADVANCED_FACE('',(#2849),#2860,.T.);
#2849 = FACE_BOUND('',#2850,.T.);
#2850 = EDGE_LOOP('',(#2851,#2857,#2858,#2859));
#2851 = ORIENTED_EDGE('',*,*,#2852,.T.);
#2852 = EDGE_CURVE('',#2588,#2705,#2853,.T.);
#2853 = LINE('',#2854,#2855);
#2854 = CARTESIAN_POINT('',(-0.3,-0.25,0.315));
#2855 = VECTOR('',#2856,1.);
#2856 = DIRECTION('',(0.,1.,0.));
#2857 = ORIENTED_EDGE('',*,*,#2704,.T.);
#2858 = ORIENTED_EDGE('',*,*,#2838,.F.);
#2859 = ORIENTED_EDGE('',*,*,#2587,.F.);
#2860 = CYLINDRICAL_SURFACE('',#2861,3.5E-02);
#2861 = AXIS2_PLACEMENT_3D('',#2862,#2863,#2864);
#2862 = CARTESIAN_POINT('',(-0.335,-0.25,0.315));
#2863 = DIRECTION('',(0.,1.,0.));
#2864 = DIRECTION('',(1.,0.,0.));
#2865 = ADVANCED_FACE('',(#2866),#2909,.T.);
#2866 = FACE_BOUND('',#2867,.T.);
#2867 = EDGE_LOOP('',(#2868,#2869,#2870,#2871,#2879,#2887,#2895,#2903));
#2868 = ORIENTED_EDGE('',*,*,#2729,.F.);
#2869 = ORIENTED_EDGE('',*,*,#2721,.T.);
#2870 = ORIENTED_EDGE('',*,*,#2713,.T.);
#2871 = ORIENTED_EDGE('',*,*,#2872,.T.);
#2872 = EDGE_CURVE('',#2705,#2873,#2875,.T.);
#2873 = VERTEX_POINT('',#2874);
#2874 = CARTESIAN_POINT('',(0.3,0.25,0.315));
#2875 = LINE('',#2876,#2877);
#2876 = CARTESIAN_POINT('',(-0.3,0.25,0.315));
#2877 = VECTOR('',#2878,1.);
#2878 = DIRECTION('',(1.,0.,0.));
#2879 = ORIENTED_EDGE('',*,*,#2880,.T.);
#2880 = EDGE_CURVE('',#2873,#2881,#2883,.T.);
#2881 = VERTEX_POINT('',#2882);
#2882 = CARTESIAN_POINT('',(0.465,0.25,0.315));
#2883 = LINE('',#2884,#2885);
#2884 = CARTESIAN_POINT('',(-0.465,0.25,0.315));
#2885 = VECTOR('',#2886,1.);
#2886 = DIRECTION('',(1.,0.,0.));
#2887 = ORIENTED_EDGE('',*,*,#2888,.F.);
#2888 = EDGE_CURVE('',#2889,#2881,#2891,.T.);
#2889 = VERTEX_POINT('',#2890);
#2890 = CARTESIAN_POINT('',(0.465,0.25,3.5E-02));
#2891 = LINE('',#2892,#2893);
#2892 = CARTESIAN_POINT('',(0.465,0.25,3.5E-02));
#2893 = VECTOR('',#2894,1.);
#2894 = DIRECTION('',(0.,0.,1.));
#2895 = ORIENTED_EDGE('',*,*,#2896,.F.);
#2896 = EDGE_CURVE('',#2897,#2889,#2899,.T.);
#2897 = VERTEX_POINT('',#2898);
#2898 = CARTESIAN_POINT('',(0.3,0.25,3.5E-02));
#2899 = LINE('',#2900,#2901);
#2900 = CARTESIAN_POINT('',(-0.465,0.25,3.5E-02));
#2901 = VECTOR('',#2902,1.);
#2902 = DIRECTION('',(1.,0.,0.));
#2903 = ORIENTED_EDGE('',*,*,#2904,.F.);
#2904 = EDGE_CURVE('',#2730,#2897,#2905,.T.);
#2905 = LINE('',#2906,#2907);
#2906 = CARTESIAN_POINT('',(-0.465,0.25,3.5E-02));
#2907 = VECTOR('',#2908,1.);
#2908 = DIRECTION('',(1.,0.,0.));
#2909 = PLANE('',#2910);
#2910 = AXIS2_PLACEMENT_3D('',#2911,#2912,#2913);
#2911 = CARTESIAN_POINT('',(-0.465,0.25,3.5E-02));
#2912 = DIRECTION('',(0.,1.,0.));
#2913 = DIRECTION('',(0.,-0.,1.));
#2914 = ADVANCED_FACE('',(#2915),#2926,.F.);
#2915 = FACE_BOUND('',#2916,.F.);
#2916 = EDGE_LOOP('',(#2917,#2918,#2919,#2925));
#2917 = ORIENTED_EDGE('',*,*,#2772,.F.);
#2918 = ORIENTED_EDGE('',*,*,#2821,.T.);
#2919 = ORIENTED_EDGE('',*,*,#2920,.T.);
#2920 = EDGE_CURVE('',#2814,#2897,#2921,.T.);
#2921 = LINE('',#2922,#2923);
#2922 = CARTESIAN_POINT('',(0.3,-0.25,3.5E-02));
#2923 = VECTOR('',#2924,1.);
#2924 = DIRECTION('',(0.,1.,0.));
#2925 = ORIENTED_EDGE('',*,*,#2904,.F.);
#2926 = PLANE('',#2927);
#2927 = AXIS2_PLACEMENT_3D('',#2928,#2929,#2930);
#2928 = CARTESIAN_POINT('',(-0.465,-0.25,3.5E-02));
#2929 = DIRECTION('',(0.,0.,1.));
#2930 = DIRECTION('',(1.,0.,-0.));
#2931 = ADVANCED_FACE('',(#2932),#2995,.F.);
#2932 = FACE_BOUND('',#2933,.F.);
#2933 = EDGE_LOOP('',(#2934,#2944,#2951,#2952,#2953,#2954,#2963,#2971,
    #2980,#2988));
#2934 = ORIENTED_EDGE('',*,*,#2935,.F.);
#2935 = EDGE_CURVE('',#2936,#2938,#2940,.T.);
#2936 = VERTEX_POINT('',#2937);
#2937 = CARTESIAN_POINT('',(0.335,-0.25,-2.775557561563E-17));
#2938 = VERTEX_POINT('',#2939);
#2939 = CARTESIAN_POINT('',(0.465,-0.25,-2.775557561563E-17));
#2940 = LINE('',#2941,#2942);
#2941 = CARTESIAN_POINT('',(0.3,-0.25,0.));
#2942 = VECTOR('',#2943,1.);
#2943 = DIRECTION('',(1.,0.,0.));
#2944 = ORIENTED_EDGE('',*,*,#2945,.F.);
#2945 = EDGE_CURVE('',#2814,#2936,#2946,.T.);
#2946 = CIRCLE('',#2947,3.5E-02);
#2947 = AXIS2_PLACEMENT_3D('',#2948,#2949,#2950);
#2948 = CARTESIAN_POINT('',(0.335,-0.25,3.5E-02));
#2949 = DIRECTION('',(0.,-1.,0.));
#2950 = DIRECTION('',(0.,0.,1.));
#2951 = ORIENTED_EDGE('',*,*,#2813,.T.);
#2952 = ORIENTED_EDGE('',*,*,#2805,.T.);
#2953 = ORIENTED_EDGE('',*,*,#2797,.F.);
#2954 = ORIENTED_EDGE('',*,*,#2955,.T.);
#2955 = EDGE_CURVE('',#2790,#2956,#2958,.T.);
#2956 = VERTEX_POINT('',#2957);
#2957 = CARTESIAN_POINT('',(0.335,-0.25,0.35));
#2958 = CIRCLE('',#2959,3.5E-02);
#2959 = AXIS2_PLACEMENT_3D('',#2960,#2961,#2962);
#2960 = CARTESIAN_POINT('',(0.335,-0.25,0.315));
#2961 = DIRECTION('',(0.,1.,0.));
#2962 = DIRECTION('',(0.,-0.,1.));
#2963 = ORIENTED_EDGE('',*,*,#2964,.T.);
#2964 = EDGE_CURVE('',#2956,#2965,#2967,.T.);
#2965 = VERTEX_POINT('',#2966);
#2966 = CARTESIAN_POINT('',(0.465,-0.25,0.35));
#2967 = LINE('',#2968,#2969);
#2968 = CARTESIAN_POINT('',(0.3,-0.25,0.35));
#2969 = VECTOR('',#2970,1.);
#2970 = DIRECTION('',(1.,0.,0.));
#2971 = ORIENTED_EDGE('',*,*,#2972,.F.);
#2972 = EDGE_CURVE('',#2973,#2965,#2975,.T.);
#2973 = VERTEX_POINT('',#2974);
#2974 = CARTESIAN_POINT('',(0.5,-0.25,0.315));
#2975 = CIRCLE('',#2976,3.5E-02);
#2976 = AXIS2_PLACEMENT_3D('',#2977,#2978,#2979);
#2977 = CARTESIAN_POINT('',(0.465,-0.25,0.315));
#2978 = DIRECTION('',(0.,-1.,0.));
#2979 = DIRECTION('',(0.,0.,1.));
#2980 = ORIENTED_EDGE('',*,*,#2981,.F.);
#2981 = EDGE_CURVE('',#2982,#2973,#2984,.T.);
#2982 = VERTEX_POINT('',#2983);
#2983 = CARTESIAN_POINT('',(0.5,-0.25,3.5E-02));
#2984 = LINE('',#2985,#2986);
#2985 = CARTESIAN_POINT('',(0.5,-0.25,0.));
#2986 = VECTOR('',#2987,1.);
#2987 = DIRECTION('',(0.,0.,1.));
#2988 = ORIENTED_EDGE('',*,*,#2989,.T.);
#2989 = EDGE_CURVE('',#2982,#2938,#2990,.T.);
#2990 = CIRCLE('',#2991,3.5E-02);
#2991 = AXIS2_PLACEMENT_3D('',#2992,#2993,#2994);
#2992 = CARTESIAN_POINT('',(0.465,-0.25,3.5E-02));
#2993 = DIRECTION('',(0.,1.,0.));
#2994 = DIRECTION('',(0.,-0.,1.));
#2995 = PLANE('',#2996);
#2996 = AXIS2_PLACEMENT_3D('',#2997,#2998,#2999);
#2997 = CARTESIAN_POINT('',(0.3,-0.25,0.));
#2998 = DIRECTION('',(0.,1.,0.));
#2999 = DIRECTION('',(0.,-0.,1.));
#3000 = ADVANCED_FACE('',(#3001),#3026,.F.);
#3001 = FACE_BOUND('',#3002,.F.);
#3002 = EDGE_LOOP('',(#3003,#3004,#3012,#3020));
#3003 = ORIENTED_EDGE('',*,*,#2789,.F.);
#3004 = ORIENTED_EDGE('',*,*,#3005,.T.);
#3005 = EDGE_CURVE('',#2588,#3006,#3008,.T.);
#3006 = VERTEX_POINT('',#3007);
#3007 = CARTESIAN_POINT('',(-0.3,-0.25,0.35));
#3008 = LINE('',#3009,#3010);
#3009 = CARTESIAN_POINT('',(-0.3,-0.25,0.315));
#3010 = VECTOR('',#3011,1.);
#3011 = DIRECTION('',(0.,0.,1.));
#3012 = ORIENTED_EDGE('',*,*,#3013,.T.);
#3013 = EDGE_CURVE('',#3006,#3014,#3016,.T.);
#3014 = VERTEX_POINT('',#3015);
#3015 = CARTESIAN_POINT('',(0.3,-0.25,0.35));
#3016 = LINE('',#3017,#3018);
#3017 = CARTESIAN_POINT('',(-0.3,-0.25,0.35));
#3018 = VECTOR('',#3019,1.);
#3019 = DIRECTION('',(1.,0.,0.));
#3020 = ORIENTED_EDGE('',*,*,#3021,.F.);
#3021 = EDGE_CURVE('',#2790,#3014,#3022,.T.);
#3022 = LINE('',#3023,#3024);
#3023 = CARTESIAN_POINT('',(0.3,-0.25,0.315));
#3024 = VECTOR('',#3025,1.);
#3025 = DIRECTION('',(0.,0.,1.));
#3026 = PLANE('',#3027);
#3027 = AXIS2_PLACEMENT_3D('',#3028,#3029,#3030);
#3028 = CARTESIAN_POINT('',(-0.3,-0.25,0.315));
#3029 = DIRECTION('',(0.,1.,0.));
#3030 = DIRECTION('',(0.,-0.,1.));
#3031 = ADVANCED_FACE('',(#3032),#3050,.F.);
#3032 = FACE_BOUND('',#3033,.F.);
#3033 = EDGE_LOOP('',(#3034,#3035,#3036,#3044));
#3034 = ORIENTED_EDGE('',*,*,#3005,.F.);
#3035 = ORIENTED_EDGE('',*,*,#2852,.T.);
#3036 = ORIENTED_EDGE('',*,*,#3037,.T.);
#3037 = EDGE_CURVE('',#2705,#3038,#3040,.T.);
#3038 = VERTEX_POINT('',#3039);
#3039 = CARTESIAN_POINT('',(-0.3,0.25,0.35));
#3040 = LINE('',#3041,#3042);
#3041 = CARTESIAN_POINT('',(-0.3,0.25,0.315));
#3042 = VECTOR('',#3043,1.);
#3043 = DIRECTION('',(0.,0.,1.));
#3044 = ORIENTED_EDGE('',*,*,#3045,.F.);
#3045 = EDGE_CURVE('',#3006,#3038,#3046,.T.);
#3046 = LINE('',#3047,#3048);
#3047 = CARTESIAN_POINT('',(-0.3,-0.25,0.35));
#3048 = VECTOR('',#3049,1.);
#3049 = DIRECTION('',(0.,1.,0.));
#3050 = PLANE('',#3051);
#3051 = AXIS2_PLACEMENT_3D('',#3052,#3053,#3054);
#3052 = CARTESIAN_POINT('',(-0.3,-0.25,0.315));
#3053 = DIRECTION('',(1.,0.,0.));
#3054 = DIRECTION('',(0.,0.,1.));
#3055 = ADVANCED_FACE('',(#3056),#3119,.T.);
#3056 = FACE_BOUND('',#3057,.T.);
#3057 = EDGE_LOOP('',(#3058,#3068,#3075,#3076,#3077,#3078,#3087,#3095,
    #3104,#3112));
#3058 = ORIENTED_EDGE('',*,*,#3059,.F.);
#3059 = EDGE_CURVE('',#3060,#3062,#3064,.T.);
#3060 = VERTEX_POINT('',#3061);
#3061 = CARTESIAN_POINT('',(0.335,0.25,-2.775557561563E-17));
#3062 = VERTEX_POINT('',#3063);
#3063 = CARTESIAN_POINT('',(0.465,0.25,-2.775557561563E-17));
#3064 = LINE('',#3065,#3066);
#3065 = CARTESIAN_POINT('',(0.3,0.25,0.));
#3066 = VECTOR('',#3067,1.);
#3067 = DIRECTION('',(1.,0.,0.));
#3068 = ORIENTED_EDGE('',*,*,#3069,.F.);
#3069 = EDGE_CURVE('',#2897,#3060,#3070,.T.);
#3070 = CIRCLE('',#3071,3.5E-02);
#3071 = AXIS2_PLACEMENT_3D('',#3072,#3073,#3074);
#3072 = CARTESIAN_POINT('',(0.335,0.25,3.5E-02));
#3073 = DIRECTION('',(0.,-1.,0.));
#3074 = DIRECTION('',(0.,0.,1.));
#3075 = ORIENTED_EDGE('',*,*,#2896,.T.);
#3076 = ORIENTED_EDGE('',*,*,#2888,.T.);
#3077 = ORIENTED_EDGE('',*,*,#2880,.F.);
#3078 = ORIENTED_EDGE('',*,*,#3079,.T.);
#3079 = EDGE_CURVE('',#2873,#3080,#3082,.T.);
#3080 = VERTEX_POINT('',#3081);
#3081 = CARTESIAN_POINT('',(0.335,0.25,0.35));
#3082 = CIRCLE('',#3083,3.5E-02);
#3083 = AXIS2_PLACEMENT_3D('',#3084,#3085,#3086);
#3084 = CARTESIAN_POINT('',(0.335,0.25,0.315));
#3085 = DIRECTION('',(0.,1.,0.));
#3086 = DIRECTION('',(0.,-0.,1.));
#3087 = ORIENTED_EDGE('',*,*,#3088,.T.);
#3088 = EDGE_CURVE('',#3080,#3089,#3091,.T.);
#3089 = VERTEX_POINT('',#3090);
#3090 = CARTESIAN_POINT('',(0.465,0.25,0.35));
#3091 = LINE('',#3092,#3093);
#3092 = CARTESIAN_POINT('',(0.3,0.25,0.35));
#3093 = VECTOR('',#3094,1.);
#3094 = DIRECTION('',(1.,0.,0.));
#3095 = ORIENTED_EDGE('',*,*,#3096,.F.);
#3096 = EDGE_CURVE('',#3097,#3089,#3099,.T.);
#3097 = VERTEX_POINT('',#3098);
#3098 = CARTESIAN_POINT('',(0.5,0.25,0.315));
#3099 = CIRCLE('',#3100,3.5E-02);
#3100 = AXIS2_PLACEMENT_3D('',#3101,#3102,#3103);
#3101 = CARTESIAN_POINT('',(0.465,0.25,0.315));
#3102 = DIRECTION('',(0.,-1.,0.));
#3103 = DIRECTION('',(0.,0.,1.));
#3104 = ORIENTED_EDGE('',*,*,#3105,.F.);
#3105 = EDGE_CURVE('',#3106,#3097,#3108,.T.);
#3106 = VERTEX_POINT('',#3107);
#3107 = CARTESIAN_POINT('',(0.5,0.25,3.5E-02));
#3108 = LINE('',#3109,#3110);
#3109 = CARTESIAN_POINT('',(0.5,0.25,0.));
#3110 = VECTOR('',#3111,1.);
#3111 = DIRECTION('',(0.,0.,1.));
#3112 = ORIENTED_EDGE('',*,*,#3113,.T.);
#3113 = EDGE_CURVE('',#3106,#3062,#3114,.T.);
#3114 = CIRCLE('',#3115,3.5E-02);
#3115 = AXIS2_PLACEMENT_3D('',#3116,#3117,#3118);
#3116 = CARTESIAN_POINT('',(0.465,0.25,3.5E-02));
#3117 = DIRECTION('',(0.,1.,0.));
#3118 = DIRECTION('',(0.,-0.,1.));
#3119 = PLANE('',#3120);
#3120 = AXIS2_PLACEMENT_3D('',#3121,#3122,#3123);
#3121 = CARTESIAN_POINT('',(0.3,0.25,0.));
#3122 = DIRECTION('',(0.,1.,0.));
#3123 = DIRECTION('',(0.,-0.,1.));
#3124 = ADVANCED_FACE('',(#3125),#3143,.T.);
#3125 = FACE_BOUND('',#3126,.T.);
#3126 = EDGE_LOOP('',(#3127,#3128,#3129,#3137));
#3127 = ORIENTED_EDGE('',*,*,#2872,.F.);
#3128 = ORIENTED_EDGE('',*,*,#3037,.T.);
#3129 = ORIENTED_EDGE('',*,*,#3130,.T.);
#3130 = EDGE_CURVE('',#3038,#3131,#3133,.T.);
#3131 = VERTEX_POINT('',#3132);
#3132 = CARTESIAN_POINT('',(0.3,0.25,0.35));
#3133 = LINE('',#3134,#3135);
#3134 = CARTESIAN_POINT('',(-0.3,0.25,0.35));
#3135 = VECTOR('',#3136,1.);
#3136 = DIRECTION('',(1.,0.,0.));
#3137 = ORIENTED_EDGE('',*,*,#3138,.F.);
#3138 = EDGE_CURVE('',#2873,#3131,#3139,.T.);
#3139 = LINE('',#3140,#3141);
#3140 = CARTESIAN_POINT('',(0.3,0.25,0.315));
#3141 = VECTOR('',#3142,1.);
#3142 = DIRECTION('',(0.,0.,1.));
#3143 = PLANE('',#3144);
#3144 = AXIS2_PLACEMENT_3D('',#3145,#3146,#3147);
#3145 = CARTESIAN_POINT('',(-0.3,0.25,0.315));
#3146 = DIRECTION('',(0.,1.,0.));
#3147 = DIRECTION('',(0.,-0.,1.));
#3148 = ADVANCED_FACE('',(#3149),#3160,.T.);
#3149 = FACE_BOUND('',#3150,.T.);
#3150 = EDGE_LOOP('',(#3151,#3152,#3153,#3159));
#3151 = ORIENTED_EDGE('',*,*,#2920,.T.);
#3152 = ORIENTED_EDGE('',*,*,#3069,.T.);
#3153 = ORIENTED_EDGE('',*,*,#3154,.F.);
#3154 = EDGE_CURVE('',#2936,#3060,#3155,.T.);
#3155 = LINE('',#3156,#3157);
#3156 = CARTESIAN_POINT('',(0.335,-0.25,-2.775557561563E-17));
#3157 = VECTOR('',#3158,1.);
#3158 = DIRECTION('',(0.,1.,0.));
#3159 = ORIENTED_EDGE('',*,*,#2945,.F.);
#3160 = CYLINDRICAL_SURFACE('',#3161,3.5E-02);
#3161 = AXIS2_PLACEMENT_3D('',#3162,#3163,#3164);
#3162 = CARTESIAN_POINT('',(0.335,-0.25,3.5E-02));
#3163 = DIRECTION('',(0.,1.,0.));
#3164 = DIRECTION('',(-1.,0.,0.));
#3165 = ADVANCED_FACE('',(#3166),#3177,.F.);
#3166 = FACE_BOUND('',#3167,.F.);
#3167 = EDGE_LOOP('',(#3168,#3169,#3170,#3171));
#3168 = ORIENTED_EDGE('',*,*,#3059,.F.);
#3169 = ORIENTED_EDGE('',*,*,#3154,.F.);
#3170 = ORIENTED_EDGE('',*,*,#2935,.T.);
#3171 = ORIENTED_EDGE('',*,*,#3172,.T.);
#3172 = EDGE_CURVE('',#2938,#3062,#3173,.T.);
#3173 = LINE('',#3174,#3175);
#3174 = CARTESIAN_POINT('',(0.465,-0.25,-2.775557561563E-17));
#3175 = VECTOR('',#3176,1.);
#3176 = DIRECTION('',(0.,1.,0.));
#3177 = PLANE('',#3178);
#3178 = AXIS2_PLACEMENT_3D('',#3179,#3180,#3181);
#3179 = CARTESIAN_POINT('',(0.3,-0.25,0.));
#3180 = DIRECTION('',(0.,0.,1.));
#3181 = DIRECTION('',(1.,0.,-0.));
#3182 = ADVANCED_FACE('',(#3183),#3194,.T.);
#3183 = FACE_BOUND('',#3184,.T.);
#3184 = EDGE_LOOP('',(#3185,#3186,#3187,#3188));
#3185 = ORIENTED_EDGE('',*,*,#2989,.T.);
#3186 = ORIENTED_EDGE('',*,*,#3172,.T.);
#3187 = ORIENTED_EDGE('',*,*,#3113,.F.);
#3188 = ORIENTED_EDGE('',*,*,#3189,.F.);
#3189 = EDGE_CURVE('',#2982,#3106,#3190,.T.);
#3190 = LINE('',#3191,#3192);
#3191 = CARTESIAN_POINT('',(0.5,-0.25,3.5E-02));
#3192 = VECTOR('',#3193,1.);
#3193 = DIRECTION('',(0.,1.,0.));
#3194 = CYLINDRICAL_SURFACE('',#3195,3.5E-02);
#3195 = AXIS2_PLACEMENT_3D('',#3196,#3197,#3198);
#3196 = CARTESIAN_POINT('',(0.465,-0.25,3.5E-02));
#3197 = DIRECTION('',(0.,1.,0.));
#3198 = DIRECTION('',(1.,0.,0.));
#3199 = ADVANCED_FACE('',(#3200),#3211,.T.);
#3200 = FACE_BOUND('',#3201,.T.);
#3201 = EDGE_LOOP('',(#3202,#3203,#3204,#3205));
#3202 = ORIENTED_EDGE('',*,*,#2981,.F.);
#3203 = ORIENTED_EDGE('',*,*,#3189,.T.);
#3204 = ORIENTED_EDGE('',*,*,#3105,.T.);
#3205 = ORIENTED_EDGE('',*,*,#3206,.F.);
#3206 = EDGE_CURVE('',#2973,#3097,#3207,.T.);
#3207 = LINE('',#3208,#3209);
#3208 = CARTESIAN_POINT('',(0.5,-0.25,0.315));
#3209 = VECTOR('',#3210,1.);
#3210 = DIRECTION('',(0.,1.,0.));
#3211 = PLANE('',#3212);
#3212 = AXIS2_PLACEMENT_3D('',#3213,#3214,#3215);
#3213 = CARTESIAN_POINT('',(0.5,-0.25,0.));
#3214 = DIRECTION('',(1.,0.,0.));
#3215 = DIRECTION('',(0.,0.,1.));
#3216 = ADVANCED_FACE('',(#3217),#3228,.T.);
#3217 = FACE_BOUND('',#3218,.T.);
#3218 = EDGE_LOOP('',(#3219,#3220,#3221,#3227));
#3219 = ORIENTED_EDGE('',*,*,#3206,.T.);
#3220 = ORIENTED_EDGE('',*,*,#3096,.T.);
#3221 = ORIENTED_EDGE('',*,*,#3222,.F.);
#3222 = EDGE_CURVE('',#2965,#3089,#3223,.T.);
#3223 = LINE('',#3224,#3225);
#3224 = CARTESIAN_POINT('',(0.465,-0.25,0.35));
#3225 = VECTOR('',#3226,1.);
#3226 = DIRECTION('',(0.,1.,0.));
#3227 = ORIENTED_EDGE('',*,*,#2972,.F.);
#3228 = CYLINDRICAL_SURFACE('',#3229,3.5E-02);
#3229 = AXIS2_PLACEMENT_3D('',#3230,#3231,#3232);
#3230 = CARTESIAN_POINT('',(0.465,-0.25,0.315));
#3231 = DIRECTION('',(0.,1.,0.));
#3232 = DIRECTION('',(1.,0.,0.));
#3233 = ADVANCED_FACE('',(#3234),#3245,.T.);
#3234 = FACE_BOUND('',#3235,.T.);
#3235 = EDGE_LOOP('',(#3236,#3237,#3243,#3244));
#3236 = ORIENTED_EDGE('',*,*,#3088,.F.);
#3237 = ORIENTED_EDGE('',*,*,#3238,.F.);
#3238 = EDGE_CURVE('',#2956,#3080,#3239,.T.);
#3239 = LINE('',#3240,#3241);
#3240 = CARTESIAN_POINT('',(0.335,-0.25,0.35));
#3241 = VECTOR('',#3242,1.);
#3242 = DIRECTION('',(0.,1.,0.));
#3243 = ORIENTED_EDGE('',*,*,#2964,.T.);
#3244 = ORIENTED_EDGE('',*,*,#3222,.T.);
#3245 = PLANE('',#3246);
#3246 = AXIS2_PLACEMENT_3D('',#3247,#3248,#3249);
#3247 = CARTESIAN_POINT('',(0.3,-0.25,0.35));
#3248 = DIRECTION('',(0.,0.,1.));
#3249 = DIRECTION('',(1.,0.,-0.));
#3250 = ADVANCED_FACE('',(#3251),#3262,.T.);
#3251 = FACE_BOUND('',#3252,.T.);
#3252 = EDGE_LOOP('',(#3253,#3254,#3255,#3256));
#3253 = ORIENTED_EDGE('',*,*,#2955,.T.);
#3254 = ORIENTED_EDGE('',*,*,#3238,.T.);
#3255 = ORIENTED_EDGE('',*,*,#3079,.F.);
#3256 = ORIENTED_EDGE('',*,*,#3257,.F.);
#3257 = EDGE_CURVE('',#2790,#2873,#3258,.T.);
#3258 = LINE('',#3259,#3260);
#3259 = CARTESIAN_POINT('',(0.3,-0.25,0.315));
#3260 = VECTOR('',#3261,1.);
#3261 = DIRECTION('',(0.,1.,0.));
#3262 = CYLINDRICAL_SURFACE('',#3263,3.5E-02);
#3263 = AXIS2_PLACEMENT_3D('',#3264,#3265,#3266);
#3264 = CARTESIAN_POINT('',(0.335,-0.25,0.315));
#3265 = DIRECTION('',(0.,1.,0.));
#3266 = DIRECTION('',(-1.,0.,0.));
#3267 = ADVANCED_FACE('',(#3268),#3279,.T.);
#3268 = FACE_BOUND('',#3269,.T.);
#3269 = EDGE_LOOP('',(#3270,#3271,#3272,#3273));
#3270 = ORIENTED_EDGE('',*,*,#3021,.F.);
#3271 = ORIENTED_EDGE('',*,*,#3257,.T.);
#3272 = ORIENTED_EDGE('',*,*,#3138,.T.);
#3273 = ORIENTED_EDGE('',*,*,#3274,.F.);
#3274 = EDGE_CURVE('',#3014,#3131,#3275,.T.);
#3275 = LINE('',#3276,#3277);
#3276 = CARTESIAN_POINT('',(0.3,-0.25,0.35));
#3277 = VECTOR('',#3278,1.);
#3278 = DIRECTION('',(0.,1.,0.));
#3279 = PLANE('',#3280);
#3280 = AXIS2_PLACEMENT_3D('',#3281,#3282,#3283);
#3281 = CARTESIAN_POINT('',(0.3,-0.25,0.315));
#3282 = DIRECTION('',(1.,0.,0.));
#3283 = DIRECTION('',(0.,0.,1.));
#3284 = ADVANCED_FACE('',(#3285),#3291,.T.);
#3285 = FACE_BOUND('',#3286,.T.);
#3286 = EDGE_LOOP('',(#3287,#3288,#3289,#3290));
#3287 = ORIENTED_EDGE('',*,*,#3045,.F.);
#3288 = ORIENTED_EDGE('',*,*,#3013,.T.);
#3289 = ORIENTED_EDGE('',*,*,#3274,.T.);
#3290 = ORIENTED_EDGE('',*,*,#3130,.F.);
#3291 = PLANE('',#3292);
#3292 = AXIS2_PLACEMENT_3D('',#3293,#3294,#3295);
#3293 = CARTESIAN_POINT('',(-0.3,-0.25,0.35));
#3294 = DIRECTION('',(0.,0.,1.));
#3295 = DIRECTION('',(1.,0.,-0.));
#3296 = ( GEOMETRIC_REPRESENTATION_CONTEXT(3) 
GLOBAL_UNCERTAINTY_ASSIGNED_CONTEXT((#3300)) 
GLOBAL_UNIT_ASSIGNED_CONTEXT((#3297,#3298,#3299)) REPRESENTATION_CONTEXT
('Context #1','3D Context with UNIT and UNCERTAINTY') );
#3297 = ( LENGTH_UNIT() NAMED_UNIT(*) SI_UNIT(.MILLI.,.METRE.) );
#3298 = ( NAMED_UNIT(*) PLANE_ANGLE_UNIT() SI_UNIT($,.RADIAN.) );
#3299 = ( NAMED_UNIT(*) SI_UNIT($,.STERADIAN.) SOLID_ANGLE_UNIT() );
#3300 = UNCERTAINTY_MEASURE_WITH_UNIT(LENGTH_MEASURE(1.E-07),#3297,
  'distance_accuracy_value','confusion accuracy');
#3301 = CONTEXT_DEPENDENT_SHAPE_REPRESENTATION(#3302,#3304);
#3302 = ( REPRESENTATION_RELATIONSHIP('','',#2505,#10) 
REPRESENTATION_RELATIONSHIP_WITH_TRANSFORMATION(#3303) 
SHAPE_REPRESENTATION_RELATIONSHIP() );
#3303 = ITEM_DEFINED_TRANSFORMATION('','',#11,#31);
#3304 = PRODUCT_DEFINITION_SHAPE('Placement','Placement of an item',
  #3305);
#3305 = NEXT_ASSEMBLY_USAGE_OCCURRENCE('5','R1','',#5,#2500,$);
#3306 = PRODUCT_RELATED_PRODUCT_CATEGORY('part',$,(#2502));
#3307 = CONTEXT_DEPENDENT_SHAPE_REPRESENTATION(#3308,#3310);
#3308 = ( REPRESENTATION_RELATIONSHIP('','',#2505,#10) 
REPRESENTATION_RELATIONSHIP_WITH_TRANSFORMATION(#3309) 
SHAPE_REPRESENTATION_RELATIONSHIP() );
#3309 = ITEM_DEFINED_TRANSFORMATION('','',#11,#35);
#3310 = PRODUCT_DEFINITION_SHAPE('Placement','Placement of an item',
  #3311);
#3311 = NEXT_ASSEMBLY_USAGE_OCCURRENCE('6','R5','',#5,#2500,$);
#3312 = CONTEXT_DEPENDENT_SHAPE_REPRESENTATION(#3313,#3315);
#3313 = ( REPRESENTATION_RELATIONSHIP('','',#108,#10) 
REPRESENTATION_RELATIONSHIP_WITH_TRANSFORMATION(#3314) 
SHAPE_REPRESENTATION_RELATIONSHIP() );
#3314 = ITEM_DEFINED_TRANSFORMATION('','',#11,#39);
#3315 = PRODUCT_DEFINITION_SHAPE('Placement','Placement of an item',
  #3316);
#3316 = NEXT_ASSEMBLY_USAGE_OCCURRENCE('7','C1','',#5,#103,$);
#3317 = CONTEXT_DEPENDENT_SHAPE_REPRESENTATION(#3318,#3320);
#3318 = ( REPRESENTATION_RELATIONSHIP('','',#2505,#10) 
REPRESENTATION_RELATIONSHIP_WITH_TRANSFORMATION(#3319) 
SHAPE_REPRESENTATION_RELATIONSHIP() );
#3319 = ITEM_DEFINED_TRANSFORMATION('','',#11,#43);
#3320 = PRODUCT_DEFINITION_SHAPE('Placement','Placement of an item',
  #3321);
#3321 = NEXT_ASSEMBLY_USAGE_OCCURRENCE('8','R4','',#5,#2500,$);
#3322 = CONTEXT_DEPENDENT_SHAPE_REPRESENTATION(#3323,#3325);
#3323 = ( REPRESENTATION_RELATIONSHIP('','',#108,#10) 
REPRESENTATION_RELATIONSHIP_WITH_TRANSFORMATION(#3324) 
SHAPE_REPRESENTATION_RELATIONSHIP() );
#3324 = ITEM_DEFINED_TRANSFORMATION('','',#11,#47);
#3325 = PRODUCT_DEFINITION_SHAPE('Placement','Placement of an item',
  #3326);
#3326 = NEXT_ASSEMBLY_USAGE_OCCURRENCE('9','C13','',#5,#103,$);
#3327 = CONTEXT_DEPENDENT_SHAPE_REPRESENTATION(#3328,#3330);
#3328 = ( REPRESENTATION_RELATIONSHIP('','',#108,#10) 
REPRESENTATION_RELATIONSHIP_WITH_TRANSFORMATION(#3329) 
SHAPE_REPRESENTATION_RELATIONSHIP() );
#3329 = ITEM_DEFINED_TRANSFORMATION('','',#11,#51);
#3330 = PRODUCT_DEFINITION_SHAPE('Placement','Placement of an item',
  #3331);
#3331 = NEXT_ASSEMBLY_USAGE_OCCURRENCE('10','C4','',#5,#103,$);
#3332 = CONTEXT_DEPENDENT_SHAPE_REPRESENTATION(#3333,#3335);
#3333 = ( REPRESENTATION_RELATIONSHIP('','',#108,#10) 
REPRESENTATION_RELATIONSHIP_WITH_TRANSFORMATION(#3334) 
SHAPE_REPRESENTATION_RELATIONSHIP() );
#3334 = ITEM_DEFINED_TRANSFORMATION('','',#11,#55);
#3335 = PRODUCT_DEFINITION_SHAPE('Placement','Placement of an item',
  #3336);
#3336 = NEXT_ASSEMBLY_USAGE_OCCURRENCE('11','C3','',#5,#103,$);
#3337 = CONTEXT_DEPENDENT_SHAPE_REPRESENTATION(#3338,#3340);
#3338 = ( REPRESENTATION_RELATIONSHIP('','',#2505,#10) 
REPRESENTATION_RELATIONSHIP_WITH_TRANSFORMATION(#3339) 
SHAPE_REPRESENTATION_RELATIONSHIP() );
#3339 = ITEM_DEFINED_TRANSFORMATION('','',#11,#59);
#3340 = PRODUCT_DEFINITION_SHAPE('Placement','Placement of an item',
  #3341);
#3341 = NEXT_ASSEMBLY_USAGE_OCCURRENCE('12','R3','',#5,#2500,$);
#3342 = SHAPE_DEFINITION_REPRESENTATION(#3343,#3349);
#3343 = PRODUCT_DEFINITION_SHAPE('','',#3344);
#3344 = PRODUCT_DEFINITION('design','',#3345,#3348);
#3345 = PRODUCT_DEFINITION_FORMATION('','',#3346);
#3346 = PRODUCT('SHT40-AD1B-R2','SHT40-AD1B-R2','',(#3347));
#3347 = PRODUCT_CONTEXT('',#2,'mechanical');
#3348 = PRODUCT_DEFINITION_CONTEXT('part definition',#2,'design');
#3349 = SHAPE_REPRESENTATION('',(#11,#3350,#3354,#3358),#3362);
#3350 = AXIS2_PLACEMENT_3D('',#3351,#3352,#3353);
#3351 = CARTESIAN_POINT('',(0.,0.,0.));
#3352 = DIRECTION('',(0.,0.,1.));
#3353 = DIRECTION('',(1.,0.,0.));
#3354 = AXIS2_PLACEMENT_3D('',#3355,#3356,#3357);
#3355 = CARTESIAN_POINT('',(-0.2,-0.5,0.));
#3356 = DIRECTION('',(0.,0.,1.));
#3357 = DIRECTION('',(1.,0.,0.));
#3358 = AXIS2_PLACEMENT_3D('',#3359,#3360,#3361);
#3359 = CARTESIAN_POINT('',(0.,0.,0.));
#3360 = DIRECTION('',(0.,0.,1.));
#3361 = DIRECTION('',(1.,0.,0.));
#3362 = ( GEOMETRIC_REPRESENTATION_CONTEXT(3) 
GLOBAL_UNCERTAINTY_ASSIGNED_CONTEXT((#3366)) 
GLOBAL_UNIT_ASSIGNED_CONTEXT((#3363,#3364,#3365)) REPRESENTATION_CONTEXT
('Context #1','3D Context with UNIT and UNCERTAINTY') );
#3363 = ( LENGTH_UNIT() NAMED_UNIT(*) SI_UNIT(.MILLI.,.METRE.) );
#3364 = ( NAMED_UNIT(*) PLANE_ANGLE_UNIT() SI_UNIT($,.RADIAN.) );
#3365 = ( NAMED_UNIT(*) SI_UNIT($,.STERADIAN.) SOLID_ANGLE_UNIT() );
#3366 = UNCERTAINTY_MEASURE_WITH_UNIT(LENGTH_MEASURE(1.E-07),#3363,
  'distance_accuracy_value','confusion accuracy');
#3367 = CONTEXT_DEPENDENT_SHAPE_REPRESENTATION(#3368,#3370);
#3368 = ( REPRESENTATION_RELATIONSHIP('','',#3349,#10) 
REPRESENTATION_RELATIONSHIP_WITH_TRANSFORMATION(#3369) 
SHAPE_REPRESENTATION_RELATIONSHIP() );
#3369 = ITEM_DEFINED_TRANSFORMATION('','',#11,#63);
#3370 = PRODUCT_DEFINITION_SHAPE('Placement','Placement of an item',
  #3371);
#3371 = NEXT_ASSEMBLY_USAGE_OCCURRENCE('16','U4','',#5,#3344,$);
#3372 = PRODUCT_RELATED_PRODUCT_CATEGORY('part',$,(#3346));
#3373 = SHAPE_DEFINITION_REPRESENTATION(#3374,#3380);
#3374 = PRODUCT_DEFINITION_SHAPE('','',#3375);
#3375 = PRODUCT_DEFINITION('design','',#3376,#3379);
#3376 = PRODUCT_DEFINITION_FORMATION('','',#3377);
#3377 = PRODUCT('Body','Body','',(#3378));
#3378 = PRODUCT_CONTEXT('',#2,'mechanical');
#3379 = PRODUCT_DEFINITION_CONTEXT('part definition',#2,'design');
#3380 = ADVANCED_BREP_SHAPE_REPRESENTATION('',(#11,#3381),#3576);
#3381 = MANIFOLD_SOLID_BREP('',#3382);
#3382 = CLOSED_SHELL('',(#3383,#3423,#3454,#3489,#3513,#3530,#3542,#3567
    ));
#3383 = ADVANCED_FACE('',(#3384),#3418,.F.);
#3384 = FACE_BOUND('',#3385,.F.);
#3385 = EDGE_LOOP('',(#3386,#3396,#3404,#3412));
#3386 = ORIENTED_EDGE('',*,*,#3387,.F.);
#3387 = EDGE_CURVE('',#3388,#3390,#3392,.T.);
#3388 = VERTEX_POINT('',#3389);
#3389 = CARTESIAN_POINT('',(-0.75,-0.75,5.E-02));
#3390 = VERTEX_POINT('',#3391);
#3391 = CARTESIAN_POINT('',(-0.75,-0.75,0.59));
#3392 = LINE('',#3393,#3394);
#3393 = CARTESIAN_POINT('',(-0.75,-0.75,5.E-02));
#3394 = VECTOR('',#3395,1.);
#3395 = DIRECTION('',(0.,0.,1.));
#3396 = ORIENTED_EDGE('',*,*,#3397,.T.);
#3397 = EDGE_CURVE('',#3388,#3398,#3400,.T.);
#3398 = VERTEX_POINT('',#3399);
#3399 = CARTESIAN_POINT('',(-0.75,0.75,5.E-02));
#3400 = LINE('',#3401,#3402);
#3401 = CARTESIAN_POINT('',(-0.75,-0.75,5.E-02));
#3402 = VECTOR('',#3403,1.);
#3403 = DIRECTION('',(0.,1.,0.));
#3404 = ORIENTED_EDGE('',*,*,#3405,.T.);
#3405 = EDGE_CURVE('',#3398,#3406,#3408,.T.);
#3406 = VERTEX_POINT('',#3407);
#3407 = CARTESIAN_POINT('',(-0.75,0.75,0.59));
#3408 = LINE('',#3409,#3410);
#3409 = CARTESIAN_POINT('',(-0.75,0.75,5.E-02));
#3410 = VECTOR('',#3411,1.);
#3411 = DIRECTION('',(0.,0.,1.));
#3412 = ORIENTED_EDGE('',*,*,#3413,.F.);
#3413 = EDGE_CURVE('',#3390,#3406,#3414,.T.);
#3414 = LINE('',#3415,#3416);
#3415 = CARTESIAN_POINT('',(-0.75,-0.75,0.59));
#3416 = VECTOR('',#3417,1.);
#3417 = DIRECTION('',(0.,1.,0.));
#3418 = PLANE('',#3419);
#3419 = AXIS2_PLACEMENT_3D('',#3420,#3421,#3422);
#3420 = CARTESIAN_POINT('',(-0.75,-0.75,5.E-02));
#3421 = DIRECTION('',(1.,0.,0.));
#3422 = DIRECTION('',(0.,0.,1.));
#3423 = ADVANCED_FACE('',(#3424),#3449,.F.);
#3424 = FACE_BOUND('',#3425,.F.);
#3425 = EDGE_LOOP('',(#3426,#3434,#3435,#3443));
#3426 = ORIENTED_EDGE('',*,*,#3427,.F.);
#3427 = EDGE_CURVE('',#3388,#3428,#3430,.T.);
#3428 = VERTEX_POINT('',#3429);
#3429 = CARTESIAN_POINT('',(0.75,-0.75,5.E-02));
#3430 = LINE('',#3431,#3432);
#3431 = CARTESIAN_POINT('',(-0.75,-0.75,5.E-02));
#3432 = VECTOR('',#3433,1.);
#3433 = DIRECTION('',(1.,0.,0.));
#3434 = ORIENTED_EDGE('',*,*,#3387,.T.);
#3435 = ORIENTED_EDGE('',*,*,#3436,.T.);
#3436 = EDGE_CURVE('',#3390,#3437,#3439,.T.);
#3437 = VERTEX_POINT('',#3438);
#3438 = CARTESIAN_POINT('',(0.75,-0.75,0.59));
#3439 = LINE('',#3440,#3441);
#3440 = CARTESIAN_POINT('',(-0.75,-0.75,0.59));
#3441 = VECTOR('',#3442,1.);
#3442 = DIRECTION('',(1.,0.,0.));
#3443 = ORIENTED_EDGE('',*,*,#3444,.F.);
#3444 = EDGE_CURVE('',#3428,#3437,#3445,.T.);
#3445 = LINE('',#3446,#3447);
#3446 = CARTESIAN_POINT('',(0.75,-0.75,5.E-02));
#3447 = VECTOR('',#3448,1.);
#3448 = DIRECTION('',(0.,0.,1.));
#3449 = PLANE('',#3450);
#3450 = AXIS2_PLACEMENT_3D('',#3451,#3452,#3453);
#3451 = CARTESIAN_POINT('',(-0.75,-0.75,5.E-02));
#3452 = DIRECTION('',(0.,1.,0.));
#3453 = DIRECTION('',(0.,-0.,1.));
#3454 = ADVANCED_FACE('',(#3455,#3473),#3484,.T.);
#3455 = FACE_BOUND('',#3456,.T.);
#3456 = EDGE_LOOP('',(#3457,#3458,#3459,#3467));
#3457 = ORIENTED_EDGE('',*,*,#3413,.F.);
#3458 = ORIENTED_EDGE('',*,*,#3436,.T.);
#3459 = ORIENTED_EDGE('',*,*,#3460,.T.);
#3460 = EDGE_CURVE('',#3437,#3461,#3463,.T.);
#3461 = VERTEX_POINT('',#3462);
#3462 = CARTESIAN_POINT('',(0.75,0.75,0.59));
#3463 = LINE('',#3464,#3465);
#3464 = CARTESIAN_POINT('',(0.75,-0.75,0.59));
#3465 = VECTOR('',#3466,1.);
#3466 = DIRECTION('',(0.,1.,0.));
#3467 = ORIENTED_EDGE('',*,*,#3468,.F.);
#3468 = EDGE_CURVE('',#3406,#3461,#3469,.T.);
#3469 = LINE('',#3470,#3471);
#3470 = CARTESIAN_POINT('',(-0.75,0.75,0.59));
#3471 = VECTOR('',#3472,1.);
#3472 = DIRECTION('',(1.,0.,0.));
#3473 = FACE_BOUND('',#3474,.T.);
#3474 = EDGE_LOOP('',(#3475));
#3475 = ORIENTED_EDGE('',*,*,#3476,.F.);
#3476 = EDGE_CURVE('',#3477,#3477,#3479,.T.);
#3477 = VERTEX_POINT('',#3478);
#3478 = CARTESIAN_POINT('',(-0.46875,0.5625,0.59));
#3479 = CIRCLE('',#3480,9.375E-02);
#3480 = AXIS2_PLACEMENT_3D('',#3481,#3482,#3483);
#3481 = CARTESIAN_POINT('',(-0.5625,0.5625,0.59));
#3482 = DIRECTION('',(0.,0.,1.));
#3483 = DIRECTION('',(1.,0.,-0.));
#3484 = PLANE('',#3485);
#3485 = AXIS2_PLACEMENT_3D('',#3486,#3487,#3488);
#3486 = CARTESIAN_POINT('',(-0.75,-0.75,0.59));
#3487 = DIRECTION('',(0.,0.,1.));
#3488 = DIRECTION('',(1.,0.,-0.));
#3489 = ADVANCED_FACE('',(#3490),#3508,.T.);
#3490 = FACE_BOUND('',#3491,.T.);
#3491 = EDGE_LOOP('',(#3492,#3500,#3501,#3502));
#3492 = ORIENTED_EDGE('',*,*,#3493,.F.);
#3493 = EDGE_CURVE('',#3398,#3494,#3496,.T.);
#3494 = VERTEX_POINT('',#3495);
#3495 = CARTESIAN_POINT('',(0.75,0.75,5.E-02));
#3496 = LINE('',#3497,#3498);
#3497 = CARTESIAN_POINT('',(-0.75,0.75,5.E-02));
#3498 = VECTOR('',#3499,1.);
#3499 = DIRECTION('',(1.,0.,0.));
#3500 = ORIENTED_EDGE('',*,*,#3405,.T.);
#3501 = ORIENTED_EDGE('',*,*,#3468,.T.);
#3502 = ORIENTED_EDGE('',*,*,#3503,.F.);
#3503 = EDGE_CURVE('',#3494,#3461,#3504,.T.);
#3504 = LINE('',#3505,#3506);
#3505 = CARTESIAN_POINT('',(0.75,0.75,5.E-02));
#3506 = VECTOR('',#3507,1.);
#3507 = DIRECTION('',(0.,0.,1.));
#3508 = PLANE('',#3509);
#3509 = AXIS2_PLACEMENT_3D('',#3510,#3511,#3512);
#3510 = CARTESIAN_POINT('',(-0.75,0.75,5.E-02));
#3511 = DIRECTION('',(0.,1.,0.));
#3512 = DIRECTION('',(0.,-0.,1.));
#3513 = ADVANCED_FACE('',(#3514),#3525,.F.);
#3514 = FACE_BOUND('',#3515,.F.);
#3515 = EDGE_LOOP('',(#3516,#3517,#3518,#3524));
#3516 = ORIENTED_EDGE('',*,*,#3397,.F.);
#3517 = ORIENTED_EDGE('',*,*,#3427,.T.);
#3518 = ORIENTED_EDGE('',*,*,#3519,.T.);
#3519 = EDGE_CURVE('',#3428,#3494,#3520,.T.);
#3520 = LINE('',#3521,#3522);
#3521 = CARTESIAN_POINT('',(0.75,-0.75,5.E-02));
#3522 = VECTOR('',#3523,1.);
#3523 = DIRECTION('',(0.,1.,0.));
#3524 = ORIENTED_EDGE('',*,*,#3493,.F.);
#3525 = PLANE('',#3526);
#3526 = AXIS2_PLACEMENT_3D('',#3527,#3528,#3529);
#3527 = CARTESIAN_POINT('',(-0.75,-0.75,5.E-02));
#3528 = DIRECTION('',(0.,0.,1.));
#3529 = DIRECTION('',(1.,0.,-0.));
#3530 = ADVANCED_FACE('',(#3531),#3537,.T.);
#3531 = FACE_BOUND('',#3532,.T.);
#3532 = EDGE_LOOP('',(#3533,#3534,#3535,#3536));
#3533 = ORIENTED_EDGE('',*,*,#3444,.F.);
#3534 = ORIENTED_EDGE('',*,*,#3519,.T.);
#3535 = ORIENTED_EDGE('',*,*,#3503,.T.);
#3536 = ORIENTED_EDGE('',*,*,#3460,.F.);
#3537 = PLANE('',#3538);
#3538 = AXIS2_PLACEMENT_3D('',#3539,#3540,#3541);
#3539 = CARTESIAN_POINT('',(0.75,-0.75,5.E-02));
#3540 = DIRECTION('',(1.,0.,0.));
#3541 = DIRECTION('',(0.,0.,1.));
#3542 = ADVANCED_FACE('',(#3543),#3562,.F.);
#3543 = FACE_BOUND('',#3544,.F.);
#3544 = EDGE_LOOP('',(#3545,#3553,#3554,#3555));
#3545 = ORIENTED_EDGE('',*,*,#3546,.T.);
#3546 = EDGE_CURVE('',#3547,#3477,#3549,.T.);
#3547 = VERTEX_POINT('',#3548);
#3548 = CARTESIAN_POINT('',(-0.46875,0.5625,0.531));
#3549 = LINE('',#3550,#3551);
#3550 = CARTESIAN_POINT('',(-0.46875,0.5625,0.531));
#3551 = VECTOR('',#3552,1.);
#3552 = DIRECTION('',(0.,0.,1.));
#3553 = ORIENTED_EDGE('',*,*,#3476,.F.);
#3554 = ORIENTED_EDGE('',*,*,#3546,.F.);
#3555 = ORIENTED_EDGE('',*,*,#3556,.T.);
#3556 = EDGE_CURVE('',#3547,#3547,#3557,.T.);
#3557 = CIRCLE('',#3558,9.375E-02);
#3558 = AXIS2_PLACEMENT_3D('',#3559,#3560,#3561);
#3559 = CARTESIAN_POINT('',(-0.5625,0.5625,0.531));
#3560 = DIRECTION('',(0.,0.,1.));
#3561 = DIRECTION('',(1.,0.,-0.));
#3562 = CYLINDRICAL_SURFACE('',#3563,9.375E-02);
#3563 = AXIS2_PLACEMENT_3D('',#3564,#3565,#3566);
#3564 = CARTESIAN_POINT('',(-0.5625,0.5625,0.531));
#3565 = DIRECTION('',(0.,0.,1.));
#3566 = DIRECTION('',(1.,0.,-0.));
#3567 = ADVANCED_FACE('',(#3568),#3571,.T.);
#3568 = FACE_BOUND('',#3569,.F.);
#3569 = EDGE_LOOP('',(#3570));
#3570 = ORIENTED_EDGE('',*,*,#3556,.F.);
#3571 = PLANE('',#3572);
#3572 = AXIS2_PLACEMENT_3D('',#3573,#3574,#3575);
#3573 = CARTESIAN_POINT('',(-0.5625,0.5625,0.531));
#3574 = DIRECTION('',(0.,0.,1.));
#3575 = DIRECTION('',(1.,0.,-0.));
#3576 = ( GEOMETRIC_REPRESENTATION_CONTEXT(3) 
GLOBAL_UNCERTAINTY_ASSIGNED_CONTEXT((#3580)) 
GLOBAL_UNIT_ASSIGNED_CONTEXT((#3577,#3578,#3579)) REPRESENTATION_CONTEXT
('Context #1','3D Context with UNIT and UNCERTAINTY') );
#3577 = ( LENGTH_UNIT() NAMED_UNIT(*) SI_UNIT(.MILLI.,.METRE.) );
#3578 = ( NAMED_UNIT(*) PLANE_ANGLE_UNIT() SI_UNIT($,.RADIAN.) );
#3579 = ( NAMED_UNIT(*) SI_UNIT($,.STERADIAN.) SOLID_ANGLE_UNIT() );
#3580 = UNCERTAINTY_MEASURE_WITH_UNIT(LENGTH_MEASURE(1.E-07),#3577,
  'distance_accuracy_value','confusion accuracy');
#3581 = CONTEXT_DEPENDENT_SHAPE_REPRESENTATION(#3582,#3584);
#3582 = ( REPRESENTATION_RELATIONSHIP('','',#3380,#3349) 
REPRESENTATION_RELATIONSHIP_WITH_TRANSFORMATION(#3583) 
SHAPE_REPRESENTATION_RELATIONSHIP() );
#3583 = ITEM_DEFINED_TRANSFORMATION('','',#11,#3350);
#3584 = PRODUCT_DEFINITION_SHAPE('Placement','Placement of an item',
  #3585);
#3585 = NEXT_ASSEMBLY_USAGE_OCCURRENCE('13','=>[0:1:1:2]','',#3344,#3375
  ,$);
#3586 = PRODUCT_RELATED_PRODUCT_CATEGORY('part',$,(#3377));
#3587 = SHAPE_DEFINITION_REPRESENTATION(#3588,#3594);
#3588 = PRODUCT_DEFINITION_SHAPE('','',#3589);
#3589 = PRODUCT_DEFINITION('design','',#3590,#3593);
#3590 = PRODUCT_DEFINITION_FORMATION('','',#3591);
#3591 = PRODUCT('ThermalPin','ThermalPin','',(#3592));
#3592 = PRODUCT_CONTEXT('',#2,'mechanical');
#3593 = PRODUCT_DEFINITION_CONTEXT('part definition',#2,'design');
#3594 = ADVANCED_BREP_SHAPE_REPRESENTATION('',(#11,#3595),#3745);
#3595 = MANIFOLD_SOLID_BREP('',#3596);
#3596 = CLOSED_SHELL('',(#3597,#3637,#3677,#3699,#3721,#3733));
#3597 = ADVANCED_FACE('',(#3598),#3632,.F.);
#3598 = FACE_BOUND('',#3599,.F.);
#3599 = EDGE_LOOP('',(#3600,#3610,#3618,#3626));
#3600 = ORIENTED_EDGE('',*,*,#3601,.F.);
#3601 = EDGE_CURVE('',#3602,#3604,#3606,.T.);
#3602 = VERTEX_POINT('',#3603);
#3603 = CARTESIAN_POINT('',(0.,0.,0.));
#3604 = VERTEX_POINT('',#3605);
#3605 = CARTESIAN_POINT('',(0.,0.,7.375E-02));
#3606 = LINE('',#3607,#3608);
#3607 = CARTESIAN_POINT('',(0.,0.,0.));
#3608 = VECTOR('',#3609,1.);
#3609 = DIRECTION('',(0.,0.,1.));
#3610 = ORIENTED_EDGE('',*,*,#3611,.T.);
#3611 = EDGE_CURVE('',#3602,#3612,#3614,.T.);
#3612 = VERTEX_POINT('',#3613);
#3613 = CARTESIAN_POINT('',(0.,1.,0.));
#3614 = LINE('',#3615,#3616);
#3615 = CARTESIAN_POINT('',(0.,0.,0.));
#3616 = VECTOR('',#3617,1.);
#3617 = DIRECTION('',(-0.,1.,0.));
#3618 = ORIENTED_EDGE('',*,*,#3619,.T.);
#3619 = EDGE_CURVE('',#3612,#3620,#3622,.T.);
#3620 = VERTEX_POINT('',#3621);
#3621 = CARTESIAN_POINT('',(0.,1.,7.375E-02));
#3622 = LINE('',#3623,#3624);
#3623 = CARTESIAN_POINT('',(0.,1.,0.));
#3624 = VECTOR('',#3625,1.);
#3625 = DIRECTION('',(0.,0.,1.));
#3626 = ORIENTED_EDGE('',*,*,#3627,.F.);
#3627 = EDGE_CURVE('',#3604,#3620,#3628,.T.);
#3628 = LINE('',#3629,#3630);
#3629 = CARTESIAN_POINT('',(0.,0.,7.375E-02));
#3630 = VECTOR('',#3631,1.);
#3631 = DIRECTION('',(-0.,1.,0.));
#3632 = PLANE('',#3633);
#3633 = AXIS2_PLACEMENT_3D('',#3634,#3635,#3636);
#3634 = CARTESIAN_POINT('',(0.,0.,0.));
#3635 = DIRECTION('',(1.,0.,-0.));
#3636 = DIRECTION('',(0.,0.,1.));
#3637 = ADVANCED_FACE('',(#3638),#3672,.T.);
#3638 = FACE_BOUND('',#3639,.T.);
#3639 = EDGE_LOOP('',(#3640,#3650,#3658,#3666));
#3640 = ORIENTED_EDGE('',*,*,#3641,.F.);
#3641 = EDGE_CURVE('',#3642,#3644,#3646,.T.);
#3642 = VERTEX_POINT('',#3643);
#3643 = CARTESIAN_POINT('',(0.4,0.,0.));
#3644 = VERTEX_POINT('',#3645);
#3645 = CARTESIAN_POINT('',(0.4,0.,7.375E-02));
#3646 = LINE('',#3647,#3648);
#3647 = CARTESIAN_POINT('',(0.4,0.,0.));
#3648 = VECTOR('',#3649,1.);
#3649 = DIRECTION('',(0.,0.,1.));
#3650 = ORIENTED_EDGE('',*,*,#3651,.T.);
#3651 = EDGE_CURVE('',#3642,#3652,#3654,.T.);
#3652 = VERTEX_POINT('',#3653);
#3653 = CARTESIAN_POINT('',(0.4,1.,0.));
#3654 = LINE('',#3655,#3656);
#3655 = CARTESIAN_POINT('',(0.4,0.,0.));
#3656 = VECTOR('',#3657,1.);
#3657 = DIRECTION('',(-0.,1.,0.));
#3658 = ORIENTED_EDGE('',*,*,#3659,.T.);
#3659 = EDGE_CURVE('',#3652,#3660,#3662,.T.);
#3660 = VERTEX_POINT('',#3661);
#3661 = CARTESIAN_POINT('',(0.4,1.,7.375E-02));
#3662 = LINE('',#3663,#3664);
#3663 = CARTESIAN_POINT('',(0.4,1.,0.));
#3664 = VECTOR('',#3665,1.);
#3665 = DIRECTION('',(0.,0.,1.));
#3666 = ORIENTED_EDGE('',*,*,#3667,.F.);
#3667 = EDGE_CURVE('',#3644,#3660,#3668,.T.);
#3668 = LINE('',#3669,#3670);
#3669 = CARTESIAN_POINT('',(0.4,0.,7.375E-02));
#3670 = VECTOR('',#3671,1.);
#3671 = DIRECTION('',(0.,1.,0.));
#3672 = PLANE('',#3673);
#3673 = AXIS2_PLACEMENT_3D('',#3674,#3675,#3676);
#3674 = CARTESIAN_POINT('',(0.4,0.,0.));
#3675 = DIRECTION('',(1.,0.,-0.));
#3676 = DIRECTION('',(0.,0.,1.));
#3677 = ADVANCED_FACE('',(#3678),#3694,.F.);
#3678 = FACE_BOUND('',#3679,.F.);
#3679 = EDGE_LOOP('',(#3680,#3686,#3687,#3693));
#3680 = ORIENTED_EDGE('',*,*,#3681,.F.);
#3681 = EDGE_CURVE('',#3602,#3642,#3682,.T.);
#3682 = LINE('',#3683,#3684);
#3683 = CARTESIAN_POINT('',(0.,0.,0.));
#3684 = VECTOR('',#3685,1.);
#3685 = DIRECTION('',(1.,0.,-0.));
#3686 = ORIENTED_EDGE('',*,*,#3601,.T.);
#3687 = ORIENTED_EDGE('',*,*,#3688,.T.);
#3688 = EDGE_CURVE('',#3604,#3644,#3689,.T.);
#3689 = LINE('',#3690,#3691);
#3690 = CARTESIAN_POINT('',(0.,0.,7.375E-02));
#3691 = VECTOR('',#3692,1.);
#3692 = DIRECTION('',(1.,0.,-0.));
#3693 = ORIENTED_EDGE('',*,*,#3641,.F.);
#3694 = PLANE('',#3695);
#3695 = AXIS2_PLACEMENT_3D('',#3696,#3697,#3698);
#3696 = CARTESIAN_POINT('',(0.,0.,0.));
#3697 = DIRECTION('',(-0.,1.,0.));
#3698 = DIRECTION('',(0.,0.,1.));
#3699 = ADVANCED_FACE('',(#3700),#3716,.T.);
#3700 = FACE_BOUND('',#3701,.T.);
#3701 = EDGE_LOOP('',(#3702,#3708,#3709,#3715));
#3702 = ORIENTED_EDGE('',*,*,#3703,.F.);
#3703 = EDGE_CURVE('',#3612,#3652,#3704,.T.);
#3704 = LINE('',#3705,#3706);
#3705 = CARTESIAN_POINT('',(0.,1.,0.));
#3706 = VECTOR('',#3707,1.);
#3707 = DIRECTION('',(1.,0.,-0.));
#3708 = ORIENTED_EDGE('',*,*,#3619,.T.);
#3709 = ORIENTED_EDGE('',*,*,#3710,.T.);
#3710 = EDGE_CURVE('',#3620,#3660,#3711,.T.);
#3711 = LINE('',#3712,#3713);
#3712 = CARTESIAN_POINT('',(0.,1.,7.375E-02));
#3713 = VECTOR('',#3714,1.);
#3714 = DIRECTION('',(1.,0.,-0.));
#3715 = ORIENTED_EDGE('',*,*,#3659,.F.);
#3716 = PLANE('',#3717);
#3717 = AXIS2_PLACEMENT_3D('',#3718,#3719,#3720);
#3718 = CARTESIAN_POINT('',(0.,1.,0.));
#3719 = DIRECTION('',(-0.,1.,0.));
#3720 = DIRECTION('',(0.,0.,1.));
#3721 = ADVANCED_FACE('',(#3722),#3728,.F.);
#3722 = FACE_BOUND('',#3723,.F.);
#3723 = EDGE_LOOP('',(#3724,#3725,#3726,#3727));
#3724 = ORIENTED_EDGE('',*,*,#3611,.F.);
#3725 = ORIENTED_EDGE('',*,*,#3681,.T.);
#3726 = ORIENTED_EDGE('',*,*,#3651,.T.);
#3727 = ORIENTED_EDGE('',*,*,#3703,.F.);
#3728 = PLANE('',#3729);
#3729 = AXIS2_PLACEMENT_3D('',#3730,#3731,#3732);
#3730 = CARTESIAN_POINT('',(0.,0.,0.));
#3731 = DIRECTION('',(0.,0.,1.));
#3732 = DIRECTION('',(1.,0.,-0.));
#3733 = ADVANCED_FACE('',(#3734),#3740,.T.);
#3734 = FACE_BOUND('',#3735,.T.);
#3735 = EDGE_LOOP('',(#3736,#3737,#3738,#3739));
#3736 = ORIENTED_EDGE('',*,*,#3627,.F.);
#3737 = ORIENTED_EDGE('',*,*,#3688,.T.);
#3738 = ORIENTED_EDGE('',*,*,#3667,.T.);
#3739 = ORIENTED_EDGE('',*,*,#3710,.F.);
#3740 = PLANE('',#3741);
#3741 = AXIS2_PLACEMENT_3D('',#3742,#3743,#3744);
#3742 = CARTESIAN_POINT('',(0.,0.,7.375E-02));
#3743 = DIRECTION('',(0.,0.,1.));
#3744 = DIRECTION('',(1.,0.,-0.));
#3745 = ( GEOMETRIC_REPRESENTATION_CONTEXT(3) 
GLOBAL_UNCERTAINTY_ASSIGNED_CONTEXT((#3749)) 
GLOBAL_UNIT_ASSIGNED_CONTEXT((#3746,#3747,#3748)) REPRESENTATION_CONTEXT
('Context #1','3D Context with UNIT and UNCERTAINTY') );
#3746 = ( LENGTH_UNIT() NAMED_UNIT(*) SI_UNIT(.MILLI.,.METRE.) );
#3747 = ( NAMED_UNIT(*) PLANE_ANGLE_UNIT() SI_UNIT($,.RADIAN.) );
#3748 = ( NAMED_UNIT(*) SI_UNIT($,.STERADIAN.) SOLID_ANGLE_UNIT() );
#3749 = UNCERTAINTY_MEASURE_WITH_UNIT(LENGTH_MEASURE(1.E-07),#3746,
  'distance_accuracy_value','confusion accuracy');
#3750 = CONTEXT_DEPENDENT_SHAPE_REPRESENTATION(#3751,#3753);
#3751 = ( REPRESENTATION_RELATIONSHIP('','',#3594,#3349) 
REPRESENTATION_RELATIONSHIP_WITH_TRANSFORMATION(#3752) 
SHAPE_REPRESENTATION_RELATIONSHIP() );
#3752 = ITEM_DEFINED_TRANSFORMATION('','',#11,#3354);
#3753 = PRODUCT_DEFINITION_SHAPE('Placement','Placement of an item',
  #3754);
#3754 = NEXT_ASSEMBLY_USAGE_OCCURRENCE('14','=>[0:1:1:3]','',#3344,#3589
  ,$);
#3755 = PRODUCT_RELATED_PRODUCT_CATEGORY('part',$,(#3591));
#3756 = SHAPE_DEFINITION_REPRESENTATION(#3757,#3763);
#3757 = PRODUCT_DEFINITION_SHAPE('','',#3758);
#3758 = PRODUCT_DEFINITION('design','',#3759,#3762);
#3759 = PRODUCT_DEFINITION_FORMATION('','',#3760);
#3760 = PRODUCT('PinsArrayLR','PinsArrayLR','',(#3761));
#3761 = PRODUCT_CONTEXT('',#2,'mechanical');
#3762 = PRODUCT_DEFINITION_CONTEXT('part definition',#2,'design');
#3763 = SHAPE_REPRESENTATION('',(#11,#3764,#3914,#4064,#4214),#4364);
#3764 = MANIFOLD_SOLID_BREP('',#3765);
#3765 = CLOSED_SHELL('',(#3766,#3806,#3846,#3868,#3890,#3902));
#3766 = ADVANCED_FACE('',(#3767),#3801,.F.);
#3767 = FACE_BOUND('',#3768,.F.);
#3768 = EDGE_LOOP('',(#3769,#3779,#3787,#3795));
#3769 = ORIENTED_EDGE('',*,*,#3770,.F.);
#3770 = EDGE_CURVE('',#3771,#3773,#3775,.T.);
#3771 = VERTEX_POINT('',#3772);
#3772 = CARTESIAN_POINT('',(-0.8,0.25,0.));
#3773 = VERTEX_POINT('',#3774);
#3774 = CARTESIAN_POINT('',(-0.8,0.25,7.375E-02));
#3775 = LINE('',#3776,#3777);
#3776 = CARTESIAN_POINT('',(-0.8,0.25,0.));
#3777 = VECTOR('',#3778,1.);
#3778 = DIRECTION('',(0.,0.,1.));
#3779 = ORIENTED_EDGE('',*,*,#3780,.T.);
#3780 = EDGE_CURVE('',#3771,#3781,#3783,.T.);
#3781 = VERTEX_POINT('',#3782);
#3782 = CARTESIAN_POINT('',(-0.8,0.55,0.));
#3783 = LINE('',#3784,#3785);
#3784 = CARTESIAN_POINT('',(-0.8,0.25,0.));
#3785 = VECTOR('',#3786,1.);
#3786 = DIRECTION('',(0.,1.,0.));
#3787 = ORIENTED_EDGE('',*,*,#3788,.T.);
#3788 = EDGE_CURVE('',#3781,#3789,#3791,.T.);
#3789 = VERTEX_POINT('',#3790);
#3790 = CARTESIAN_POINT('',(-0.8,0.55,7.375E-02));
#3791 = LINE('',#3792,#3793);
#3792 = CARTESIAN_POINT('',(-0.8,0.55,0.));
#3793 = VECTOR('',#3794,1.);
#3794 = DIRECTION('',(0.,0.,1.));
#3795 = ORIENTED_EDGE('',*,*,#3796,.F.);
#3796 = EDGE_CURVE('',#3773,#3789,#3797,.T.);
#3797 = LINE('',#3798,#3799);
#3798 = CARTESIAN_POINT('',(-0.8,0.25,7.375E-02));
#3799 = VECTOR('',#3800,1.);
#3800 = DIRECTION('',(0.,1.,0.));
#3801 = PLANE('',#3802);
#3802 = AXIS2_PLACEMENT_3D('',#3803,#3804,#3805);
#3803 = CARTESIAN_POINT('',(-0.8,0.25,0.));
#3804 = DIRECTION('',(1.,0.,0.));
#3805 = DIRECTION('',(0.,0.,1.));
#3806 = ADVANCED_FACE('',(#3807),#3841,.T.);
#3807 = FACE_BOUND('',#3808,.T.);
#3808 = EDGE_LOOP('',(#3809,#3819,#3827,#3835));
#3809 = ORIENTED_EDGE('',*,*,#3810,.F.);
#3810 = EDGE_CURVE('',#3811,#3813,#3815,.T.);
#3811 = VERTEX_POINT('',#3812);
#3812 = CARTESIAN_POINT('',(-0.45,0.25,0.));
#3813 = VERTEX_POINT('',#3814);
#3814 = CARTESIAN_POINT('',(-0.45,0.25,7.375E-02));
#3815 = LINE('',#3816,#3817);
#3816 = CARTESIAN_POINT('',(-0.45,0.25,0.));
#3817 = VECTOR('',#3818,1.);
#3818 = DIRECTION('',(0.,0.,1.));
#3819 = ORIENTED_EDGE('',*,*,#3820,.T.);
#3820 = EDGE_CURVE('',#3811,#3821,#3823,.T.);
#3821 = VERTEX_POINT('',#3822);
#3822 = CARTESIAN_POINT('',(-0.45,0.55,0.));
#3823 = LINE('',#3824,#3825);
#3824 = CARTESIAN_POINT('',(-0.45,0.25,0.));
#3825 = VECTOR('',#3826,1.);
#3826 = DIRECTION('',(0.,1.,0.));
#3827 = ORIENTED_EDGE('',*,*,#3828,.T.);
#3828 = EDGE_CURVE('',#3821,#3829,#3831,.T.);
#3829 = VERTEX_POINT('',#3830);
#3830 = CARTESIAN_POINT('',(-0.45,0.55,7.375E-02));
#3831 = LINE('',#3832,#3833);
#3832 = CARTESIAN_POINT('',(-0.45,0.55,0.));
#3833 = VECTOR('',#3834,1.);
#3834 = DIRECTION('',(0.,0.,1.));
#3835 = ORIENTED_EDGE('',*,*,#3836,.F.);
#3836 = EDGE_CURVE('',#3813,#3829,#3837,.T.);
#3837 = LINE('',#3838,#3839);
#3838 = CARTESIAN_POINT('',(-0.45,0.25,7.375E-02));
#3839 = VECTOR('',#3840,1.);
#3840 = DIRECTION('',(0.,1.,0.));
#3841 = PLANE('',#3842);
#3842 = AXIS2_PLACEMENT_3D('',#3843,#3844,#3845);
#3843 = CARTESIAN_POINT('',(-0.45,0.25,0.));
#3844 = DIRECTION('',(1.,0.,0.));
#3845 = DIRECTION('',(0.,0.,1.));
#3846 = ADVANCED_FACE('',(#3847),#3863,.F.);
#3847 = FACE_BOUND('',#3848,.F.);
#3848 = EDGE_LOOP('',(#3849,#3855,#3856,#3862));
#3849 = ORIENTED_EDGE('',*,*,#3850,.F.);
#3850 = EDGE_CURVE('',#3771,#3811,#3851,.T.);
#3851 = LINE('',#3852,#3853);
#3852 = CARTESIAN_POINT('',(-0.8,0.25,0.));
#3853 = VECTOR('',#3854,1.);
#3854 = DIRECTION('',(1.,0.,0.));
#3855 = ORIENTED_EDGE('',*,*,#3770,.T.);
#3856 = ORIENTED_EDGE('',*,*,#3857,.T.);
#3857 = EDGE_CURVE('',#3773,#3813,#3858,.T.);
#3858 = LINE('',#3859,#3860);
#3859 = CARTESIAN_POINT('',(-0.8,0.25,7.375E-02));
#3860 = VECTOR('',#3861,1.);
#3861 = DIRECTION('',(1.,0.,0.));
#3862 = ORIENTED_EDGE('',*,*,#3810,.F.);
#3863 = PLANE('',#3864);
#3864 = AXIS2_PLACEMENT_3D('',#3865,#3866,#3867);
#3865 = CARTESIAN_POINT('',(-0.8,0.25,0.));
#3866 = DIRECTION('',(0.,1.,0.));
#3867 = DIRECTION('',(0.,-0.,1.));
#3868 = ADVANCED_FACE('',(#3869),#3885,.T.);
#3869 = FACE_BOUND('',#3870,.T.);
#3870 = EDGE_LOOP('',(#3871,#3877,#3878,#3884));
#3871 = ORIENTED_EDGE('',*,*,#3872,.F.);
#3872 = EDGE_CURVE('',#3781,#3821,#3873,.T.);
#3873 = LINE('',#3874,#3875);
#3874 = CARTESIAN_POINT('',(-0.8,0.55,0.));
#3875 = VECTOR('',#3876,1.);
#3876 = DIRECTION('',(1.,0.,0.));
#3877 = ORIENTED_EDGE('',*,*,#3788,.T.);
#3878 = ORIENTED_EDGE('',*,*,#3879,.T.);
#3879 = EDGE_CURVE('',#3789,#3829,#3880,.T.);
#3880 = LINE('',#3881,#3882);
#3881 = CARTESIAN_POINT('',(-0.8,0.55,7.375E-02));
#3882 = VECTOR('',#3883,1.);
#3883 = DIRECTION('',(1.,0.,0.));
#3884 = ORIENTED_EDGE('',*,*,#3828,.F.);
#3885 = PLANE('',#3886);
#3886 = AXIS2_PLACEMENT_3D('',#3887,#3888,#3889);
#3887 = CARTESIAN_POINT('',(-0.8,0.55,0.));
#3888 = DIRECTION('',(0.,1.,0.));
#3889 = DIRECTION('',(0.,-0.,1.));
#3890 = ADVANCED_FACE('',(#3891),#3897,.F.);
#3891 = FACE_BOUND('',#3892,.F.);
#3892 = EDGE_LOOP('',(#3893,#3894,#3895,#3896));
#3893 = ORIENTED_EDGE('',*,*,#3780,.F.);
#3894 = ORIENTED_EDGE('',*,*,#3850,.T.);
#3895 = ORIENTED_EDGE('',*,*,#3820,.T.);
#3896 = ORIENTED_EDGE('',*,*,#3872,.F.);
#3897 = PLANE('',#3898);
#3898 = AXIS2_PLACEMENT_3D('',#3899,#3900,#3901);
#3899 = CARTESIAN_POINT('',(-0.8,0.25,0.));
#3900 = DIRECTION('',(0.,0.,1.));
#3901 = DIRECTION('',(1.,0.,-0.));
#3902 = ADVANCED_FACE('',(#3903),#3909,.T.);
#3903 = FACE_BOUND('',#3904,.T.);
#3904 = EDGE_LOOP('',(#3905,#3906,#3907,#3908));
#3905 = ORIENTED_EDGE('',*,*,#3796,.F.);
#3906 = ORIENTED_EDGE('',*,*,#3857,.T.);
#3907 = ORIENTED_EDGE('',*,*,#3836,.T.);
#3908 = ORIENTED_EDGE('',*,*,#3879,.F.);
#3909 = PLANE('',#3910);
#3910 = AXIS2_PLACEMENT_3D('',#3911,#3912,#3913);
#3911 = CARTESIAN_POINT('',(-0.8,0.25,7.375E-02));
#3912 = DIRECTION('',(0.,0.,1.));
#3913 = DIRECTION('',(1.,0.,-0.));
#3914 = MANIFOLD_SOLID_BREP('',#3915);
#3915 = CLOSED_SHELL('',(#3916,#3956,#3996,#4018,#4040,#4052));
#3916 = ADVANCED_FACE('',(#3917),#3951,.F.);
#3917 = FACE_BOUND('',#3918,.F.);
#3918 = EDGE_LOOP('',(#3919,#3929,#3937,#3945));
#3919 = ORIENTED_EDGE('',*,*,#3920,.F.);
#3920 = EDGE_CURVE('',#3921,#3923,#3925,.T.);
#3921 = VERTEX_POINT('',#3922);
#3922 = CARTESIAN_POINT('',(0.45,0.25,0.));
#3923 = VERTEX_POINT('',#3924);
#3924 = CARTESIAN_POINT('',(0.45,0.25,7.375E-02));
#3925 = LINE('',#3926,#3927);
#3926 = CARTESIAN_POINT('',(0.45,0.25,0.));
#3927 = VECTOR('',#3928,1.);
#3928 = DIRECTION('',(0.,0.,1.));
#3929 = ORIENTED_EDGE('',*,*,#3930,.T.);
#3930 = EDGE_CURVE('',#3921,#3931,#3933,.T.);
#3931 = VERTEX_POINT('',#3932);
#3932 = CARTESIAN_POINT('',(0.45,0.55,0.));
#3933 = LINE('',#3934,#3935);
#3934 = CARTESIAN_POINT('',(0.45,0.25,0.));
#3935 = VECTOR('',#3936,1.);
#3936 = DIRECTION('',(0.,1.,0.));
#3937 = ORIENTED_EDGE('',*,*,#3938,.T.);
#3938 = EDGE_CURVE('',#3931,#3939,#3941,.T.);
#3939 = VERTEX_POINT('',#3940);
#3940 = CARTESIAN_POINT('',(0.45,0.55,7.375E-02));
#3941 = LINE('',#3942,#3943);
#3942 = CARTESIAN_POINT('',(0.45,0.55,0.));
#3943 = VECTOR('',#3944,1.);
#3944 = DIRECTION('',(0.,0.,1.));
#3945 = ORIENTED_EDGE('',*,*,#3946,.F.);
#3946 = EDGE_CURVE('',#3923,#3939,#3947,.T.);
#3947 = LINE('',#3948,#3949);
#3948 = CARTESIAN_POINT('',(0.45,0.25,7.375E-02));
#3949 = VECTOR('',#3950,1.);
#3950 = DIRECTION('',(0.,1.,0.));
#3951 = PLANE('',#3952);
#3952 = AXIS2_PLACEMENT_3D('',#3953,#3954,#3955);
#3953 = CARTESIAN_POINT('',(0.45,0.25,0.));
#3954 = DIRECTION('',(1.,0.,0.));
#3955 = DIRECTION('',(0.,0.,1.));
#3956 = ADVANCED_FACE('',(#3957),#3991,.T.);
#3957 = FACE_BOUND('',#3958,.T.);
#3958 = EDGE_LOOP('',(#3959,#3969,#3977,#3985));
#3959 = ORIENTED_EDGE('',*,*,#3960,.F.);
#3960 = EDGE_CURVE('',#3961,#3963,#3965,.T.);
#3961 = VERTEX_POINT('',#3962);
#3962 = CARTESIAN_POINT('',(0.8,0.25,0.));
#3963 = VERTEX_POINT('',#3964);
#3964 = CARTESIAN_POINT('',(0.8,0.25,7.375E-02));
#3965 = LINE('',#3966,#3967);
#3966 = CARTESIAN_POINT('',(0.8,0.25,0.));
#3967 = VECTOR('',#3968,1.);
#3968 = DIRECTION('',(0.,0.,1.));
#3969 = ORIENTED_EDGE('',*,*,#3970,.T.);
#3970 = EDGE_CURVE('',#3961,#3971,#3973,.T.);
#3971 = VERTEX_POINT('',#3972);
#3972 = CARTESIAN_POINT('',(0.8,0.55,0.));
#3973 = LINE('',#3974,#3975);
#3974 = CARTESIAN_POINT('',(0.8,0.25,0.));
#3975 = VECTOR('',#3976,1.);
#3976 = DIRECTION('',(0.,1.,0.));
#3977 = ORIENTED_EDGE('',*,*,#3978,.T.);
#3978 = EDGE_CURVE('',#3971,#3979,#3981,.T.);
#3979 = VERTEX_POINT('',#3980);
#3980 = CARTESIAN_POINT('',(0.8,0.55,7.375E-02));
#3981 = LINE('',#3982,#3983);
#3982 = CARTESIAN_POINT('',(0.8,0.55,0.));
#3983 = VECTOR('',#3984,1.);
#3984 = DIRECTION('',(0.,0.,1.));
#3985 = ORIENTED_EDGE('',*,*,#3986,.F.);
#3986 = EDGE_CURVE('',#3963,#3979,#3987,.T.);
#3987 = LINE('',#3988,#3989);
#3988 = CARTESIAN_POINT('',(0.8,0.25,7.375E-02));
#3989 = VECTOR('',#3990,1.);
#3990 = DIRECTION('',(0.,1.,0.));
#3991 = PLANE('',#3992);
#3992 = AXIS2_PLACEMENT_3D('',#3993,#3994,#3995);
#3993 = CARTESIAN_POINT('',(0.8,0.25,0.));
#3994 = DIRECTION('',(1.,0.,0.));
#3995 = DIRECTION('',(0.,0.,1.));
#3996 = ADVANCED_FACE('',(#3997),#4013,.F.);
#3997 = FACE_BOUND('',#3998,.F.);
#3998 = EDGE_LOOP('',(#3999,#4005,#4006,#4012));
#3999 = ORIENTED_EDGE('',*,*,#4000,.F.);
#4000 = EDGE_CURVE('',#3921,#3961,#4001,.T.);
#4001 = LINE('',#4002,#4003);
#4002 = CARTESIAN_POINT('',(0.45,0.25,0.));
#4003 = VECTOR('',#4004,1.);
#4004 = DIRECTION('',(1.,0.,0.));
#4005 = ORIENTED_EDGE('',*,*,#3920,.T.);
#4006 = ORIENTED_EDGE('',*,*,#4007,.T.);
#4007 = EDGE_CURVE('',#3923,#3963,#4008,.T.);
#4008 = LINE('',#4009,#4010);
#4009 = CARTESIAN_POINT('',(0.45,0.25,7.375E-02));
#4010 = VECTOR('',#4011,1.);
#4011 = DIRECTION('',(1.,0.,0.));
#4012 = ORIENTED_EDGE('',*,*,#3960,.F.);
#4013 = PLANE('',#4014);
#4014 = AXIS2_PLACEMENT_3D('',#4015,#4016,#4017);
#4015 = CARTESIAN_POINT('',(0.45,0.25,0.));
#4016 = DIRECTION('',(0.,1.,0.));
#4017 = DIRECTION('',(0.,-0.,1.));
#4018 = ADVANCED_FACE('',(#4019),#4035,.T.);
#4019 = FACE_BOUND('',#4020,.T.);
#4020 = EDGE_LOOP('',(#4021,#4027,#4028,#4034));
#4021 = ORIENTED_EDGE('',*,*,#4022,.F.);
#4022 = EDGE_CURVE('',#3931,#3971,#4023,.T.);
#4023 = LINE('',#4024,#4025);
#4024 = CARTESIAN_POINT('',(0.45,0.55,0.));
#4025 = VECTOR('',#4026,1.);
#4026 = DIRECTION('',(1.,0.,0.));
#4027 = ORIENTED_EDGE('',*,*,#3938,.T.);
#4028 = ORIENTED_EDGE('',*,*,#4029,.T.);
#4029 = EDGE_CURVE('',#3939,#3979,#4030,.T.);
#4030 = LINE('',#4031,#4032);
#4031 = CARTESIAN_POINT('',(0.45,0.55,7.375E-02));
#4032 = VECTOR('',#4033,1.);
#4033 = DIRECTION('',(1.,0.,0.));
#4034 = ORIENTED_EDGE('',*,*,#3978,.F.);
#4035 = PLANE('',#4036);
#4036 = AXIS2_PLACEMENT_3D('',#4037,#4038,#4039);
#4037 = CARTESIAN_POINT('',(0.45,0.55,0.));
#4038 = DIRECTION('',(0.,1.,0.));
#4039 = DIRECTION('',(0.,-0.,1.));
#4040 = ADVANCED_FACE('',(#4041),#4047,.F.);
#4041 = FACE_BOUND('',#4042,.F.);
#4042 = EDGE_LOOP('',(#4043,#4044,#4045,#4046));
#4043 = ORIENTED_EDGE('',*,*,#3930,.F.);
#4044 = ORIENTED_EDGE('',*,*,#4000,.T.);
#4045 = ORIENTED_EDGE('',*,*,#3970,.T.);
#4046 = ORIENTED_EDGE('',*,*,#4022,.F.);
#4047 = PLANE('',#4048);
#4048 = AXIS2_PLACEMENT_3D('',#4049,#4050,#4051);
#4049 = CARTESIAN_POINT('',(0.45,0.25,0.));
#4050 = DIRECTION('',(0.,0.,1.));
#4051 = DIRECTION('',(1.,0.,-0.));
#4052 = ADVANCED_FACE('',(#4053),#4059,.T.);
#4053 = FACE_BOUND('',#4054,.T.);
#4054 = EDGE_LOOP('',(#4055,#4056,#4057,#4058));
#4055 = ORIENTED_EDGE('',*,*,#3946,.F.);
#4056 = ORIENTED_EDGE('',*,*,#4007,.T.);
#4057 = ORIENTED_EDGE('',*,*,#3986,.T.);
#4058 = ORIENTED_EDGE('',*,*,#4029,.F.);
#4059 = PLANE('',#4060);
#4060 = AXIS2_PLACEMENT_3D('',#4061,#4062,#4063);
#4061 = CARTESIAN_POINT('',(0.45,0.25,7.375E-02));
#4062 = DIRECTION('',(0.,0.,1.));
#4063 = DIRECTION('',(1.,0.,-0.));
#4064 = MANIFOLD_SOLID_BREP('',#4065);
#4065 = CLOSED_SHELL('',(#4066,#4106,#4146,#4168,#4190,#4202));
#4066 = ADVANCED_FACE('',(#4067),#4101,.F.);
#4067 = FACE_BOUND('',#4068,.F.);
#4068 = EDGE_LOOP('',(#4069,#4079,#4087,#4095));
#4069 = ORIENTED_EDGE('',*,*,#4070,.F.);
#4070 = EDGE_CURVE('',#4071,#4073,#4075,.T.);
#4071 = VERTEX_POINT('',#4072);
#4072 = CARTESIAN_POINT('',(-0.8,-0.55,0.));
#4073 = VERTEX_POINT('',#4074);
#4074 = CARTESIAN_POINT('',(-0.8,-0.55,7.375E-02));
#4075 = LINE('',#4076,#4077);
#4076 = CARTESIAN_POINT('',(-0.8,-0.55,0.));
#4077 = VECTOR('',#4078,1.);
#4078 = DIRECTION('',(0.,0.,1.));
#4079 = ORIENTED_EDGE('',*,*,#4080,.T.);
#4080 = EDGE_CURVE('',#4071,#4081,#4083,.T.);
#4081 = VERTEX_POINT('',#4082);
#4082 = CARTESIAN_POINT('',(-0.8,-0.25,0.));
#4083 = LINE('',#4084,#4085);
#4084 = CARTESIAN_POINT('',(-0.8,-0.55,0.));
#4085 = VECTOR('',#4086,1.);
#4086 = DIRECTION('',(0.,1.,0.));
#4087 = ORIENTED_EDGE('',*,*,#4088,.T.);
#4088 = EDGE_CURVE('',#4081,#4089,#4091,.T.);
#4089 = VERTEX_POINT('',#4090);
#4090 = CARTESIAN_POINT('',(-0.8,-0.25,7.375E-02));
#4091 = LINE('',#4092,#4093);
#4092 = CARTESIAN_POINT('',(-0.8,-0.25,0.));
#4093 = VECTOR('',#4094,1.);
#4094 = DIRECTION('',(0.,0.,1.));
#4095 = ORIENTED_EDGE('',*,*,#4096,.F.);
#4096 = EDGE_CURVE('',#4073,#4089,#4097,.T.);
#4097 = LINE('',#4098,#4099);
#4098 = CARTESIAN_POINT('',(-0.8,-0.55,7.375E-02));
#4099 = VECTOR('',#4100,1.);
#4100 = DIRECTION('',(0.,1.,0.));
#4101 = PLANE('',#4102);
#4102 = AXIS2_PLACEMENT_3D('',#4103,#4104,#4105);
#4103 = CARTESIAN_POINT('',(-0.8,-0.55,0.));
#4104 = DIRECTION('',(1.,0.,0.));
#4105 = DIRECTION('',(0.,0.,1.));
#4106 = ADVANCED_FACE('',(#4107),#4141,.T.);
#4107 = FACE_BOUND('',#4108,.T.);
#4108 = EDGE_LOOP('',(#4109,#4119,#4127,#4135));
#4109 = ORIENTED_EDGE('',*,*,#4110,.F.);
#4110 = EDGE_CURVE('',#4111,#4113,#4115,.T.);
#4111 = VERTEX_POINT('',#4112);
#4112 = CARTESIAN_POINT('',(-0.45,-0.55,0.));
#4113 = VERTEX_POINT('',#4114);
#4114 = CARTESIAN_POINT('',(-0.45,-0.55,7.375E-02));
#4115 = LINE('',#4116,#4117);
#4116 = CARTESIAN_POINT('',(-0.45,-0.55,0.));
#4117 = VECTOR('',#4118,1.);
#4118 = DIRECTION('',(0.,0.,1.));
#4119 = ORIENTED_EDGE('',*,*,#4120,.T.);
#4120 = EDGE_CURVE('',#4111,#4121,#4123,.T.);
#4121 = VERTEX_POINT('',#4122);
#4122 = CARTESIAN_POINT('',(-0.45,-0.25,0.));
#4123 = LINE('',#4124,#4125);
#4124 = CARTESIAN_POINT('',(-0.45,-0.55,0.));
#4125 = VECTOR('',#4126,1.);
#4126 = DIRECTION('',(0.,1.,0.));
#4127 = ORIENTED_EDGE('',*,*,#4128,.T.);
#4128 = EDGE_CURVE('',#4121,#4129,#4131,.T.);
#4129 = VERTEX_POINT('',#4130);
#4130 = CARTESIAN_POINT('',(-0.45,-0.25,7.375E-02));
#4131 = LINE('',#4132,#4133);
#4132 = CARTESIAN_POINT('',(-0.45,-0.25,0.));
#4133 = VECTOR('',#4134,1.);
#4134 = DIRECTION('',(0.,0.,1.));
#4135 = ORIENTED_EDGE('',*,*,#4136,.F.);
#4136 = EDGE_CURVE('',#4113,#4129,#4137,.T.);
#4137 = LINE('',#4138,#4139);
#4138 = CARTESIAN_POINT('',(-0.45,-0.55,7.375E-02));
#4139 = VECTOR('',#4140,1.);
#4140 = DIRECTION('',(0.,1.,0.));
#4141 = PLANE('',#4142);
#4142 = AXIS2_PLACEMENT_3D('',#4143,#4144,#4145);
#4143 = CARTESIAN_POINT('',(-0.45,-0.55,0.));
#4144 = DIRECTION('',(1.,0.,0.));
#4145 = DIRECTION('',(0.,0.,1.));
#4146 = ADVANCED_FACE('',(#4147),#4163,.F.);
#4147 = FACE_BOUND('',#4148,.F.);
#4148 = EDGE_LOOP('',(#4149,#4155,#4156,#4162));
#4149 = ORIENTED_EDGE('',*,*,#4150,.F.);
#4150 = EDGE_CURVE('',#4071,#4111,#4151,.T.);
#4151 = LINE('',#4152,#4153);
#4152 = CARTESIAN_POINT('',(-0.8,-0.55,0.));
#4153 = VECTOR('',#4154,1.);
#4154 = DIRECTION('',(1.,0.,0.));
#4155 = ORIENTED_EDGE('',*,*,#4070,.T.);
#4156 = ORIENTED_EDGE('',*,*,#4157,.T.);
#4157 = EDGE_CURVE('',#4073,#4113,#4158,.T.);
#4158 = LINE('',#4159,#4160);
#4159 = CARTESIAN_POINT('',(-0.8,-0.55,7.375E-02));
#4160 = VECTOR('',#4161,1.);
#4161 = DIRECTION('',(1.,0.,0.));
#4162 = ORIENTED_EDGE('',*,*,#4110,.F.);
#4163 = PLANE('',#4164);
#4164 = AXIS2_PLACEMENT_3D('',#4165,#4166,#4167);
#4165 = CARTESIAN_POINT('',(-0.8,-0.55,0.));
#4166 = DIRECTION('',(0.,1.,0.));
#4167 = DIRECTION('',(0.,-0.,1.));
#4168 = ADVANCED_FACE('',(#4169),#4185,.T.);
#4169 = FACE_BOUND('',#4170,.T.);
#4170 = EDGE_LOOP('',(#4171,#4177,#4178,#4184));
#4171 = ORIENTED_EDGE('',*,*,#4172,.F.);
#4172 = EDGE_CURVE('',#4081,#4121,#4173,.T.);
#4173 = LINE('',#4174,#4175);
#4174 = CARTESIAN_POINT('',(-0.8,-0.25,0.));
#4175 = VECTOR('',#4176,1.);
#4176 = DIRECTION('',(1.,0.,0.));
#4177 = ORIENTED_EDGE('',*,*,#4088,.T.);
#4178 = ORIENTED_EDGE('',*,*,#4179,.T.);
#4179 = EDGE_CURVE('',#4089,#4129,#4180,.T.);
#4180 = LINE('',#4181,#4182);
#4181 = CARTESIAN_POINT('',(-0.8,-0.25,7.375E-02));
#4182 = VECTOR('',#4183,1.);
#4183 = DIRECTION('',(1.,0.,0.));
#4184 = ORIENTED_EDGE('',*,*,#4128,.F.);
#4185 = PLANE('',#4186);
#4186 = AXIS2_PLACEMENT_3D('',#4187,#4188,#4189);
#4187 = CARTESIAN_POINT('',(-0.8,-0.25,0.));
#4188 = DIRECTION('',(0.,1.,0.));
#4189 = DIRECTION('',(0.,-0.,1.));
#4190 = ADVANCED_FACE('',(#4191),#4197,.F.);
#4191 = FACE_BOUND('',#4192,.F.);
#4192 = EDGE_LOOP('',(#4193,#4194,#4195,#4196));
#4193 = ORIENTED_EDGE('',*,*,#4080,.F.);
#4194 = ORIENTED_EDGE('',*,*,#4150,.T.);
#4195 = ORIENTED_EDGE('',*,*,#4120,.T.);
#4196 = ORIENTED_EDGE('',*,*,#4172,.F.);
#4197 = PLANE('',#4198);
#4198 = AXIS2_PLACEMENT_3D('',#4199,#4200,#4201);
#4199 = CARTESIAN_POINT('',(-0.8,-0.55,0.));
#4200 = DIRECTION('',(0.,0.,1.));
#4201 = DIRECTION('',(1.,0.,-0.));
#4202 = ADVANCED_FACE('',(#4203),#4209,.T.);
#4203 = FACE_BOUND('',#4204,.T.);
#4204 = EDGE_LOOP('',(#4205,#4206,#4207,#4208));
#4205 = ORIENTED_EDGE('',*,*,#4096,.F.);
#4206 = ORIENTED_EDGE('',*,*,#4157,.T.);
#4207 = ORIENTED_EDGE('',*,*,#4136,.T.);
#4208 = ORIENTED_EDGE('',*,*,#4179,.F.);
#4209 = PLANE('',#4210);
#4210 = AXIS2_PLACEMENT_3D('',#4211,#4212,#4213);
#4211 = CARTESIAN_POINT('',(-0.8,-0.55,7.375E-02));
#4212 = DIRECTION('',(0.,0.,1.));
#4213 = DIRECTION('',(1.,0.,-0.));
#4214 = MANIFOLD_SOLID_BREP('',#4215);
#4215 = CLOSED_SHELL('',(#4216,#4256,#4296,#4318,#4340,#4352));
#4216 = ADVANCED_FACE('',(#4217),#4251,.F.);
#4217 = FACE_BOUND('',#4218,.F.);
#4218 = EDGE_LOOP('',(#4219,#4229,#4237,#4245));
#4219 = ORIENTED_EDGE('',*,*,#4220,.F.);
#4220 = EDGE_CURVE('',#4221,#4223,#4225,.T.);
#4221 = VERTEX_POINT('',#4222);
#4222 = CARTESIAN_POINT('',(0.45,-0.55,0.));
#4223 = VERTEX_POINT('',#4224);
#4224 = CARTESIAN_POINT('',(0.45,-0.55,7.375E-02));
#4225 = LINE('',#4226,#4227);
#4226 = CARTESIAN_POINT('',(0.45,-0.55,0.));
#4227 = VECTOR('',#4228,1.);
#4228 = DIRECTION('',(0.,0.,1.));
#4229 = ORIENTED_EDGE('',*,*,#4230,.T.);
#4230 = EDGE_CURVE('',#4221,#4231,#4233,.T.);
#4231 = VERTEX_POINT('',#4232);
#4232 = CARTESIAN_POINT('',(0.45,-0.25,0.));
#4233 = LINE('',#4234,#4235);
#4234 = CARTESIAN_POINT('',(0.45,-0.55,0.));
#4235 = VECTOR('',#4236,1.);
#4236 = DIRECTION('',(0.,1.,0.));
#4237 = ORIENTED_EDGE('',*,*,#4238,.T.);
#4238 = EDGE_CURVE('',#4231,#4239,#4241,.T.);
#4239 = VERTEX_POINT('',#4240);
#4240 = CARTESIAN_POINT('',(0.45,-0.25,7.375E-02));
#4241 = LINE('',#4242,#4243);
#4242 = CARTESIAN_POINT('',(0.45,-0.25,0.));
#4243 = VECTOR('',#4244,1.);
#4244 = DIRECTION('',(0.,0.,1.));
#4245 = ORIENTED_EDGE('',*,*,#4246,.F.);
#4246 = EDGE_CURVE('',#4223,#4239,#4247,.T.);
#4247 = LINE('',#4248,#4249);
#4248 = CARTESIAN_POINT('',(0.45,-0.55,7.375E-02));
#4249 = VECTOR('',#4250,1.);
#4250 = DIRECTION('',(0.,1.,0.));
#4251 = PLANE('',#4252);
#4252 = AXIS2_PLACEMENT_3D('',#4253,#4254,#4255);
#4253 = CARTESIAN_POINT('',(0.45,-0.55,0.));
#4254 = DIRECTION('',(1.,0.,0.));
#4255 = DIRECTION('',(0.,0.,1.));
#4256 = ADVANCED_FACE('',(#4257),#4291,.T.);
#4257 = FACE_BOUND('',#4258,.T.);
#4258 = EDGE_LOOP('',(#4259,#4269,#4277,#4285));
#4259 = ORIENTED_EDGE('',*,*,#4260,.F.);
#4260 = EDGE_CURVE('',#4261,#4263,#4265,.T.);
#4261 = VERTEX_POINT('',#4262);
#4262 = CARTESIAN_POINT('',(0.8,-0.55,0.));
#4263 = VERTEX_POINT('',#4264);
#4264 = CARTESIAN_POINT('',(0.8,-0.55,7.375E-02));
#4265 = LINE('',#4266,#4267);
#4266 = CARTESIAN_POINT('',(0.8,-0.55,0.));
#4267 = VECTOR('',#4268,1.);
#4268 = DIRECTION('',(0.,0.,1.));
#4269 = ORIENTED_EDGE('',*,*,#4270,.T.);
#4270 = EDGE_CURVE('',#4261,#4271,#4273,.T.);
#4271 = VERTEX_POINT('',#4272);
#4272 = CARTESIAN_POINT('',(0.8,-0.25,0.));
#4273 = LINE('',#4274,#4275);
#4274 = CARTESIAN_POINT('',(0.8,-0.55,0.));
#4275 = VECTOR('',#4276,1.);
#4276 = DIRECTION('',(0.,1.,0.));
#4277 = ORIENTED_EDGE('',*,*,#4278,.T.);
#4278 = EDGE_CURVE('',#4271,#4279,#4281,.T.);
#4279 = VERTEX_POINT('',#4280);
#4280 = CARTESIAN_POINT('',(0.8,-0.25,7.375E-02));
#4281 = LINE('',#4282,#4283);
#4282 = CARTESIAN_POINT('',(0.8,-0.25,0.));
#4283 = VECTOR('',#4284,1.);
#4284 = DIRECTION('',(0.,0.,1.));
#4285 = ORIENTED_EDGE('',*,*,#4286,.F.);
#4286 = EDGE_CURVE('',#4263,#4279,#4287,.T.);
#4287 = LINE('',#4288,#4289);
#4288 = CARTESIAN_POINT('',(0.8,-0.55,7.375E-02));
#4289 = VECTOR('',#4290,1.);
#4290 = DIRECTION('',(0.,1.,0.));
#4291 = PLANE('',#4292);
#4292 = AXIS2_PLACEMENT_3D('',#4293,#4294,#4295);
#4293 = CARTESIAN_POINT('',(0.8,-0.55,0.));
#4294 = DIRECTION('',(1.,0.,0.));
#4295 = DIRECTION('',(0.,0.,1.));
#4296 = ADVANCED_FACE('',(#4297),#4313,.F.);
#4297 = FACE_BOUND('',#4298,.F.);
#4298 = EDGE_LOOP('',(#4299,#4305,#4306,#4312));
#4299 = ORIENTED_EDGE('',*,*,#4300,.F.);
#4300 = EDGE_CURVE('',#4221,#4261,#4301,.T.);
#4301 = LINE('',#4302,#4303);
#4302 = CARTESIAN_POINT('',(0.45,-0.55,0.));
#4303 = VECTOR('',#4304,1.);
#4304 = DIRECTION('',(1.,0.,0.));
#4305 = ORIENTED_EDGE('',*,*,#4220,.T.);
#4306 = ORIENTED_EDGE('',*,*,#4307,.T.);
#4307 = EDGE_CURVE('',#4223,#4263,#4308,.T.);
#4308 = LINE('',#4309,#4310);
#4309 = CARTESIAN_POINT('',(0.45,-0.55,7.375E-02));
#4310 = VECTOR('',#4311,1.);
#4311 = DIRECTION('',(1.,0.,0.));
#4312 = ORIENTED_EDGE('',*,*,#4260,.F.);
#4313 = PLANE('',#4314);
#4314 = AXIS2_PLACEMENT_3D('',#4315,#4316,#4317);
#4315 = CARTESIAN_POINT('',(0.45,-0.55,0.));
#4316 = DIRECTION('',(0.,1.,0.));
#4317 = DIRECTION('',(0.,-0.,1.));
#4318 = ADVANCED_FACE('',(#4319),#4335,.T.);
#4319 = FACE_BOUND('',#4320,.T.);
#4320 = EDGE_LOOP('',(#4321,#4327,#4328,#4334));
#4321 = ORIENTED_EDGE('',*,*,#4322,.F.);
#4322 = EDGE_CURVE('',#4231,#4271,#4323,.T.);
#4323 = LINE('',#4324,#4325);
#4324 = CARTESIAN_POINT('',(0.45,-0.25,0.));
#4325 = VECTOR('',#4326,1.);
#4326 = DIRECTION('',(1.,0.,0.));
#4327 = ORIENTED_EDGE('',*,*,#4238,.T.);
#4328 = ORIENTED_EDGE('',*,*,#4329,.T.);
#4329 = EDGE_CURVE('',#4239,#4279,#4330,.T.);
#4330 = LINE('',#4331,#4332);
#4331 = CARTESIAN_POINT('',(0.45,-0.25,7.375E-02));
#4332 = VECTOR('',#4333,1.);
#4333 = DIRECTION('',(1.,0.,0.));
#4334 = ORIENTED_EDGE('',*,*,#4278,.F.);
#4335 = PLANE('',#4336);
#4336 = AXIS2_PLACEMENT_3D('',#4337,#4338,#4339);
#4337 = CARTESIAN_POINT('',(0.45,-0.25,0.));
#4338 = DIRECTION('',(0.,1.,0.));
#4339 = DIRECTION('',(0.,-0.,1.));
#4340 = ADVANCED_FACE('',(#4341),#4347,.F.);
#4341 = FACE_BOUND('',#4342,.F.);
#4342 = EDGE_LOOP('',(#4343,#4344,#4345,#4346));
#4343 = ORIENTED_EDGE('',*,*,#4230,.F.);
#4344 = ORIENTED_EDGE('',*,*,#4300,.T.);
#4345 = ORIENTED_EDGE('',*,*,#4270,.T.);
#4346 = ORIENTED_EDGE('',*,*,#4322,.F.);
#4347 = PLANE('',#4348);
#4348 = AXIS2_PLACEMENT_3D('',#4349,#4350,#4351);
#4349 = CARTESIAN_POINT('',(0.45,-0.55,0.));
#4350 = DIRECTION('',(0.,0.,1.));
#4351 = DIRECTION('',(1.,0.,-0.));
#4352 = ADVANCED_FACE('',(#4353),#4359,.T.);
#4353 = FACE_BOUND('',#4354,.T.);
#4354 = EDGE_LOOP('',(#4355,#4356,#4357,#4358));
#4355 = ORIENTED_EDGE('',*,*,#4246,.F.);
#4356 = ORIENTED_EDGE('',*,*,#4307,.T.);
#4357 = ORIENTED_EDGE('',*,*,#4286,.T.);
#4358 = ORIENTED_EDGE('',*,*,#4329,.F.);
#4359 = PLANE('',#4360);
#4360 = AXIS2_PLACEMENT_3D('',#4361,#4362,#4363);
#4361 = CARTESIAN_POINT('',(0.45,-0.55,7.375E-02));
#4362 = DIRECTION('',(0.,0.,1.));
#4363 = DIRECTION('',(1.,0.,-0.));
#4364 = ( GEOMETRIC_REPRESENTATION_CONTEXT(3) 
GLOBAL_UNCERTAINTY_ASSIGNED_CONTEXT((#4368)) 
GLOBAL_UNIT_ASSIGNED_CONTEXT((#4365,#4366,#4367)) REPRESENTATION_CONTEXT
('Context #1','3D Context with UNIT and UNCERTAINTY') );
#4365 = ( LENGTH_UNIT() NAMED_UNIT(*) SI_UNIT(.MILLI.,.METRE.) );
#4366 = ( NAMED_UNIT(*) PLANE_ANGLE_UNIT() SI_UNIT($,.RADIAN.) );
#4367 = ( NAMED_UNIT(*) SI_UNIT($,.STERADIAN.) SOLID_ANGLE_UNIT() );
#4368 = UNCERTAINTY_MEASURE_WITH_UNIT(LENGTH_MEASURE(1.E-07),#4365,
  'distance_accuracy_value','confusion accuracy');
#4369 = CONTEXT_DEPENDENT_SHAPE_REPRESENTATION(#4370,#4372);
#4370 = ( REPRESENTATION_RELATIONSHIP('','',#3763,#3349) 
REPRESENTATION_RELATIONSHIP_WITH_TRANSFORMATION(#4371) 
SHAPE_REPRESENTATION_RELATIONSHIP() );
#4371 = ITEM_DEFINED_TRANSFORMATION('','',#11,#3358);
#4372 = PRODUCT_DEFINITION_SHAPE('Placement','Placement of an item',
  #4373);
#4373 = NEXT_ASSEMBLY_USAGE_OCCURRENCE('15','=>[0:1:1:4]','',#3344,#3758
  ,$);
#4374 = PRODUCT_RELATED_PRODUCT_CATEGORY('part',$,(#3760));
#4375 = CONTEXT_DEPENDENT_SHAPE_REPRESENTATION(#4376,#4378);
#4376 = ( REPRESENTATION_RELATIONSHIP('','',#2505,#10) 
REPRESENTATION_RELATIONSHIP_WITH_TRANSFORMATION(#4377) 
SHAPE_REPRESENTATION_RELATIONSHIP() );
#4377 = ITEM_DEFINED_TRANSFORMATION('','',#11,#67);
#4378 = PRODUCT_DEFINITION_SHAPE('Placement','Placement of an item',
  #4379);
#4379 = NEXT_ASSEMBLY_USAGE_OCCURRENCE('17','R2','',#5,#2500,$);
#4380 = SHAPE_DEFINITION_REPRESENTATION(#4381,#4387);
#4381 = PRODUCT_DEFINITION_SHAPE('','',#4382);
#4382 = PRODUCT_DEFINITION('design','',#4383,#4386);
#4383 = PRODUCT_DEFINITION_FORMATION('','',#4384);
#4384 = PRODUCT('CPT-14146-80T','CPT-14146-80T','',(#4385));
#4385 = PRODUCT_CONTEXT('',#2,'mechanical');
#4386 = PRODUCT_DEFINITION_CONTEXT('part definition',#2,'design');
#4387 = SHAPE_REPRESENTATION('',(#11,#4388,#4392),#4396);
#4388 = AXIS2_PLACEMENT_3D('',#4389,#4390,#4391);
#4389 = CARTESIAN_POINT('',(0.,0.,0.1));
#4390 = DIRECTION('',(0.,0.,1.));
#4391 = DIRECTION('',(1.,0.,0.));
#4392 = AXIS2_PLACEMENT_3D('',#4393,#4394,#4395);
#4393 = CARTESIAN_POINT('',(0.,0.,0.));
#4394 = DIRECTION('',(0.,0.,1.));
#4395 = DIRECTION('',(1.,0.,0.));
#4396 = ( GEOMETRIC_REPRESENTATION_CONTEXT(3) 
GLOBAL_UNCERTAINTY_ASSIGNED_CONTEXT((#4400)) 
GLOBAL_UNIT_ASSIGNED_CONTEXT((#4397,#4398,#4399)) REPRESENTATION_CONTEXT
('Context #1','3D Context with UNIT and UNCERTAINTY') );
#4397 = ( LENGTH_UNIT() NAMED_UNIT(*) SI_UNIT(.MILLI.,.METRE.) );
#4398 = ( NAMED_UNIT(*) PLANE_ANGLE_UNIT() SI_UNIT($,.RADIAN.) );
#4399 = ( NAMED_UNIT(*) SI_UNIT($,.STERADIAN.) SOLID_ANGLE_UNIT() );
#4400 = UNCERTAINTY_MEASURE_WITH_UNIT(LENGTH_MEASURE(1.E-07),#4397,
  'distance_accuracy_value','confusion accuracy');
#4401 = CONTEXT_DEPENDENT_SHAPE_REPRESENTATION(#4402,#4404);
#4402 = ( REPRESENTATION_RELATIONSHIP('','',#4387,#10) 
REPRESENTATION_RELATIONSHIP_WITH_TRANSFORMATION(#4403) 
SHAPE_REPRESENTATION_RELATIONSHIP() );
#4403 = ITEM_DEFINED_TRANSFORMATION('','',#11,#71);
#4404 = PRODUCT_DEFINITION_SHAPE('Placement','Placement of an item',
  #4405);
#4405 = NEXT_ASSEMBLY_USAGE_OCCURRENCE('20','L1','',#5,#4382,$);
#4406 = PRODUCT_RELATED_PRODUCT_CATEGORY('part',$,(#4384));
#4407 = SHAPE_DEFINITION_REPRESENTATION(#4408,#4414);
#4408 = PRODUCT_DEFINITION_SHAPE('','',#4409);
#4409 = PRODUCT_DEFINITION('design','',#4410,#4413);
#4410 = PRODUCT_DEFINITION_FORMATION('','',#4411);
#4411 = PRODUCT('Body','Body','',(#4412));
#4412 = PRODUCT_CONTEXT('',#2,'mechanical');
#4413 = PRODUCT_DEFINITION_CONTEXT('part definition',#2,'design');
#4414 = ADVANCED_BREP_SHAPE_REPRESENTATION('',(#11,#4415),#4527);
#4415 = BREP_WITH_VOIDS('',#4416,(#4503,#4515));
#4416 = CLOSED_SHELL('',(#4417,#4459,#4475,#4493));
#4417 = ADVANCED_FACE('',(#4418),#4454,.T.);
#4418 = FACE_BOUND('',#4419,.T.);
#4419 = EDGE_LOOP('',(#4420,#4431,#4439,#4448));
#4420 = ORIENTED_EDGE('',*,*,#4421,.T.);
#4421 = EDGE_CURVE('',#4422,#4424,#4426,.T.);
#4422 = VERTEX_POINT('',#4423);
#4423 = CARTESIAN_POINT('',(-6.5,3.8,0.));
#4424 = VERTEX_POINT('',#4425);
#4425 = CARTESIAN_POINT('',(6.5,3.8,0.));
#4426 = CIRCLE('',#4427,6.5);
#4427 = AXIS2_PLACEMENT_3D('',#4428,#4429,#4430);
#4428 = CARTESIAN_POINT('',(0.,3.8,0.));
#4429 = DIRECTION('',(0.,0.,1.));
#4430 = DIRECTION('',(1.,0.,-0.));
#4431 = ORIENTED_EDGE('',*,*,#4432,.T.);
#4432 = EDGE_CURVE('',#4424,#4433,#4435,.T.);
#4433 = VERTEX_POINT('',#4434);
#4434 = CARTESIAN_POINT('',(6.5,3.8,7.2));
#4435 = LINE('',#4436,#4437);
#4436 = CARTESIAN_POINT('',(6.5,3.8,0.));
#4437 = VECTOR('',#4438,1.);
#4438 = DIRECTION('',(0.,0.,1.));
#4439 = ORIENTED_EDGE('',*,*,#4440,.F.);
#4440 = EDGE_CURVE('',#4441,#4433,#4443,.T.);
#4441 = VERTEX_POINT('',#4442);
#4442 = CARTESIAN_POINT('',(-6.5,3.8,7.2));
#4443 = CIRCLE('',#4444,6.5);
#4444 = AXIS2_PLACEMENT_3D('',#4445,#4446,#4447);
#4445 = CARTESIAN_POINT('',(0.,3.8,7.2));
#4446 = DIRECTION('',(0.,0.,1.));
#4447 = DIRECTION('',(1.,0.,-0.));
#4448 = ORIENTED_EDGE('',*,*,#4449,.F.);
#4449 = EDGE_CURVE('',#4422,#4441,#4450,.T.);
#4450 = LINE('',#4451,#4452);
#4451 = CARTESIAN_POINT('',(-6.5,3.8,0.));
#4452 = VECTOR('',#4453,1.);
#4453 = DIRECTION('',(0.,0.,1.));
#4454 = CYLINDRICAL_SURFACE('',#4455,6.5);
#4455 = AXIS2_PLACEMENT_3D('',#4456,#4457,#4458);
#4456 = CARTESIAN_POINT('',(0.,3.8,0.));
#4457 = DIRECTION('',(-0.,-0.,-1.));
#4458 = DIRECTION('',(1.,0.,0.));
#4459 = ADVANCED_FACE('',(#4460),#4470,.F.);
#4460 = FACE_BOUND('',#4461,.F.);
#4461 = EDGE_LOOP('',(#4462,#4463));
#4462 = ORIENTED_EDGE('',*,*,#4421,.T.);
#4463 = ORIENTED_EDGE('',*,*,#4464,.T.);
#4464 = EDGE_CURVE('',#4424,#4422,#4465,.T.);
#4465 = CIRCLE('',#4466,6.5);
#4466 = AXIS2_PLACEMENT_3D('',#4467,#4468,#4469);
#4467 = CARTESIAN_POINT('',(0.,3.8,0.));
#4468 = DIRECTION('',(0.,0.,1.));
#4469 = DIRECTION('',(1.,0.,-0.));
#4470 = PLANE('',#4471);
#4471 = AXIS2_PLACEMENT_3D('',#4472,#4473,#4474);
#4472 = CARTESIAN_POINT('',(-1.002047447867E-15,3.8,-1.387778780781E-17)
  );
#4473 = DIRECTION('',(1.944923336344E-34,-5.105423757902E-34,1.));
#4474 = DIRECTION('',(0.,1.,5.105423757902E-34));
#4475 = ADVANCED_FACE('',(#4476),#4488,.T.);
#4476 = FACE_BOUND('',#4477,.T.);
#4477 = EDGE_LOOP('',(#4478,#4479,#4480,#4487));
#4478 = ORIENTED_EDGE('',*,*,#4464,.T.);
#4479 = ORIENTED_EDGE('',*,*,#4449,.T.);
#4480 = ORIENTED_EDGE('',*,*,#4481,.F.);
#4481 = EDGE_CURVE('',#4433,#4441,#4482,.T.);
#4482 = CIRCLE('',#4483,6.5);
#4483 = AXIS2_PLACEMENT_3D('',#4484,#4485,#4486);
#4484 = CARTESIAN_POINT('',(0.,3.8,7.2));
#4485 = DIRECTION('',(0.,0.,1.));
#4486 = DIRECTION('',(1.,0.,-0.));
#4487 = ORIENTED_EDGE('',*,*,#4432,.F.);
#4488 = CYLINDRICAL_SURFACE('',#4489,6.5);
#4489 = AXIS2_PLACEMENT_3D('',#4490,#4491,#4492);
#4490 = CARTESIAN_POINT('',(0.,3.8,0.));
#4491 = DIRECTION('',(-0.,-0.,-1.));
#4492 = DIRECTION('',(1.,0.,0.));
#4493 = ADVANCED_FACE('',(#4494),#4498,.T.);
#4494 = FACE_BOUND('',#4495,.T.);
#4495 = EDGE_LOOP('',(#4496,#4497));
#4496 = ORIENTED_EDGE('',*,*,#4440,.T.);
#4497 = ORIENTED_EDGE('',*,*,#4481,.T.);
#4498 = PLANE('',#4499);
#4499 = AXIS2_PLACEMENT_3D('',#4500,#4501,#4502);
#4500 = CARTESIAN_POINT('',(-1.002047447867E-15,3.8,7.2));
#4501 = DIRECTION('',(1.944923336344E-34,-5.105423757902E-34,1.));
#4502 = DIRECTION('',(0.,1.,5.105423757902E-34));
#4503 = ORIENTED_CLOSED_SHELL('',*,#4504,.F.);
#4504 = CLOSED_SHELL('',(#4505));
#4505 = ADVANCED_FACE('',(#4506),#4510,.F.);
#4506 = FACE_BOUND('',#4507,.F.);
#4507 = VERTEX_LOOP('',#4508);
#4508 = VERTEX_POINT('',#4509);
#4509 = CARTESIAN_POINT('',(-6.5,3.8,7.2));
#4510 = PLANE('',#4511);
#4511 = AXIS2_PLACEMENT_3D('',#4512,#4513,#4514);
#4512 = CARTESIAN_POINT('',(-6.5,3.8,0.));
#4513 = DIRECTION('',(1.,0.,-0.));
#4514 = DIRECTION('',(0.,-1.,0.));
#4515 = ORIENTED_CLOSED_SHELL('',*,#4516,.F.);
#4516 = CLOSED_SHELL('',(#4517));
#4517 = ADVANCED_FACE('',(#4518),#4522,.F.);
#4518 = FACE_BOUND('',#4519,.F.);
#4519 = VERTEX_LOOP('',#4520);
#4520 = VERTEX_POINT('',#4521);
#4521 = CARTESIAN_POINT('',(6.5,3.8,7.2));
#4522 = PLANE('',#4523);
#4523 = AXIS2_PLACEMENT_3D('',#4524,#4525,#4526);
#4524 = CARTESIAN_POINT('',(6.5,3.8,0.));
#4525 = DIRECTION('',(-1.,0.,0.));
#4526 = DIRECTION('',(0.,1.,0.));
#4527 = ( GEOMETRIC_REPRESENTATION_CONTEXT(3) 
GLOBAL_UNCERTAINTY_ASSIGNED_CONTEXT((#4531)) 
GLOBAL_UNIT_ASSIGNED_CONTEXT((#4528,#4529,#4530)) REPRESENTATION_CONTEXT
('Context #1','3D Context with UNIT and UNCERTAINTY') );
#4528 = ( LENGTH_UNIT() NAMED_UNIT(*) SI_UNIT(.MILLI.,.METRE.) );
#4529 = ( NAMED_UNIT(*) PLANE_ANGLE_UNIT() SI_UNIT($,.RADIAN.) );
#4530 = ( NAMED_UNIT(*) SI_UNIT($,.STERADIAN.) SOLID_ANGLE_UNIT() );
#4531 = UNCERTAINTY_MEASURE_WITH_UNIT(LENGTH_MEASURE(1.E-07),#4528,
  'distance_accuracy_value','confusion accuracy');
#4532 = CONTEXT_DEPENDENT_SHAPE_REPRESENTATION(#4533,#4535);
#4533 = ( REPRESENTATION_RELATIONSHIP('','',#4414,#4387) 
REPRESENTATION_RELATIONSHIP_WITH_TRANSFORMATION(#4534) 
SHAPE_REPRESENTATION_RELATIONSHIP() );
#4534 = ITEM_DEFINED_TRANSFORMATION('','',#11,#4388);
#4535 = PRODUCT_DEFINITION_SHAPE('Placement','Placement of an item',
  #4536);
#4536 = NEXT_ASSEMBLY_USAGE_OCCURRENCE('18','=>[0:1:1:2]','',#4382,#4409
  ,$);
#4537 = PRODUCT_RELATED_PRODUCT_CATEGORY('part',$,(#4411));
#4538 = SHAPE_DEFINITION_REPRESENTATION(#4539,#4545);
#4539 = PRODUCT_DEFINITION_SHAPE('','',#4540);
#4540 = PRODUCT_DEFINITION('design','',#4541,#4544);
#4541 = PRODUCT_DEFINITION_FORMATION('','',#4542);
#4542 = PRODUCT('Leads','Leads','',(#4543));
#4543 = PRODUCT_CONTEXT('',#2,'mechanical');
#4544 = PRODUCT_DEFINITION_CONTEXT('part definition',#2,'design');
#4545 = SHAPE_REPRESENTATION('',(#11,#4546,#4599),#4652);
#4546 = MANIFOLD_SOLID_BREP('',#4547);
#4547 = CLOSED_SHELL('',(#4548,#4581,#4590));
#4548 = ADVANCED_FACE('',(#4549),#4576,.T.);
#4549 = FACE_BOUND('',#4550,.T.);
#4550 = EDGE_LOOP('',(#4551,#4560,#4568,#4575));
#4551 = ORIENTED_EDGE('',*,*,#4552,.F.);
#4552 = EDGE_CURVE('',#4553,#4553,#4555,.T.);
#4553 = VERTEX_POINT('',#4554);
#4554 = CARTESIAN_POINT('',(0.4,-9.797174393179E-17,0.1));
#4555 = CIRCLE('',#4556,0.4);
#4556 = AXIS2_PLACEMENT_3D('',#4557,#4558,#4559);
#4557 = CARTESIAN_POINT('',(0.,0.,0.1));
#4558 = DIRECTION('',(0.,0.,1.));
#4559 = DIRECTION('',(1.,0.,-0.));
#4560 = ORIENTED_EDGE('',*,*,#4561,.F.);
#4561 = EDGE_CURVE('',#4562,#4553,#4564,.T.);
#4562 = VERTEX_POINT('',#4563);
#4563 = CARTESIAN_POINT('',(0.4,-9.797174393179E-17,-5.));
#4564 = LINE('',#4565,#4566);
#4565 = CARTESIAN_POINT('',(0.4,-9.797174393179E-17,-5.));
#4566 = VECTOR('',#4567,1.);
#4567 = DIRECTION('',(0.,0.,1.));
#4568 = ORIENTED_EDGE('',*,*,#4569,.T.);
#4569 = EDGE_CURVE('',#4562,#4562,#4570,.T.);
#4570 = CIRCLE('',#4571,0.4);
#4571 = AXIS2_PLACEMENT_3D('',#4572,#4573,#4574);
#4572 = CARTESIAN_POINT('',(0.,0.,-5.));
#4573 = DIRECTION('',(0.,0.,1.));
#4574 = DIRECTION('',(1.,0.,-0.));
#4575 = ORIENTED_EDGE('',*,*,#4561,.T.);
#4576 = CYLINDRICAL_SURFACE('',#4577,0.4);
#4577 = AXIS2_PLACEMENT_3D('',#4578,#4579,#4580);
#4578 = CARTESIAN_POINT('',(0.,0.,-5.));
#4579 = DIRECTION('',(0.,0.,1.));
#4580 = DIRECTION('',(1.,0.,-0.));
#4581 = ADVANCED_FACE('',(#4582),#4585,.T.);
#4582 = FACE_BOUND('',#4583,.T.);
#4583 = EDGE_LOOP('',(#4584));
#4584 = ORIENTED_EDGE('',*,*,#4552,.T.);
#4585 = PLANE('',#4586);
#4586 = AXIS2_PLACEMENT_3D('',#4587,#4588,#4589);
#4587 = CARTESIAN_POINT('',(0.,0.,0.1));
#4588 = DIRECTION('',(0.,0.,1.));
#4589 = DIRECTION('',(1.,0.,-0.));
#4590 = ADVANCED_FACE('',(#4591),#4594,.F.);
#4591 = FACE_BOUND('',#4592,.T.);
#4592 = EDGE_LOOP('',(#4593));
#4593 = ORIENTED_EDGE('',*,*,#4569,.F.);
#4594 = PLANE('',#4595);
#4595 = AXIS2_PLACEMENT_3D('',#4596,#4597,#4598);
#4596 = CARTESIAN_POINT('',(0.,0.,-5.));
#4597 = DIRECTION('',(0.,0.,1.));
#4598 = DIRECTION('',(1.,0.,-0.));
#4599 = MANIFOLD_SOLID_BREP('',#4600);
#4600 = CLOSED_SHELL('',(#4601,#4634,#4643));
#4601 = ADVANCED_FACE('',(#4602),#4629,.T.);
#4602 = FACE_BOUND('',#4603,.T.);
#4603 = EDGE_LOOP('',(#4604,#4613,#4621,#4628));
#4604 = ORIENTED_EDGE('',*,*,#4605,.F.);
#4605 = EDGE_CURVE('',#4606,#4606,#4608,.T.);
#4606 = VERTEX_POINT('',#4607);
#4607 = CARTESIAN_POINT('',(0.4,7.6,0.1));
#4608 = CIRCLE('',#4609,0.4);
#4609 = AXIS2_PLACEMENT_3D('',#4610,#4611,#4612);
#4610 = CARTESIAN_POINT('',(0.,7.6,0.1));
#4611 = DIRECTION('',(0.,0.,1.));
#4612 = DIRECTION('',(1.,0.,-0.));
#4613 = ORIENTED_EDGE('',*,*,#4614,.F.);
#4614 = EDGE_CURVE('',#4615,#4606,#4617,.T.);
#4615 = VERTEX_POINT('',#4616);
#4616 = CARTESIAN_POINT('',(0.4,7.6,-5.));
#4617 = LINE('',#4618,#4619);
#4618 = CARTESIAN_POINT('',(0.4,7.6,-5.));
#4619 = VECTOR('',#4620,1.);
#4620 = DIRECTION('',(0.,0.,1.));
#4621 = ORIENTED_EDGE('',*,*,#4622,.T.);
#4622 = EDGE_CURVE('',#4615,#4615,#4623,.T.);
#4623 = CIRCLE('',#4624,0.4);
#4624 = AXIS2_PLACEMENT_3D('',#4625,#4626,#4627);
#4625 = CARTESIAN_POINT('',(0.,7.6,-5.));
#4626 = DIRECTION('',(0.,0.,1.));
#4627 = DIRECTION('',(1.,0.,-0.));
#4628 = ORIENTED_EDGE('',*,*,#4614,.T.);
#4629 = CYLINDRICAL_SURFACE('',#4630,0.4);
#4630 = AXIS2_PLACEMENT_3D('',#4631,#4632,#4633);
#4631 = CARTESIAN_POINT('',(0.,7.6,-5.));
#4632 = DIRECTION('',(0.,0.,1.));
#4633 = DIRECTION('',(1.,0.,-0.));
#4634 = ADVANCED_FACE('',(#4635),#4638,.T.);
#4635 = FACE_BOUND('',#4636,.T.);
#4636 = EDGE_LOOP('',(#4637));
#4637 = ORIENTED_EDGE('',*,*,#4605,.T.);
#4638 = PLANE('',#4639);
#4639 = AXIS2_PLACEMENT_3D('',#4640,#4641,#4642);
#4640 = CARTESIAN_POINT('',(0.,7.6,0.1));
#4641 = DIRECTION('',(0.,0.,1.));
#4642 = DIRECTION('',(1.,0.,-0.));
#4643 = ADVANCED_FACE('',(#4644),#4647,.F.);
#4644 = FACE_BOUND('',#4645,.T.);
#4645 = EDGE_LOOP('',(#4646));
#4646 = ORIENTED_EDGE('',*,*,#4622,.F.);
#4647 = PLANE('',#4648);
#4648 = AXIS2_PLACEMENT_3D('',#4649,#4650,#4651);
#4649 = CARTESIAN_POINT('',(0.,7.6,-5.));
#4650 = DIRECTION('',(0.,0.,1.));
#4651 = DIRECTION('',(1.,0.,-0.));
#4652 = ( GEOMETRIC_REPRESENTATION_CONTEXT(3) 
GLOBAL_UNCERTAINTY_ASSIGNED_CONTEXT((#4656)) 
GLOBAL_UNIT_ASSIGNED_CONTEXT((#4653,#4654,#4655)) REPRESENTATION_CONTEXT
('Context #1','3D Context with UNIT and UNCERTAINTY') );
#4653 = ( LENGTH_UNIT() NAMED_UNIT(*) SI_UNIT(.MILLI.,.METRE.) );
#4654 = ( NAMED_UNIT(*) PLANE_ANGLE_UNIT() SI_UNIT($,.RADIAN.) );
#4655 = ( NAMED_UNIT(*) SI_UNIT($,.STERADIAN.) SOLID_ANGLE_UNIT() );
#4656 = UNCERTAINTY_MEASURE_WITH_UNIT(LENGTH_MEASURE(1.E-07),#4653,
  'distance_accuracy_value','confusion accuracy');
#4657 = CONTEXT_DEPENDENT_SHAPE_REPRESENTATION(#4658,#4660);
#4658 = ( REPRESENTATION_RELATIONSHIP('','',#4545,#4387) 
REPRESENTATION_RELATIONSHIP_WITH_TRANSFORMATION(#4659) 
SHAPE_REPRESENTATION_RELATIONSHIP() );
#4659 = ITEM_DEFINED_TRANSFORMATION('','',#11,#4392);
#4660 = PRODUCT_DEFINITION_SHAPE('Placement','Placement of an item',
  #4661);
#4661 = NEXT_ASSEMBLY_USAGE_OCCURRENCE('19','=>[0:1:1:3]','',#4382,#4540
  ,$);
#4662 = PRODUCT_RELATED_PRODUCT_CATEGORY('part',$,(#4542));
#4663 = CONTEXT_DEPENDENT_SHAPE_REPRESENTATION(#4664,#4666);
#4664 = ( REPRESENTATION_RELATIONSHIP('','',#108,#10) 
REPRESENTATION_RELATIONSHIP_WITH_TRANSFORMATION(#4665) 
SHAPE_REPRESENTATION_RELATIONSHIP() );
#4665 = ITEM_DEFINED_TRANSFORMATION('','',#11,#75);
#4666 = PRODUCT_DEFINITION_SHAPE('Placement','Placement of an item',
  #4667);
#4667 = NEXT_ASSEMBLY_USAGE_OCCURRENCE('21','C6','',#5,#103,$);
#4668 = SHAPE_DEFINITION_REPRESENTATION(#4669,#4675);
#4669 = PRODUCT_DEFINITION_SHAPE('','',#4670);
#4670 = PRODUCT_DEFINITION('design','',#4671,#4674);
#4671 = PRODUCT_DEFINITION_FORMATION('','',#4672);
#4672 = PRODUCT('R_Axial_DIN0204_L3.6mm_D1.6mm_P2.54mm_Vertical',
  'R_Axial_DIN0204_L3.6mm_D1.6mm_P2.54mm_Vertical','',(#4673));
#4673 = PRODUCT_CONTEXT('',#2,'mechanical');
#4674 = PRODUCT_DEFINITION_CONTEXT('part definition',#2,'design');
#4675 = ADVANCED_BREP_SHAPE_REPRESENTATION('',(#11,#4676),#5063);
#4676 = MANIFOLD_SOLID_BREP('',#4677);
#4677 = CLOSED_SHELL('',(#4678,#4711,#4737,#4757,#4777,#4802,#4827,#4847
    ,#4856,#4881,#4907,#4927,#4952,#4978,#5003,#5029,#5054));
#4678 = ADVANCED_FACE('',(#4679),#4706,.T.);
#4679 = FACE_BOUND('',#4680,.T.);
#4680 = EDGE_LOOP('',(#4681,#4690,#4698,#4705));
#4681 = ORIENTED_EDGE('',*,*,#4682,.T.);
#4682 = EDGE_CURVE('',#4683,#4683,#4685,.T.);
#4683 = VERTEX_POINT('',#4684);
#4684 = CARTESIAN_POINT('',(0.8,0.,1.4));
#4685 = CIRCLE('',#4686,0.8);
#4686 = AXIS2_PLACEMENT_3D('',#4687,#4688,#4689);
#4687 = CARTESIAN_POINT('',(0.,0.,1.4));
#4688 = DIRECTION('',(0.,0.,1.));
#4689 = DIRECTION('',(1.,0.,-0.));
#4690 = ORIENTED_EDGE('',*,*,#4691,.T.);
#4691 = EDGE_CURVE('',#4683,#4692,#4694,.T.);
#4692 = VERTEX_POINT('',#4693);
#4693 = CARTESIAN_POINT('',(0.8,0.,1.9));
#4694 = LINE('',#4695,#4696);
#4695 = CARTESIAN_POINT('',(0.8,0.,1.));
#4696 = VECTOR('',#4697,1.);
#4697 = DIRECTION('',(0.,0.,1.));
#4698 = ORIENTED_EDGE('',*,*,#4699,.F.);
#4699 = EDGE_CURVE('',#4692,#4692,#4700,.T.);
#4700 = CIRCLE('',#4701,0.8);
#4701 = AXIS2_PLACEMENT_3D('',#4702,#4703,#4704);
#4702 = CARTESIAN_POINT('',(0.,0.,1.9));
#4703 = DIRECTION('',(0.,0.,1.));
#4704 = DIRECTION('',(1.,0.,-0.));
#4705 = ORIENTED_EDGE('',*,*,#4691,.F.);
#4706 = CYLINDRICAL_SURFACE('',#4707,0.8);
#4707 = AXIS2_PLACEMENT_3D('',#4708,#4709,#4710);
#4708 = CARTESIAN_POINT('',(0.,0.,1.));
#4709 = DIRECTION('',(-0.,-0.,-1.));
#4710 = DIRECTION('',(1.,0.,0.));
#4711 = ADVANCED_FACE('',(#4712),#4732,.T.);
#4712 = FACE_BOUND('',#4713,.T.);
#4713 = EDGE_LOOP('',(#4714,#4723,#4730,#4731));
#4714 = ORIENTED_EDGE('',*,*,#4715,.T.);
#4715 = EDGE_CURVE('',#4716,#4716,#4718,.T.);
#4716 = VERTEX_POINT('',#4717);
#4717 = CARTESIAN_POINT('',(0.4,0.,1.));
#4718 = CIRCLE('',#4719,0.4);
#4719 = AXIS2_PLACEMENT_3D('',#4720,#4721,#4722);
#4720 = CARTESIAN_POINT('',(0.,0.,1.));
#4721 = DIRECTION('',(0.,0.,1.));
#4722 = DIRECTION('',(1.,0.,-0.));
#4723 = ORIENTED_EDGE('',*,*,#4724,.F.);
#4724 = EDGE_CURVE('',#4683,#4716,#4725,.T.);
#4725 = CIRCLE('',#4726,0.4);
#4726 = AXIS2_PLACEMENT_3D('',#4727,#4728,#4729);
#4727 = CARTESIAN_POINT('',(0.4,0.,1.4));
#4728 = DIRECTION('',(-0.,1.,0.));
#4729 = DIRECTION('',(1.,0.,0.));
#4730 = ORIENTED_EDGE('',*,*,#4682,.F.);
#4731 = ORIENTED_EDGE('',*,*,#4724,.T.);
#4732 = TOROIDAL_SURFACE('',#4733,0.4,0.4);
#4733 = AXIS2_PLACEMENT_3D('',#4734,#4735,#4736);
#4734 = CARTESIAN_POINT('',(0.,0.,1.4));
#4735 = DIRECTION('',(0.,0.,-1.));
#4736 = DIRECTION('',(1.,0.,0.));
#4737 = ADVANCED_FACE('',(#4738,#4741),#4752,.F.);
#4738 = FACE_BOUND('',#4739,.F.);
#4739 = EDGE_LOOP('',(#4740));
#4740 = ORIENTED_EDGE('',*,*,#4699,.F.);
#4741 = FACE_BOUND('',#4742,.F.);
#4742 = EDGE_LOOP('',(#4743));
#4743 = ORIENTED_EDGE('',*,*,#4744,.F.);
#4744 = EDGE_CURVE('',#4745,#4745,#4747,.T.);
#4745 = VERTEX_POINT('',#4746);
#4746 = CARTESIAN_POINT('',(0.72,0.,1.9));
#4747 = CIRCLE('',#4748,0.72);
#4748 = AXIS2_PLACEMENT_3D('',#4749,#4750,#4751);
#4749 = CARTESIAN_POINT('',(0.,0.,1.9));
#4750 = DIRECTION('',(0.,0.,-1.));
#4751 = DIRECTION('',(1.,0.,0.));
#4752 = PLANE('',#4753);
#4753 = AXIS2_PLACEMENT_3D('',#4754,#4755,#4756);
#4754 = CARTESIAN_POINT('',(0.8,0.,1.9));
#4755 = DIRECTION('',(0.,0.,-1.));
#4756 = DIRECTION('',(-1.,0.,0.));
#4757 = ADVANCED_FACE('',(#4758,#4761),#4772,.T.);
#4758 = FACE_BOUND('',#4759,.T.);
#4759 = EDGE_LOOP('',(#4760));
#4760 = ORIENTED_EDGE('',*,*,#4715,.F.);
#4761 = FACE_BOUND('',#4762,.T.);
#4762 = EDGE_LOOP('',(#4763));
#4763 = ORIENTED_EDGE('',*,*,#4764,.T.);
#4764 = EDGE_CURVE('',#4765,#4765,#4767,.T.);
#4765 = VERTEX_POINT('',#4766);
#4766 = CARTESIAN_POINT('',(0.25,0.,1.));
#4767 = CIRCLE('',#4768,0.25);
#4768 = AXIS2_PLACEMENT_3D('',#4769,#4770,#4771);
#4769 = CARTESIAN_POINT('',(0.,0.,1.));
#4770 = DIRECTION('',(0.,0.,1.));
#4771 = DIRECTION('',(1.,0.,-0.));
#4772 = PLANE('',#4773);
#4773 = AXIS2_PLACEMENT_3D('',#4774,#4775,#4776);
#4774 = CARTESIAN_POINT('',(0.8,0.,1.));
#4775 = DIRECTION('',(0.,0.,-1.));
#4776 = DIRECTION('',(-1.,0.,0.));
#4777 = ADVANCED_FACE('',(#4778),#4797,.T.);
#4778 = FACE_BOUND('',#4779,.T.);
#4779 = EDGE_LOOP('',(#4780,#4789,#4795,#4796));
#4780 = ORIENTED_EDGE('',*,*,#4781,.T.);
#4781 = EDGE_CURVE('',#4782,#4782,#4784,.T.);
#4782 = VERTEX_POINT('',#4783);
#4783 = CARTESIAN_POINT('',(0.72,0.,3.7));
#4784 = CIRCLE('',#4785,0.72);
#4785 = AXIS2_PLACEMENT_3D('',#4786,#4787,#4788);
#4786 = CARTESIAN_POINT('',(0.,0.,3.7));
#4787 = DIRECTION('',(0.,0.,-1.));
#4788 = DIRECTION('',(1.,0.,0.));
#4789 = ORIENTED_EDGE('',*,*,#4790,.F.);
#4790 = EDGE_CURVE('',#4745,#4782,#4791,.T.);
#4791 = LINE('',#4792,#4793);
#4792 = CARTESIAN_POINT('',(0.72,0.,1.));
#4793 = VECTOR('',#4794,1.);
#4794 = DIRECTION('',(0.,0.,1.));
#4795 = ORIENTED_EDGE('',*,*,#4744,.F.);
#4796 = ORIENTED_EDGE('',*,*,#4790,.T.);
#4797 = CYLINDRICAL_SURFACE('',#4798,0.72);
#4798 = AXIS2_PLACEMENT_3D('',#4799,#4800,#4801);
#4799 = CARTESIAN_POINT('',(0.,0.,1.));
#4800 = DIRECTION('',(-0.,-0.,-1.));
#4801 = DIRECTION('',(1.,0.,0.));
#4802 = ADVANCED_FACE('',(#4803),#4822,.T.);
#4803 = FACE_BOUND('',#4804,.T.);
#4804 = EDGE_LOOP('',(#4805,#4814,#4820,#4821));
#4805 = ORIENTED_EDGE('',*,*,#4806,.T.);
#4806 = EDGE_CURVE('',#4807,#4807,#4809,.T.);
#4807 = VERTEX_POINT('',#4808);
#4808 = CARTESIAN_POINT('',(0.25,-6.123233995737E-17,-3.));
#4809 = CIRCLE('',#4810,0.25);
#4810 = AXIS2_PLACEMENT_3D('',#4811,#4812,#4813);
#4811 = CARTESIAN_POINT('',(0.,0.,-3.));
#4812 = DIRECTION('',(0.,0.,1.));
#4813 = DIRECTION('',(1.,0.,-0.));
#4814 = ORIENTED_EDGE('',*,*,#4815,.T.);
#4815 = EDGE_CURVE('',#4807,#4765,#4816,.T.);
#4816 = LINE('',#4817,#4818);
#4817 = CARTESIAN_POINT('',(0.25,0.,-3.));
#4818 = VECTOR('',#4819,1.);
#4819 = DIRECTION('',(0.,0.,1.));
#4820 = ORIENTED_EDGE('',*,*,#4764,.F.);
#4821 = ORIENTED_EDGE('',*,*,#4815,.F.);
#4822 = CYLINDRICAL_SURFACE('',#4823,0.25);
#4823 = AXIS2_PLACEMENT_3D('',#4824,#4825,#4826);
#4824 = CARTESIAN_POINT('',(0.,0.,-3.));
#4825 = DIRECTION('',(0.,0.,1.));
#4826 = DIRECTION('',(1.,0.,-0.));
#4827 = ADVANCED_FACE('',(#4828,#4839),#4842,.T.);
#4828 = FACE_BOUND('',#4829,.T.);
#4829 = EDGE_LOOP('',(#4830));
#4830 = ORIENTED_EDGE('',*,*,#4831,.F.);
#4831 = EDGE_CURVE('',#4832,#4832,#4834,.T.);
#4832 = VERTEX_POINT('',#4833);
#4833 = CARTESIAN_POINT('',(0.8,0.,3.7));
#4834 = CIRCLE('',#4835,0.8);
#4835 = AXIS2_PLACEMENT_3D('',#4836,#4837,#4838);
#4836 = CARTESIAN_POINT('',(0.,0.,3.7));
#4837 = DIRECTION('',(0.,0.,1.));
#4838 = DIRECTION('',(1.,0.,-0.));
#4839 = FACE_BOUND('',#4840,.T.);
#4840 = EDGE_LOOP('',(#4841));
#4841 = ORIENTED_EDGE('',*,*,#4781,.F.);
#4842 = PLANE('',#4843);
#4843 = AXIS2_PLACEMENT_3D('',#4844,#4845,#4846);
#4844 = CARTESIAN_POINT('',(0.8,0.,3.7));
#4845 = DIRECTION('',(0.,0.,-1.));
#4846 = DIRECTION('',(-1.,0.,0.));
#4847 = ADVANCED_FACE('',(#4848),#4851,.T.);
#4848 = FACE_BOUND('',#4849,.F.);
#4849 = EDGE_LOOP('',(#4850));
#4850 = ORIENTED_EDGE('',*,*,#4806,.T.);
#4851 = PLANE('',#4852);
#4852 = AXIS2_PLACEMENT_3D('',#4853,#4854,#4855);
#4853 = CARTESIAN_POINT('',(0.25,0.,-3.));
#4854 = DIRECTION('',(0.,0.,-1.));
#4855 = DIRECTION('',(-1.,0.,0.));
#4856 = ADVANCED_FACE('',(#4857),#4876,.T.);
#4857 = FACE_BOUND('',#4858,.T.);
#4858 = EDGE_LOOP('',(#4859,#4860,#4868,#4875));
#4859 = ORIENTED_EDGE('',*,*,#4831,.T.);
#4860 = ORIENTED_EDGE('',*,*,#4861,.T.);
#4861 = EDGE_CURVE('',#4832,#4862,#4864,.T.);
#4862 = VERTEX_POINT('',#4863);
#4863 = CARTESIAN_POINT('',(0.8,0.,4.2));
#4864 = LINE('',#4865,#4866);
#4865 = CARTESIAN_POINT('',(0.8,0.,3.7));
#4866 = VECTOR('',#4867,1.);
#4867 = DIRECTION('',(0.,0.,1.));
#4868 = ORIENTED_EDGE('',*,*,#4869,.F.);
#4869 = EDGE_CURVE('',#4862,#4862,#4870,.T.);
#4870 = CIRCLE('',#4871,0.8);
#4871 = AXIS2_PLACEMENT_3D('',#4872,#4873,#4874);
#4872 = CARTESIAN_POINT('',(0.,0.,4.2));
#4873 = DIRECTION('',(0.,0.,1.));
#4874 = DIRECTION('',(1.,0.,-0.));
#4875 = ORIENTED_EDGE('',*,*,#4861,.F.);
#4876 = CYLINDRICAL_SURFACE('',#4877,0.8);
#4877 = AXIS2_PLACEMENT_3D('',#4878,#4879,#4880);
#4878 = CARTESIAN_POINT('',(0.,0.,3.7));
#4879 = DIRECTION('',(-0.,-0.,-1.));
#4880 = DIRECTION('',(1.,0.,0.));
#4881 = ADVANCED_FACE('',(#4882),#4902,.T.);
#4882 = FACE_BOUND('',#4883,.T.);
#4883 = EDGE_LOOP('',(#4884,#4893,#4894,#4895));
#4884 = ORIENTED_EDGE('',*,*,#4885,.F.);
#4885 = EDGE_CURVE('',#4862,#4886,#4888,.T.);
#4886 = VERTEX_POINT('',#4887);
#4887 = CARTESIAN_POINT('',(0.4,0.,4.6));
#4888 = CIRCLE('',#4889,0.4);
#4889 = AXIS2_PLACEMENT_3D('',#4890,#4891,#4892);
#4890 = CARTESIAN_POINT('',(0.4,0.,4.2));
#4891 = DIRECTION('',(0.,-1.,0.));
#4892 = DIRECTION('',(1.,0.,0.));
#4893 = ORIENTED_EDGE('',*,*,#4869,.T.);
#4894 = ORIENTED_EDGE('',*,*,#4885,.T.);
#4895 = ORIENTED_EDGE('',*,*,#4896,.F.);
#4896 = EDGE_CURVE('',#4886,#4886,#4897,.T.);
#4897 = CIRCLE('',#4898,0.4);
#4898 = AXIS2_PLACEMENT_3D('',#4899,#4900,#4901);
#4899 = CARTESIAN_POINT('',(0.,0.,4.6));
#4900 = DIRECTION('',(0.,0.,1.));
#4901 = DIRECTION('',(1.,0.,-0.));
#4902 = TOROIDAL_SURFACE('',#4903,0.4,0.4);
#4903 = AXIS2_PLACEMENT_3D('',#4904,#4905,#4906);
#4904 = CARTESIAN_POINT('',(0.,0.,4.2));
#4905 = DIRECTION('',(0.,0.,1.));
#4906 = DIRECTION('',(1.,0.,-0.));
#4907 = ADVANCED_FACE('',(#4908,#4911),#4922,.F.);
#4908 = FACE_BOUND('',#4909,.F.);
#4909 = EDGE_LOOP('',(#4910));
#4910 = ORIENTED_EDGE('',*,*,#4896,.F.);
#4911 = FACE_BOUND('',#4912,.F.);
#4912 = EDGE_LOOP('',(#4913));
#4913 = ORIENTED_EDGE('',*,*,#4914,.T.);
#4914 = EDGE_CURVE('',#4915,#4915,#4917,.T.);
#4915 = VERTEX_POINT('',#4916);
#4916 = CARTESIAN_POINT('',(0.25,0.,4.6));
#4917 = CIRCLE('',#4918,0.25);
#4918 = AXIS2_PLACEMENT_3D('',#4919,#4920,#4921);
#4919 = CARTESIAN_POINT('',(0.,0.,4.6));
#4920 = DIRECTION('',(0.,0.,1.));
#4921 = DIRECTION('',(1.,0.,-0.));
#4922 = PLANE('',#4923);
#4923 = AXIS2_PLACEMENT_3D('',#4924,#4925,#4926);
#4924 = CARTESIAN_POINT('',(0.8,0.,4.6));
#4925 = DIRECTION('',(0.,0.,-1.));
#4926 = DIRECTION('',(-1.,0.,0.));
#4927 = ADVANCED_FACE('',(#4928),#4947,.T.);
#4928 = FACE_BOUND('',#4929,.T.);
#4929 = EDGE_LOOP('',(#4930,#4931,#4939,#4946));
#4930 = ORIENTED_EDGE('',*,*,#4914,.T.);
#4931 = ORIENTED_EDGE('',*,*,#4932,.T.);
#4932 = EDGE_CURVE('',#4915,#4933,#4935,.T.);
#4933 = VERTEX_POINT('',#4934);
#4934 = CARTESIAN_POINT('',(0.25,0.,5.6));
#4935 = LINE('',#4936,#4937);
#4936 = CARTESIAN_POINT('',(0.25,0.,-3.));
#4937 = VECTOR('',#4938,1.);
#4938 = DIRECTION('',(0.,0.,1.));
#4939 = ORIENTED_EDGE('',*,*,#4940,.F.);
#4940 = EDGE_CURVE('',#4933,#4933,#4941,.T.);
#4941 = CIRCLE('',#4942,0.25);
#4942 = AXIS2_PLACEMENT_3D('',#4943,#4944,#4945);
#4943 = CARTESIAN_POINT('',(0.,0.,5.6));
#4944 = DIRECTION('',(0.,0.,1.));
#4945 = DIRECTION('',(1.,0.,-0.));
#4946 = ORIENTED_EDGE('',*,*,#4932,.F.);
#4947 = CYLINDRICAL_SURFACE('',#4948,0.25);
#4948 = AXIS2_PLACEMENT_3D('',#4949,#4950,#4951);
#4949 = CARTESIAN_POINT('',(0.,0.,-3.));
#4950 = DIRECTION('',(0.,0.,1.));
#4951 = DIRECTION('',(1.,0.,-0.));
#4952 = ADVANCED_FACE('',(#4953),#4973,.T.);
#4953 = FACE_BOUND('',#4954,.T.);
#4954 = EDGE_LOOP('',(#4955,#4964,#4971,#4972));
#4955 = ORIENTED_EDGE('',*,*,#4956,.T.);
#4956 = EDGE_CURVE('',#4933,#4957,#4959,.T.);
#4957 = VERTEX_POINT('',#4958);
#4958 = CARTESIAN_POINT('',(0.75,0.,6.1));
#4959 = CIRCLE('',#4960,0.5);
#4960 = AXIS2_PLACEMENT_3D('',#4961,#4962,#4963);
#4961 = CARTESIAN_POINT('',(0.75,9.184850993605E-17,5.6));
#4962 = DIRECTION('',(0.,1.,-0.));
#4963 = DIRECTION('',(-1.,0.,2.368475785867E-15));
#4964 = ORIENTED_EDGE('',*,*,#4965,.T.);
#4965 = EDGE_CURVE('',#4957,#4957,#4966,.T.);
#4966 = CIRCLE('',#4967,0.25);
#4967 = AXIS2_PLACEMENT_3D('',#4968,#4969,#4970);
#4968 = CARTESIAN_POINT('',(0.75,0.,6.35));
#4969 = DIRECTION('',(-1.,0.,-2.577737862441E-15));
#4970 = DIRECTION('',(-2.577737862441E-15,0.,1.));
#4971 = ORIENTED_EDGE('',*,*,#4956,.F.);
#4972 = ORIENTED_EDGE('',*,*,#4940,.T.);
#4973 = TOROIDAL_SURFACE('',#4974,0.75,0.25);
#4974 = AXIS2_PLACEMENT_3D('',#4975,#4976,#4977);
#4975 = CARTESIAN_POINT('',(0.75,0.,5.6));
#4976 = DIRECTION('',(0.,1.,0.));
#4977 = DIRECTION('',(-1.,0.,2.368475785867E-15));
#4978 = ADVANCED_FACE('',(#4979),#4998,.T.);
#4979 = FACE_BOUND('',#4980,.T.);
#4980 = EDGE_LOOP('',(#4981,#4989,#4996,#4997));
#4981 = ORIENTED_EDGE('',*,*,#4982,.T.);
#4982 = EDGE_CURVE('',#4957,#4983,#4985,.T.);
#4983 = VERTEX_POINT('',#4984);
#4984 = CARTESIAN_POINT('',(1.79,0.,6.1));
#4985 = LINE('',#4986,#4987);
#4986 = CARTESIAN_POINT('',(0.75,0.,6.1));
#4987 = VECTOR('',#4988,1.);
#4988 = DIRECTION('',(1.,0.,0.));
#4989 = ORIENTED_EDGE('',*,*,#4990,.F.);
#4990 = EDGE_CURVE('',#4983,#4983,#4991,.T.);
#4991 = CIRCLE('',#4992,0.25);
#4992 = AXIS2_PLACEMENT_3D('',#4993,#4994,#4995);
#4993 = CARTESIAN_POINT('',(1.79,0.,6.35));
#4994 = DIRECTION('',(1.,-0.,0.));
#4995 = DIRECTION('',(0.,0.,-1.));
#4996 = ORIENTED_EDGE('',*,*,#4982,.F.);
#4997 = ORIENTED_EDGE('',*,*,#4965,.F.);
#4998 = CYLINDRICAL_SURFACE('',#4999,0.25);
#4999 = AXIS2_PLACEMENT_3D('',#5000,#5001,#5002);
#5000 = CARTESIAN_POINT('',(0.75,0.,6.35));
#5001 = DIRECTION('',(1.,0.,0.));
#5002 = DIRECTION('',(0.,0.,-1.));
#5003 = ADVANCED_FACE('',(#5004),#5024,.T.);
#5004 = FACE_BOUND('',#5005,.T.);
#5005 = EDGE_LOOP('',(#5006,#5015,#5022,#5023));
#5006 = ORIENTED_EDGE('',*,*,#5007,.T.);
#5007 = EDGE_CURVE('',#4983,#5008,#5010,.T.);
#5008 = VERTEX_POINT('',#5009);
#5009 = CARTESIAN_POINT('',(2.29,0.,5.6));
#5010 = CIRCLE('',#5011,0.5);
#5011 = AXIS2_PLACEMENT_3D('',#5012,#5013,#5014);
#5012 = CARTESIAN_POINT('',(1.79,9.184850993605E-17,5.6));
#5013 = DIRECTION('',(-0.,1.,0.));
#5014 = DIRECTION('',(2.960594732334E-15,0.,1.));
#5015 = ORIENTED_EDGE('',*,*,#5016,.T.);
#5016 = EDGE_CURVE('',#5008,#5008,#5017,.T.);
#5017 = CIRCLE('',#5018,0.25);
#5018 = AXIS2_PLACEMENT_3D('',#5019,#5020,#5021);
#5019 = CARTESIAN_POINT('',(2.54,0.,5.6));
#5020 = DIRECTION('',(-2.429708125824E-15,0.,1.));
#5021 = DIRECTION('',(1.,0.,2.429708125824E-15));
#5022 = ORIENTED_EDGE('',*,*,#5007,.F.);
#5023 = ORIENTED_EDGE('',*,*,#4990,.T.);
#5024 = TOROIDAL_SURFACE('',#5025,0.75,0.25);
#5025 = AXIS2_PLACEMENT_3D('',#5026,#5027,#5028);
#5026 = CARTESIAN_POINT('',(1.79,0.,5.6));
#5027 = DIRECTION('',(0.,1.,0.));
#5028 = DIRECTION('',(2.960594732334E-15,-0.,1.));
#5029 = ADVANCED_FACE('',(#5030),#5049,.T.);
#5030 = FACE_BOUND('',#5031,.T.);
#5031 = EDGE_LOOP('',(#5032,#5040,#5047,#5048));
#5032 = ORIENTED_EDGE('',*,*,#5033,.T.);
#5033 = EDGE_CURVE('',#5008,#5034,#5036,.T.);
#5034 = VERTEX_POINT('',#5035);
#5035 = CARTESIAN_POINT('',(2.29,-6.123233995737E-17,-3.));
#5036 = LINE('',#5037,#5038);
#5037 = CARTESIAN_POINT('',(2.29,0.,5.6));
#5038 = VECTOR('',#5039,1.);
#5039 = DIRECTION('',(0.,0.,-1.));
#5040 = ORIENTED_EDGE('',*,*,#5041,.F.);
#5041 = EDGE_CURVE('',#5034,#5034,#5042,.T.);
#5042 = CIRCLE('',#5043,0.25);
#5043 = AXIS2_PLACEMENT_3D('',#5044,#5045,#5046);
#5044 = CARTESIAN_POINT('',(2.54,0.,-3.));
#5045 = DIRECTION('',(0.,0.,-1.));
#5046 = DIRECTION('',(-1.,0.,0.));
#5047 = ORIENTED_EDGE('',*,*,#5033,.F.);
#5048 = ORIENTED_EDGE('',*,*,#5016,.F.);
#5049 = CYLINDRICAL_SURFACE('',#5050,0.25);
#5050 = AXIS2_PLACEMENT_3D('',#5051,#5052,#5053);
#5051 = CARTESIAN_POINT('',(2.54,0.,5.6));
#5052 = DIRECTION('',(0.,0.,-1.));
#5053 = DIRECTION('',(-1.,0.,0.));
#5054 = ADVANCED_FACE('',(#5055),#5058,.F.);
#5055 = FACE_BOUND('',#5056,.T.);
#5056 = EDGE_LOOP('',(#5057));
#5057 = ORIENTED_EDGE('',*,*,#5041,.T.);
#5058 = PLANE('',#5059);
#5059 = AXIS2_PLACEMENT_3D('',#5060,#5061,#5062);
#5060 = CARTESIAN_POINT('',(2.29,0.,-3.));
#5061 = DIRECTION('',(0.,0.,1.));
#5062 = DIRECTION('',(1.,0.,-0.));
#5063 = ( GEOMETRIC_REPRESENTATION_CONTEXT(3) 
GLOBAL_UNCERTAINTY_ASSIGNED_CONTEXT((#5067)) 
GLOBAL_UNIT_ASSIGNED_CONTEXT((#5064,#5065,#5066)) REPRESENTATION_CONTEXT
('Context #1','3D Context with UNIT and UNCERTAINTY') );
#5064 = ( LENGTH_UNIT() NAMED_UNIT(*) SI_UNIT(.MILLI.,.METRE.) );
#5065 = ( NAMED_UNIT(*) PLANE_ANGLE_UNIT() SI_UNIT($,.RADIAN.) );
#5066 = ( NAMED_UNIT(*) SI_UNIT($,.STERADIAN.) SOLID_ANGLE_UNIT() );
#5067 = UNCERTAINTY_MEASURE_WITH_UNIT(LENGTH_MEASURE(1.E-07),#5064,
  'distance_accuracy_value','confusion accuracy');
#5068 = CONTEXT_DEPENDENT_SHAPE_REPRESENTATION(#5069,#5071);
#5069 = ( REPRESENTATION_RELATIONSHIP('','',#4675,#10) 
REPRESENTATION_RELATIONSHIP_WITH_TRANSFORMATION(#5070) 
SHAPE_REPRESENTATION_RELATIONSHIP() );
#5070 = ITEM_DEFINED_TRANSFORMATION('','',#11,#79);
#5071 = PRODUCT_DEFINITION_SHAPE('Placement','Placement of an item',
  #5072);
#5072 = NEXT_ASSEMBLY_USAGE_OCCURRENCE('22','R6','',#5,#4670,$);
#5073 = PRODUCT_RELATED_PRODUCT_CATEGORY('part',$,(#4672));
#5074 = SHAPE_DEFINITION_REPRESENTATION(#5075,#5081);
#5075 = PRODUCT_DEFINITION_SHAPE('','',#5076);
#5076 = PRODUCT_DEFINITION('design','',#5077,#5080);
#5077 = PRODUCT_DEFINITION_FORMATION('','',#5078);
#5078 = PRODUCT('PinHeader_1x07_P2.54mm_Horizontal',
  'PinHeader_1x07_P2.54mm_Horizontal','',(#5079));
#5079 = PRODUCT_CONTEXT('',#2,'mechanical');
#5080 = PRODUCT_DEFINITION_CONTEXT('part definition',#2,'design');
#5081 = ADVANCED_BREP_SHAPE_REPRESENTATION('',(#11,#5082),#10591);
#5082 = MANIFOLD_SOLID_BREP('',#5083);
#5083 = CLOSED_SHELL('',(#5084,#5124,#5155,#5186,#5761,#6336,#6353,#6370
    ,#6387,#6404,#6421,#6438,#6455,#6472,#6489,#6506,#6523,#6540,#6557,
    #6574,#6591,#6608,#6625,#6642,#6659,#6676,#6693,#6710,#6727,#6744,
    #6761,#6778,#6795,#6812,#6829,#6846,#6863,#6880,#6897,#6914,#6931,
    #6948,#6965,#6982,#6999,#7016,#7028,#7059,#7108,#7132,#7174,#7230,
    #7254,#7303,#7320,#7351,#7400,#7424,#7466,#7522,#7546,#7595,#7612,
    #7643,#7692,#7716,#7758,#7814,#7838,#7887,#7904,#7935,#7984,#8008,
    #8050,#8081,#8105,#8129,#8146,#8177,#8201,#8225,#8242,#8273,#8297,
    #8321,#8338,#8369,#8393,#8417,#8434,#8465,#8489,#8513,#8530,#8561,
    #8585,#8609,#8626,#8657,#8681,#8705,#8722,#8739,#8756,#8773,#8804,
    #8835,#8852,#8869,#8900,#8917,#8948,#8965,#8982,#9013,#9030,#9061,
    #9078,#9095,#9126,#9143,#9174,#9191,#9208,#9239,#9256,#9287,#9304,
    #9321,#9352,#9369,#9400,#9417,#9434,#9465,#9482,#9513,#9544,#9568,
    #9592,#9609,#9640,#9664,#9688,#9705,#9736,#9760,#9784,#9801,#9832,
    #9856,#9880,#9897,#9928,#9952,#9976,#9993,#10024,#10048,#10072,
    #10089,#10120,#10144,#10168,#10185,#10202,#10219,#10231,#10248,
    #10265,#10277,#10294,#10311,#10323,#10340,#10357,#10369,#10386,
    #10403,#10415,#10432,#10449,#10461,#10478,#10495,#10507,#10519,
    #10531,#10543,#10555,#10567,#10579));
#5084 = ADVANCED_FACE('',(#5085),#5119,.T.);
#5085 = FACE_BOUND('',#5086,.T.);
#5086 = EDGE_LOOP('',(#5087,#5097,#5105,#5113));
#5087 = ORIENTED_EDGE('',*,*,#5088,.T.);
#5088 = EDGE_CURVE('',#5089,#5091,#5093,.T.);
#5089 = VERTEX_POINT('',#5090);
#5090 = CARTESIAN_POINT('',(1.5,1.27,0.254));
#5091 = VERTEX_POINT('',#5092);
#5092 = CARTESIAN_POINT('',(4.04,1.27,0.254));
#5093 = LINE('',#5094,#5095);
#5094 = CARTESIAN_POINT('',(1.5,1.27,0.254));
#5095 = VECTOR('',#5096,1.);
#5096 = DIRECTION('',(1.,0.,0.));
#5097 = ORIENTED_EDGE('',*,*,#5098,.T.);
#5098 = EDGE_CURVE('',#5091,#5099,#5101,.T.);
#5099 = VERTEX_POINT('',#5100);
#5100 = CARTESIAN_POINT('',(4.04,1.016,0.));
#5101 = LINE('',#5102,#5103);
#5102 = CARTESIAN_POINT('',(4.04,1.27,0.254));
#5103 = VECTOR('',#5104,1.);
#5104 = DIRECTION('',(0.,-0.707106781187,-0.707106781187));
#5105 = ORIENTED_EDGE('',*,*,#5106,.F.);
#5106 = EDGE_CURVE('',#5107,#5099,#5109,.T.);
#5107 = VERTEX_POINT('',#5108);
#5108 = CARTESIAN_POINT('',(1.5,1.016,0.));
#5109 = LINE('',#5110,#5111);
#5110 = CARTESIAN_POINT('',(1.5,1.016,0.));
#5111 = VECTOR('',#5112,1.);
#5112 = DIRECTION('',(1.,0.,0.));
#5113 = ORIENTED_EDGE('',*,*,#5114,.F.);
#5114 = EDGE_CURVE('',#5089,#5107,#5115,.T.);
#5115 = LINE('',#5116,#5117);
#5116 = CARTESIAN_POINT('',(1.5,1.27,0.254));
#5117 = VECTOR('',#5118,1.);
#5118 = DIRECTION('',(0.,-0.707106781187,-0.707106781187));
#5119 = PLANE('',#5120);
#5120 = AXIS2_PLACEMENT_3D('',#5121,#5122,#5123);
#5121 = CARTESIAN_POINT('',(1.5,1.27,0.254));
#5122 = DIRECTION('',(0.,0.707106781187,-0.707106781187));
#5123 = DIRECTION('',(0.,-0.707106781187,-0.707106781187));
#5124 = ADVANCED_FACE('',(#5125),#5150,.T.);
#5125 = FACE_BOUND('',#5126,.T.);
#5126 = EDGE_LOOP('',(#5127,#5137,#5143,#5144));
#5127 = ORIENTED_EDGE('',*,*,#5128,.T.);
#5128 = EDGE_CURVE('',#5129,#5131,#5133,.T.);
#5129 = VERTEX_POINT('',#5130);
#5130 = CARTESIAN_POINT('',(1.5,1.27,2.286));
#5131 = VERTEX_POINT('',#5132);
#5132 = CARTESIAN_POINT('',(4.04,1.27,2.286));
#5133 = LINE('',#5134,#5135);
#5134 = CARTESIAN_POINT('',(1.5,1.27,2.286));
#5135 = VECTOR('',#5136,1.);
#5136 = DIRECTION('',(1.,0.,0.));
#5137 = ORIENTED_EDGE('',*,*,#5138,.T.);
#5138 = EDGE_CURVE('',#5131,#5091,#5139,.T.);
#5139 = LINE('',#5140,#5141);
#5140 = CARTESIAN_POINT('',(4.04,1.27,2.286));
#5141 = VECTOR('',#5142,1.);
#5142 = DIRECTION('',(0.,0.,-1.));
#5143 = ORIENTED_EDGE('',*,*,#5088,.F.);
#5144 = ORIENTED_EDGE('',*,*,#5145,.F.);
#5145 = EDGE_CURVE('',#5129,#5089,#5146,.T.);
#5146 = LINE('',#5147,#5148);
#5147 = CARTESIAN_POINT('',(1.5,1.27,2.286));
#5148 = VECTOR('',#5149,1.);
#5149 = DIRECTION('',(0.,0.,-1.));
#5150 = PLANE('',#5151);
#5151 = AXIS2_PLACEMENT_3D('',#5152,#5153,#5154);
#5152 = CARTESIAN_POINT('',(1.5,1.27,2.286));
#5153 = DIRECTION('',(0.,1.,0.));
#5154 = DIRECTION('',(0.,0.,-1.));
#5155 = ADVANCED_FACE('',(#5156),#5181,.T.);
#5156 = FACE_BOUND('',#5157,.T.);
#5157 = EDGE_LOOP('',(#5158,#5159,#5167,#5175));
#5158 = ORIENTED_EDGE('',*,*,#5106,.T.);
#5159 = ORIENTED_EDGE('',*,*,#5160,.T.);
#5160 = EDGE_CURVE('',#5099,#5161,#5163,.T.);
#5161 = VERTEX_POINT('',#5162);
#5162 = CARTESIAN_POINT('',(4.04,-1.016,0.));
#5163 = LINE('',#5164,#5165);
#5164 = CARTESIAN_POINT('',(4.04,1.016,0.));
#5165 = VECTOR('',#5166,1.);
#5166 = DIRECTION('',(0.,-1.,0.));
#5167 = ORIENTED_EDGE('',*,*,#5168,.F.);
#5168 = EDGE_CURVE('',#5169,#5161,#5171,.T.);
#5169 = VERTEX_POINT('',#5170);
#5170 = CARTESIAN_POINT('',(1.5,-1.016,0.));
#5171 = LINE('',#5172,#5173);
#5172 = CARTESIAN_POINT('',(1.5,-1.016,0.));
#5173 = VECTOR('',#5174,1.);
#5174 = DIRECTION('',(1.,0.,0.));
#5175 = ORIENTED_EDGE('',*,*,#5176,.F.);
#5176 = EDGE_CURVE('',#5107,#5169,#5177,.T.);
#5177 = LINE('',#5178,#5179);
#5178 = CARTESIAN_POINT('',(1.5,1.016,0.));
#5179 = VECTOR('',#5180,1.);
#5180 = DIRECTION('',(0.,-1.,0.));
#5181 = PLANE('',#5182);
#5182 = AXIS2_PLACEMENT_3D('',#5183,#5184,#5185);
#5183 = CARTESIAN_POINT('',(1.5,1.016,0.));
#5184 = DIRECTION('',(-0.,-0.,-1.));
#5185 = DIRECTION('',(0.,-1.,0.));
#5186 = ADVANCED_FACE('',(#5187,#5518,#5552,#5586,#5620,#5654,#5688,
    #5722),#5756,.T.);
#5187 = FACE_BOUND('',#5188,.T.);
#5188 = EDGE_LOOP('',(#5189,#5190,#5191,#5199,#5207,#5215,#5223,#5231,
    #5239,#5247,#5255,#5263,#5271,#5279,#5287,#5295,#5303,#5311,#5319,
    #5327,#5335,#5343,#5351,#5359,#5367,#5375,#5383,#5391,#5399,#5407,
    #5415,#5423,#5431,#5439,#5447,#5455,#5463,#5471,#5479,#5487,#5495,
    #5503,#5511,#5517));
#5189 = ORIENTED_EDGE('',*,*,#5114,.T.);
#5190 = ORIENTED_EDGE('',*,*,#5176,.T.);
#5191 = ORIENTED_EDGE('',*,*,#5192,.T.);
#5192 = EDGE_CURVE('',#5169,#5193,#5195,.T.);
#5193 = VERTEX_POINT('',#5194);
#5194 = CARTESIAN_POINT('',(1.5,-1.27,0.254));
#5195 = LINE('',#5196,#5197);
#5196 = CARTESIAN_POINT('',(1.5,-1.016,0.));
#5197 = VECTOR('',#5198,1.);
#5198 = DIRECTION('',(0.,-0.707106781187,0.707106781187));
#5199 = ORIENTED_EDGE('',*,*,#5200,.T.);
#5200 = EDGE_CURVE('',#5193,#5201,#5203,.T.);
#5201 = VERTEX_POINT('',#5202);
#5202 = CARTESIAN_POINT('',(1.5,-1.524,0.));
#5203 = LINE('',#5204,#5205);
#5204 = CARTESIAN_POINT('',(1.5,-1.27,0.254));
#5205 = VECTOR('',#5206,1.);
#5206 = DIRECTION('',(0.,-0.707106781187,-0.707106781187));
#5207 = ORIENTED_EDGE('',*,*,#5208,.T.);
#5208 = EDGE_CURVE('',#5201,#5209,#5211,.T.);
#5209 = VERTEX_POINT('',#5210);
#5210 = CARTESIAN_POINT('',(1.5,-3.556,0.));
#5211 = LINE('',#5212,#5213);
#5212 = CARTESIAN_POINT('',(1.5,-1.524,0.));
#5213 = VECTOR('',#5214,1.);
#5214 = DIRECTION('',(0.,-1.,0.));
#5215 = ORIENTED_EDGE('',*,*,#5216,.T.);
#5216 = EDGE_CURVE('',#5209,#5217,#5219,.T.);
#5217 = VERTEX_POINT('',#5218);
#5218 = CARTESIAN_POINT('',(1.5,-3.81,0.254));
#5219 = LINE('',#5220,#5221);
#5220 = CARTESIAN_POINT('',(1.5,-3.556,0.));
#5221 = VECTOR('',#5222,1.);
#5222 = DIRECTION('',(0.,-0.707106781187,0.707106781187));
#5223 = ORIENTED_EDGE('',*,*,#5224,.T.);
#5224 = EDGE_CURVE('',#5217,#5225,#5227,.T.);
#5225 = VERTEX_POINT('',#5226);
#5226 = CARTESIAN_POINT('',(1.5,-4.064,0.));
#5227 = LINE('',#5228,#5229);
#5228 = CARTESIAN_POINT('',(1.5,-3.81,0.254));
#5229 = VECTOR('',#5230,1.);
#5230 = DIRECTION('',(0.,-0.707106781187,-0.707106781187));
#5231 = ORIENTED_EDGE('',*,*,#5232,.T.);
#5232 = EDGE_CURVE('',#5225,#5233,#5235,.T.);
#5233 = VERTEX_POINT('',#5234);
#5234 = CARTESIAN_POINT('',(1.5,-6.096,0.));
#5235 = LINE('',#5236,#5237);
#5236 = CARTESIAN_POINT('',(1.5,-4.064,0.));
#5237 = VECTOR('',#5238,1.);
#5238 = DIRECTION('',(0.,-1.,0.));
#5239 = ORIENTED_EDGE('',*,*,#5240,.T.);
#5240 = EDGE_CURVE('',#5233,#5241,#5243,.T.);
#5241 = VERTEX_POINT('',#5242);
#5242 = CARTESIAN_POINT('',(1.5,-6.35,0.254));
#5243 = LINE('',#5244,#5245);
#5244 = CARTESIAN_POINT('',(1.5,-6.096,0.));
#5245 = VECTOR('',#5246,1.);
#5246 = DIRECTION('',(0.,-0.707106781187,0.707106781187));
#5247 = ORIENTED_EDGE('',*,*,#5248,.T.);
#5248 = EDGE_CURVE('',#5241,#5249,#5251,.T.);
#5249 = VERTEX_POINT('',#5250);
#5250 = CARTESIAN_POINT('',(1.5,-6.604,0.));
#5251 = LINE('',#5252,#5253);
#5252 = CARTESIAN_POINT('',(1.5,-6.35,0.254));
#5253 = VECTOR('',#5254,1.);
#5254 = DIRECTION('',(0.,-0.707106781187,-0.707106781187));
#5255 = ORIENTED_EDGE('',*,*,#5256,.T.);
#5256 = EDGE_CURVE('',#5249,#5257,#5259,.T.);
#5257 = VERTEX_POINT('',#5258);
#5258 = CARTESIAN_POINT('',(1.5,-8.636,0.));
#5259 = LINE('',#5260,#5261);
#5260 = CARTESIAN_POINT('',(1.5,-6.604,0.));
#5261 = VECTOR('',#5262,1.);
#5262 = DIRECTION('',(0.,-1.,0.));
#5263 = ORIENTED_EDGE('',*,*,#5264,.T.);
#5264 = EDGE_CURVE('',#5257,#5265,#5267,.T.);
#5265 = VERTEX_POINT('',#5266);
#5266 = CARTESIAN_POINT('',(1.5,-8.89,0.254));
#5267 = LINE('',#5268,#5269);
#5268 = CARTESIAN_POINT('',(1.5,-8.636,0.));
#5269 = VECTOR('',#5270,1.);
#5270 = DIRECTION('',(0.,-0.707106781187,0.707106781187));
#5271 = ORIENTED_EDGE('',*,*,#5272,.T.);
#5272 = EDGE_CURVE('',#5265,#5273,#5275,.T.);
#5273 = VERTEX_POINT('',#5274);
#5274 = CARTESIAN_POINT('',(1.5,-9.144,0.));
#5275 = LINE('',#5276,#5277);
#5276 = CARTESIAN_POINT('',(1.5,-8.89,0.254));
#5277 = VECTOR('',#5278,1.);
#5278 = DIRECTION('',(0.,-0.707106781187,-0.707106781187));
#5279 = ORIENTED_EDGE('',*,*,#5280,.T.);
#5280 = EDGE_CURVE('',#5273,#5281,#5283,.T.);
#5281 = VERTEX_POINT('',#5282);
#5282 = CARTESIAN_POINT('',(1.5,-11.176,0.));
#5283 = LINE('',#5284,#5285);
#5284 = CARTESIAN_POINT('',(1.5,-9.144,0.));
#5285 = VECTOR('',#5286,1.);
#5286 = DIRECTION('',(0.,-1.,0.));
#5287 = ORIENTED_EDGE('',*,*,#5288,.T.);
#5288 = EDGE_CURVE('',#5281,#5289,#5291,.T.);
#5289 = VERTEX_POINT('',#5290);
#5290 = CARTESIAN_POINT('',(1.5,-11.43,0.254));
#5291 = LINE('',#5292,#5293);
#5292 = CARTESIAN_POINT('',(1.5,-11.176,0.));
#5293 = VECTOR('',#5294,1.);
#5294 = DIRECTION('',(0.,-0.707106781187,0.707106781187));
#5295 = ORIENTED_EDGE('',*,*,#5296,.T.);
#5296 = EDGE_CURVE('',#5289,#5297,#5299,.T.);
#5297 = VERTEX_POINT('',#5298);
#5298 = CARTESIAN_POINT('',(1.5,-11.684,0.));
#5299 = LINE('',#5300,#5301);
#5300 = CARTESIAN_POINT('',(1.5,-11.43,0.254));
#5301 = VECTOR('',#5302,1.);
#5302 = DIRECTION('',(0.,-0.707106781187,-0.707106781187));
#5303 = ORIENTED_EDGE('',*,*,#5304,.T.);
#5304 = EDGE_CURVE('',#5297,#5305,#5307,.T.);
#5305 = VERTEX_POINT('',#5306);
#5306 = CARTESIAN_POINT('',(1.5,-13.716,0.));
#5307 = LINE('',#5308,#5309);
#5308 = CARTESIAN_POINT('',(1.5,-11.684,0.));
#5309 = VECTOR('',#5310,1.);
#5310 = DIRECTION('',(0.,-1.,0.));
#5311 = ORIENTED_EDGE('',*,*,#5312,.T.);
#5312 = EDGE_CURVE('',#5305,#5313,#5315,.T.);
#5313 = VERTEX_POINT('',#5314);
#5314 = CARTESIAN_POINT('',(1.5,-13.97,0.254));
#5315 = LINE('',#5316,#5317);
#5316 = CARTESIAN_POINT('',(1.5,-13.716,0.));
#5317 = VECTOR('',#5318,1.);
#5318 = DIRECTION('',(0.,-0.707106781187,0.707106781187));
#5319 = ORIENTED_EDGE('',*,*,#5320,.T.);
#5320 = EDGE_CURVE('',#5313,#5321,#5323,.T.);
#5321 = VERTEX_POINT('',#5322);
#5322 = CARTESIAN_POINT('',(1.5,-14.224,0.));
#5323 = LINE('',#5324,#5325);
#5324 = CARTESIAN_POINT('',(1.5,-13.97,0.254));
#5325 = VECTOR('',#5326,1.);
#5326 = DIRECTION('',(0.,-0.707106781187,-0.707106781187));
#5327 = ORIENTED_EDGE('',*,*,#5328,.T.);
#5328 = EDGE_CURVE('',#5321,#5329,#5331,.T.);
#5329 = VERTEX_POINT('',#5330);
#5330 = CARTESIAN_POINT('',(1.5,-16.256,0.));
#5331 = LINE('',#5332,#5333);
#5332 = CARTESIAN_POINT('',(1.5,-14.224,0.));
#5333 = VECTOR('',#5334,1.);
#5334 = DIRECTION('',(0.,-1.,0.));
#5335 = ORIENTED_EDGE('',*,*,#5336,.T.);
#5336 = EDGE_CURVE('',#5329,#5337,#5339,.T.);
#5337 = VERTEX_POINT('',#5338);
#5338 = CARTESIAN_POINT('',(1.5,-16.51,0.254));
#5339 = LINE('',#5340,#5341);
#5340 = CARTESIAN_POINT('',(1.5,-16.256,0.));
#5341 = VECTOR('',#5342,1.);
#5342 = DIRECTION('',(0.,-0.707106781187,0.707106781187));
#5343 = ORIENTED_EDGE('',*,*,#5344,.T.);
#5344 = EDGE_CURVE('',#5337,#5345,#5347,.T.);
#5345 = VERTEX_POINT('',#5346);
#5346 = CARTESIAN_POINT('',(1.5,-16.51,2.286));
#5347 = LINE('',#5348,#5349);
#5348 = CARTESIAN_POINT('',(1.5,-16.51,0.254));
#5349 = VECTOR('',#5350,1.);
#5350 = DIRECTION('',(0.,0.,1.));
#5351 = ORIENTED_EDGE('',*,*,#5352,.T.);
#5352 = EDGE_CURVE('',#5345,#5353,#5355,.T.);
#5353 = VERTEX_POINT('',#5354);
#5354 = CARTESIAN_POINT('',(1.5,-16.256,2.54));
#5355 = LINE('',#5356,#5357);
#5356 = CARTESIAN_POINT('',(1.5,-16.51,2.286));
#5357 = VECTOR('',#5358,1.);
#5358 = DIRECTION('',(0.,0.707106781187,0.707106781187));
#5359 = ORIENTED_EDGE('',*,*,#5360,.T.);
#5360 = EDGE_CURVE('',#5353,#5361,#5363,.T.);
#5361 = VERTEX_POINT('',#5362);
#5362 = CARTESIAN_POINT('',(1.5,-14.224,2.54));
#5363 = LINE('',#5364,#5365);
#5364 = CARTESIAN_POINT('',(1.5,-16.256,2.54));
#5365 = VECTOR('',#5366,1.);
#5366 = DIRECTION('',(0.,1.,0.));
#5367 = ORIENTED_EDGE('',*,*,#5368,.T.);
#5368 = EDGE_CURVE('',#5361,#5369,#5371,.T.);
#5369 = VERTEX_POINT('',#5370);
#5370 = CARTESIAN_POINT('',(1.5,-13.97,2.286));
#5371 = LINE('',#5372,#5373);
#5372 = CARTESIAN_POINT('',(1.5,-14.224,2.54));
#5373 = VECTOR('',#5374,1.);
#5374 = DIRECTION('',(0.,0.707106781187,-0.707106781187));
#5375 = ORIENTED_EDGE('',*,*,#5376,.T.);
#5376 = EDGE_CURVE('',#5369,#5377,#5379,.T.);
#5377 = VERTEX_POINT('',#5378);
#5378 = CARTESIAN_POINT('',(1.5,-13.716,2.54));
#5379 = LINE('',#5380,#5381);
#5380 = CARTESIAN_POINT('',(1.5,-13.97,2.286));
#5381 = VECTOR('',#5382,1.);
#5382 = DIRECTION('',(0.,0.707106781187,0.707106781187));
#5383 = ORIENTED_EDGE('',*,*,#5384,.T.);
#5384 = EDGE_CURVE('',#5377,#5385,#5387,.T.);
#5385 = VERTEX_POINT('',#5386);
#5386 = CARTESIAN_POINT('',(1.5,-11.684,2.54));
#5387 = LINE('',#5388,#5389);
#5388 = CARTESIAN_POINT('',(1.5,-13.716,2.54));
#5389 = VECTOR('',#5390,1.);
#5390 = DIRECTION('',(0.,1.,0.));
#5391 = ORIENTED_EDGE('',*,*,#5392,.T.);
#5392 = EDGE_CURVE('',#5385,#5393,#5395,.T.);
#5393 = VERTEX_POINT('',#5394);
#5394 = CARTESIAN_POINT('',(1.5,-11.43,2.286));
#5395 = LINE('',#5396,#5397);
#5396 = CARTESIAN_POINT('',(1.5,-11.684,2.54));
#5397 = VECTOR('',#5398,1.);
#5398 = DIRECTION('',(0.,0.707106781187,-0.707106781187));
#5399 = ORIENTED_EDGE('',*,*,#5400,.T.);
#5400 = EDGE_CURVE('',#5393,#5401,#5403,.T.);
#5401 = VERTEX_POINT('',#5402);
#5402 = CARTESIAN_POINT('',(1.5,-11.176,2.54));
#5403 = LINE('',#5404,#5405);
#5404 = CARTESIAN_POINT('',(1.5,-11.43,2.286));
#5405 = VECTOR('',#5406,1.);
#5406 = DIRECTION('',(0.,0.707106781187,0.707106781187));
#5407 = ORIENTED_EDGE('',*,*,#5408,.T.);
#5408 = EDGE_CURVE('',#5401,#5409,#5411,.T.);
#5409 = VERTEX_POINT('',#5410);
#5410 = CARTESIAN_POINT('',(1.5,-9.144,2.54));
#5411 = LINE('',#5412,#5413);
#5412 = CARTESIAN_POINT('',(1.5,-11.176,2.54));
#5413 = VECTOR('',#5414,1.);
#5414 = DIRECTION('',(0.,1.,0.));
#5415 = ORIENTED_EDGE('',*,*,#5416,.T.);
#5416 = EDGE_CURVE('',#5409,#5417,#5419,.T.);
#5417 = VERTEX_POINT('',#5418);
#5418 = CARTESIAN_POINT('',(1.5,-8.89,2.286));
#5419 = LINE('',#5420,#5421);
#5420 = CARTESIAN_POINT('',(1.5,-9.144,2.54));
#5421 = VECTOR('',#5422,1.);
#5422 = DIRECTION('',(0.,0.707106781187,-0.707106781187));
#5423 = ORIENTED_EDGE('',*,*,#5424,.T.);
#5424 = EDGE_CURVE('',#5417,#5425,#5427,.T.);
#5425 = VERTEX_POINT('',#5426);
#5426 = CARTESIAN_POINT('',(1.5,-8.636,2.54));
#5427 = LINE('',#5428,#5429);
#5428 = CARTESIAN_POINT('',(1.5,-8.89,2.286));
#5429 = VECTOR('',#5430,1.);
#5430 = DIRECTION('',(0.,0.707106781187,0.707106781187));
#5431 = ORIENTED_EDGE('',*,*,#5432,.T.);
#5432 = EDGE_CURVE('',#5425,#5433,#5435,.T.);
#5433 = VERTEX_POINT('',#5434);
#5434 = CARTESIAN_POINT('',(1.5,-6.604,2.54));
#5435 = LINE('',#5436,#5437);
#5436 = CARTESIAN_POINT('',(1.5,-8.636,2.54));
#5437 = VECTOR('',#5438,1.);
#5438 = DIRECTION('',(0.,1.,0.));
#5439 = ORIENTED_EDGE('',*,*,#5440,.T.);
#5440 = EDGE_CURVE('',#5433,#5441,#5443,.T.);
#5441 = VERTEX_POINT('',#5442);
#5442 = CARTESIAN_POINT('',(1.5,-6.35,2.286));
#5443 = LINE('',#5444,#5445);
#5444 = CARTESIAN_POINT('',(1.5,-6.604,2.54));
#5445 = VECTOR('',#5446,1.);
#5446 = DIRECTION('',(0.,0.707106781187,-0.707106781187));
#5447 = ORIENTED_EDGE('',*,*,#5448,.T.);
#5448 = EDGE_CURVE('',#5441,#5449,#5451,.T.);
#5449 = VERTEX_POINT('',#5450);
#5450 = CARTESIAN_POINT('',(1.5,-6.096,2.54));
#5451 = LINE('',#5452,#5453);
#5452 = CARTESIAN_POINT('',(1.5,-6.35,2.286));
#5453 = VECTOR('',#5454,1.);
#5454 = DIRECTION('',(0.,0.707106781187,0.707106781187));
#5455 = ORIENTED_EDGE('',*,*,#5456,.T.);
#5456 = EDGE_CURVE('',#5449,#5457,#5459,.T.);
#5457 = VERTEX_POINT('',#5458);
#5458 = CARTESIAN_POINT('',(1.5,-4.064,2.54));
#5459 = LINE('',#5460,#5461);
#5460 = CARTESIAN_POINT('',(1.5,-6.096,2.54));
#5461 = VECTOR('',#5462,1.);
#5462 = DIRECTION('',(0.,1.,0.));
#5463 = ORIENTED_EDGE('',*,*,#5464,.T.);
#5464 = EDGE_CURVE('',#5457,#5465,#5467,.T.);
#5465 = VERTEX_POINT('',#5466);
#5466 = CARTESIAN_POINT('',(1.5,-3.81,2.286));
#5467 = LINE('',#5468,#5469);
#5468 = CARTESIAN_POINT('',(1.5,-4.064,2.54));
#5469 = VECTOR('',#5470,1.);
#5470 = DIRECTION('',(0.,0.707106781187,-0.707106781187));
#5471 = ORIENTED_EDGE('',*,*,#5472,.T.);
#5472 = EDGE_CURVE('',#5465,#5473,#5475,.T.);
#5473 = VERTEX_POINT('',#5474);
#5474 = CARTESIAN_POINT('',(1.5,-3.556,2.54));
#5475 = LINE('',#5476,#5477);
#5476 = CARTESIAN_POINT('',(1.5,-3.81,2.286));
#5477 = VECTOR('',#5478,1.);
#5478 = DIRECTION('',(0.,0.707106781187,0.707106781187));
#5479 = ORIENTED_EDGE('',*,*,#5480,.T.);
#5480 = EDGE_CURVE('',#5473,#5481,#5483,.T.);
#5481 = VERTEX_POINT('',#5482);
#5482 = CARTESIAN_POINT('',(1.5,-1.524,2.54));
#5483 = LINE('',#5484,#5485);
#5484 = CARTESIAN_POINT('',(1.5,-3.556,2.54));
#5485 = VECTOR('',#5486,1.);
#5486 = DIRECTION('',(0.,1.,0.));
#5487 = ORIENTED_EDGE('',*,*,#5488,.T.);
#5488 = EDGE_CURVE('',#5481,#5489,#5491,.T.);
#5489 = VERTEX_POINT('',#5490);
#5490 = CARTESIAN_POINT('',(1.5,-1.27,2.286));
#5491 = LINE('',#5492,#5493);
#5492 = CARTESIAN_POINT('',(1.5,-1.524,2.54));
#5493 = VECTOR('',#5494,1.);
#5494 = DIRECTION('',(0.,0.707106781187,-0.707106781187));
#5495 = ORIENTED_EDGE('',*,*,#5496,.T.);
#5496 = EDGE_CURVE('',#5489,#5497,#5499,.T.);
#5497 = VERTEX_POINT('',#5498);
#5498 = CARTESIAN_POINT('',(1.5,-1.016,2.54));
#5499 = LINE('',#5500,#5501);
#5500 = CARTESIAN_POINT('',(1.5,-1.27,2.286));
#5501 = VECTOR('',#5502,1.);
#5502 = DIRECTION('',(0.,0.707106781187,0.707106781187));
#5503 = ORIENTED_EDGE('',*,*,#5504,.T.);
#5504 = EDGE_CURVE('',#5497,#5505,#5507,.T.);
#5505 = VERTEX_POINT('',#5506);
#5506 = CARTESIAN_POINT('',(1.5,1.016,2.54));
#5507 = LINE('',#5508,#5509);
#5508 = CARTESIAN_POINT('',(1.5,-1.016,2.54));
#5509 = VECTOR('',#5510,1.);
#5510 = DIRECTION('',(0.,1.,0.));
#5511 = ORIENTED_EDGE('',*,*,#5512,.T.);
#5512 = EDGE_CURVE('',#5505,#5129,#5513,.T.);
#5513 = LINE('',#5514,#5515);
#5514 = CARTESIAN_POINT('',(1.5,1.016,2.54));
#5515 = VECTOR('',#5516,1.);
#5516 = DIRECTION('',(0.,0.707106781187,-0.707106781187));
#5517 = ORIENTED_EDGE('',*,*,#5145,.T.);
#5518 = FACE_BOUND('',#5519,.T.);
#5519 = EDGE_LOOP('',(#5520,#5530,#5538,#5546));
#5520 = ORIENTED_EDGE('',*,*,#5521,.F.);
#5521 = EDGE_CURVE('',#5522,#5524,#5526,.T.);
#5522 = VERTEX_POINT('',#5523);
#5523 = CARTESIAN_POINT('',(1.5,-12.38,0.95));
#5524 = VERTEX_POINT('',#5525);
#5525 = CARTESIAN_POINT('',(1.5,-13.02,0.95));
#5526 = LINE('',#5527,#5528);
#5527 = CARTESIAN_POINT('',(1.5,-10.,0.95));
#5528 = VECTOR('',#5529,1.);
#5529 = DIRECTION('',(-2.83386182596E-32,-1.,0.));
#5530 = ORIENTED_EDGE('',*,*,#5531,.F.);
#5531 = EDGE_CURVE('',#5532,#5522,#5534,.T.);
#5532 = VERTEX_POINT('',#5533);
#5533 = CARTESIAN_POINT('',(1.5,-12.38,1.59));
#5534 = LINE('',#5535,#5536);
#5535 = CARTESIAN_POINT('',(1.5,-12.38,0.924540133779));
#5536 = VECTOR('',#5537,1.);
#5537 = DIRECTION('',(-1.232929513271E-31,6.630961875715E-34,-1.));
#5538 = ORIENTED_EDGE('',*,*,#5539,.F.);
#5539 = EDGE_CURVE('',#5540,#5532,#5542,.T.);
#5540 = VERTEX_POINT('',#5541);
#5541 = CARTESIAN_POINT('',(1.5,-13.02,1.59));
#5542 = LINE('',#5543,#5544);
#5543 = CARTESIAN_POINT('',(1.5,-10.,1.59));
#5544 = VECTOR('',#5545,1.);
#5545 = DIRECTION('',(2.83386182596E-32,1.,6.073781173334E-49));
#5546 = ORIENTED_EDGE('',*,*,#5547,.T.);
#5547 = EDGE_CURVE('',#5540,#5524,#5548,.T.);
#5548 = LINE('',#5549,#5550);
#5549 = CARTESIAN_POINT('',(1.5,-13.02,0.924540133779));
#5550 = VECTOR('',#5551,1.);
#5551 = DIRECTION('',(-1.232929513271E-31,6.630961875715E-34,-1.));
#5552 = FACE_BOUND('',#5553,.T.);
#5553 = EDGE_LOOP('',(#5554,#5564,#5572,#5580));
#5554 = ORIENTED_EDGE('',*,*,#5555,.F.);
#5555 = EDGE_CURVE('',#5556,#5558,#5560,.T.);
#5556 = VERTEX_POINT('',#5557);
#5557 = CARTESIAN_POINT('',(1.5,-9.84,1.59));
#5558 = VERTEX_POINT('',#5559);
#5559 = CARTESIAN_POINT('',(1.5,-9.84,0.95));
#5560 = LINE('',#5561,#5562);
#5561 = CARTESIAN_POINT('',(1.5,-9.84,0.924540133779));
#5562 = VECTOR('',#5563,1.);
#5563 = DIRECTION('',(-1.232929513271E-31,6.630961875715E-34,-1.));
#5564 = ORIENTED_EDGE('',*,*,#5565,.F.);
#5565 = EDGE_CURVE('',#5566,#5556,#5568,.T.);
#5566 = VERTEX_POINT('',#5567);
#5567 = CARTESIAN_POINT('',(1.5,-10.48,1.59));
#5568 = LINE('',#5569,#5570);
#5569 = CARTESIAN_POINT('',(1.5,-8.73,1.59));
#5570 = VECTOR('',#5571,1.);
#5571 = DIRECTION('',(2.83386182596E-32,1.,6.073781173334E-49));
#5572 = ORIENTED_EDGE('',*,*,#5573,.T.);
#5573 = EDGE_CURVE('',#5566,#5574,#5576,.T.);
#5574 = VERTEX_POINT('',#5575);
#5575 = CARTESIAN_POINT('',(1.5,-10.48,0.95));
#5576 = LINE('',#5577,#5578);
#5577 = CARTESIAN_POINT('',(1.5,-10.48,0.924540133779));
#5578 = VECTOR('',#5579,1.);
#5579 = DIRECTION('',(-1.232929513271E-31,6.630961875715E-34,-1.));
#5580 = ORIENTED_EDGE('',*,*,#5581,.F.);
#5581 = EDGE_CURVE('',#5558,#5574,#5582,.T.);
#5582 = LINE('',#5583,#5584);
#5583 = CARTESIAN_POINT('',(1.5,-8.73,0.95));
#5584 = VECTOR('',#5585,1.);
#5585 = DIRECTION('',(-2.83386182596E-32,-1.,0.));
#5586 = FACE_BOUND('',#5587,.T.);
#5587 = EDGE_LOOP('',(#5588,#5598,#5606,#5614));
#5588 = ORIENTED_EDGE('',*,*,#5589,.F.);
#5589 = EDGE_CURVE('',#5590,#5592,#5594,.T.);
#5590 = VERTEX_POINT('',#5591);
#5591 = CARTESIAN_POINT('',(1.5,-7.94,1.59));
#5592 = VERTEX_POINT('',#5593);
#5593 = CARTESIAN_POINT('',(1.5,-7.3,1.59));
#5594 = LINE('',#5595,#5596);
#5595 = CARTESIAN_POINT('',(1.5,-7.46,1.59));
#5596 = VECTOR('',#5597,1.);
#5597 = DIRECTION('',(2.83386182596E-32,1.,6.073781173334E-49));
#5598 = ORIENTED_EDGE('',*,*,#5599,.T.);
#5599 = EDGE_CURVE('',#5590,#5600,#5602,.T.);
#5600 = VERTEX_POINT('',#5601);
#5601 = CARTESIAN_POINT('',(1.5,-7.94,0.95));
#5602 = LINE('',#5603,#5604);
#5603 = CARTESIAN_POINT('',(1.5,-7.94,0.924540133779));
#5604 = VECTOR('',#5605,1.);
#5605 = DIRECTION('',(-1.232929513271E-31,6.630961875715E-34,-1.));
#5606 = ORIENTED_EDGE('',*,*,#5607,.F.);
#5607 = EDGE_CURVE('',#5608,#5600,#5610,.T.);
#5608 = VERTEX_POINT('',#5609);
#5609 = CARTESIAN_POINT('',(1.5,-7.3,0.95));
#5610 = LINE('',#5611,#5612);
#5611 = CARTESIAN_POINT('',(1.5,-7.46,0.95));
#5612 = VECTOR('',#5613,1.);
#5613 = DIRECTION('',(-2.83386182596E-32,-1.,0.));
#5614 = ORIENTED_EDGE('',*,*,#5615,.F.);
#5615 = EDGE_CURVE('',#5592,#5608,#5616,.T.);
#5616 = LINE('',#5617,#5618);
#5617 = CARTESIAN_POINT('',(1.5,-7.3,0.924540133779));
#5618 = VECTOR('',#5619,1.);
#5619 = DIRECTION('',(-1.232929513271E-31,6.630961875715E-34,-1.));
#5620 = FACE_BOUND('',#5621,.T.);
#5621 = EDGE_LOOP('',(#5622,#5632,#5640,#5648));
#5622 = ORIENTED_EDGE('',*,*,#5623,.F.);
#5623 = EDGE_CURVE('',#5624,#5626,#5628,.T.);
#5624 = VERTEX_POINT('',#5625);
#5625 = CARTESIAN_POINT('',(1.5,0.32,1.59));
#5626 = VERTEX_POINT('',#5627);
#5627 = CARTESIAN_POINT('',(1.5,0.32,0.95));
#5628 = LINE('',#5629,#5630);
#5629 = CARTESIAN_POINT('',(1.5,0.32,0.924540133779));
#5630 = VECTOR('',#5631,1.);
#5631 = DIRECTION('',(-1.232929513271E-31,6.630961875715E-34,-1.));
#5632 = ORIENTED_EDGE('',*,*,#5633,.F.);
#5633 = EDGE_CURVE('',#5634,#5624,#5636,.T.);
#5634 = VERTEX_POINT('',#5635);
#5635 = CARTESIAN_POINT('',(1.5,-0.32,1.59));
#5636 = LINE('',#5637,#5638);
#5637 = CARTESIAN_POINT('',(1.5,-3.65,1.59));
#5638 = VECTOR('',#5639,1.);
#5639 = DIRECTION('',(2.83386182596E-32,1.,6.073781173334E-49));
#5640 = ORIENTED_EDGE('',*,*,#5641,.T.);
#5641 = EDGE_CURVE('',#5634,#5642,#5644,.T.);
#5642 = VERTEX_POINT('',#5643);
#5643 = CARTESIAN_POINT('',(1.5,-0.32,0.95));
#5644 = LINE('',#5645,#5646);
#5645 = CARTESIAN_POINT('',(1.5,-0.32,0.924540133779));
#5646 = VECTOR('',#5647,1.);
#5647 = DIRECTION('',(-1.232929513271E-31,6.630961875715E-34,-1.));
#5648 = ORIENTED_EDGE('',*,*,#5649,.F.);
#5649 = EDGE_CURVE('',#5626,#5642,#5650,.T.);
#5650 = LINE('',#5651,#5652);
#5651 = CARTESIAN_POINT('',(1.5,-3.65,0.95));
#5652 = VECTOR('',#5653,1.);
#5653 = DIRECTION('',(-2.83386182596E-32,-1.,0.));
#5654 = FACE_BOUND('',#5655,.T.);
#5655 = EDGE_LOOP('',(#5656,#5666,#5674,#5682));
#5656 = ORIENTED_EDGE('',*,*,#5657,.F.);
#5657 = EDGE_CURVE('',#5658,#5660,#5662,.T.);
#5658 = VERTEX_POINT('',#5659);
#5659 = CARTESIAN_POINT('',(1.5,-5.4,1.59));
#5660 = VERTEX_POINT('',#5661);
#5661 = CARTESIAN_POINT('',(1.5,-4.76,1.59));
#5662 = LINE('',#5663,#5664);
#5663 = CARTESIAN_POINT('',(1.5,-6.19,1.59));
#5664 = VECTOR('',#5665,1.);
#5665 = DIRECTION('',(2.83386182596E-32,1.,6.073781173334E-49));
#5666 = ORIENTED_EDGE('',*,*,#5667,.T.);
#5667 = EDGE_CURVE('',#5658,#5668,#5670,.T.);
#5668 = VERTEX_POINT('',#5669);
#5669 = CARTESIAN_POINT('',(1.5,-5.4,0.95));
#5670 = LINE('',#5671,#5672);
#5671 = CARTESIAN_POINT('',(1.5,-5.4,0.924540133779));
#5672 = VECTOR('',#5673,1.);
#5673 = DIRECTION('',(-1.232929513271E-31,6.630961875715E-34,-1.));
#5674 = ORIENTED_EDGE('',*,*,#5675,.F.);
#5675 = EDGE_CURVE('',#5676,#5668,#5678,.T.);
#5676 = VERTEX_POINT('',#5677);
#5677 = CARTESIAN_POINT('',(1.5,-4.76,0.95));
#5678 = LINE('',#5679,#5680);
#5679 = CARTESIAN_POINT('',(1.5,-6.19,0.95));
#5680 = VECTOR('',#5681,1.);
#5681 = DIRECTION('',(-2.83386182596E-32,-1.,0.));
#5682 = ORIENTED_EDGE('',*,*,#5683,.F.);
#5683 = EDGE_CURVE('',#5660,#5676,#5684,.T.);
#5684 = LINE('',#5685,#5686);
#5685 = CARTESIAN_POINT('',(1.5,-4.76,0.924540133779));
#5686 = VECTOR('',#5687,1.);
#5687 = DIRECTION('',(-1.232929513271E-31,6.630961875715E-34,-1.));
#5688 = FACE_BOUND('',#5689,.T.);
#5689 = EDGE_LOOP('',(#5690,#5700,#5708,#5716));
#5690 = ORIENTED_EDGE('',*,*,#5691,.F.);
#5691 = EDGE_CURVE('',#5692,#5694,#5696,.T.);
#5692 = VERTEX_POINT('',#5693);
#5693 = CARTESIAN_POINT('',(1.5,-2.22,1.59));
#5694 = VERTEX_POINT('',#5695);
#5695 = CARTESIAN_POINT('',(1.5,-2.22,0.95));
#5696 = LINE('',#5697,#5698);
#5697 = CARTESIAN_POINT('',(1.5,-2.22,0.924540133779));
#5698 = VECTOR('',#5699,1.);
#5699 = DIRECTION('',(-1.232929513271E-31,6.630961875715E-34,-1.));
#5700 = ORIENTED_EDGE('',*,*,#5701,.F.);
#5701 = EDGE_CURVE('',#5702,#5692,#5704,.T.);
#5702 = VERTEX_POINT('',#5703);
#5703 = CARTESIAN_POINT('',(1.5,-2.86,1.59));
#5704 = LINE('',#5705,#5706);
#5705 = CARTESIAN_POINT('',(1.5,-4.92,1.59));
#5706 = VECTOR('',#5707,1.);
#5707 = DIRECTION('',(2.83386182596E-32,1.,6.073781173334E-49));
#5708 = ORIENTED_EDGE('',*,*,#5709,.T.);
#5709 = EDGE_CURVE('',#5702,#5710,#5712,.T.);
#5710 = VERTEX_POINT('',#5711);
#5711 = CARTESIAN_POINT('',(1.5,-2.86,0.95));
#5712 = LINE('',#5713,#5714);
#5713 = CARTESIAN_POINT('',(1.5,-2.86,0.924540133779));
#5714 = VECTOR('',#5715,1.);
#5715 = DIRECTION('',(-1.232929513271E-31,6.630961875715E-34,-1.));
#5716 = ORIENTED_EDGE('',*,*,#5717,.F.);
#5717 = EDGE_CURVE('',#5694,#5710,#5718,.T.);
#5718 = LINE('',#5719,#5720);
#5719 = CARTESIAN_POINT('',(1.5,-4.92,0.95));
#5720 = VECTOR('',#5721,1.);
#5721 = DIRECTION('',(-2.83386182596E-32,-1.,0.));
#5722 = FACE_BOUND('',#5723,.T.);
#5723 = EDGE_LOOP('',(#5724,#5734,#5742,#5750));
#5724 = ORIENTED_EDGE('',*,*,#5725,.F.);
#5725 = EDGE_CURVE('',#5726,#5728,#5730,.T.);
#5726 = VERTEX_POINT('',#5727);
#5727 = CARTESIAN_POINT('',(1.5,-15.56,1.59));
#5728 = VERTEX_POINT('',#5729);
#5729 = CARTESIAN_POINT('',(1.5,-14.92,1.59));
#5730 = LINE('',#5731,#5732);
#5731 = CARTESIAN_POINT('',(1.5,-11.27,1.59));
#5732 = VECTOR('',#5733,1.);
#5733 = DIRECTION('',(2.83386182596E-32,1.,6.073781173334E-49));
#5734 = ORIENTED_EDGE('',*,*,#5735,.T.);
#5735 = EDGE_CURVE('',#5726,#5736,#5738,.T.);
#5736 = VERTEX_POINT('',#5737);
#5737 = CARTESIAN_POINT('',(1.5,-15.56,0.95));
#5738 = LINE('',#5739,#5740);
#5739 = CARTESIAN_POINT('',(1.5,-15.56,0.924540133779));
#5740 = VECTOR('',#5741,1.);
#5741 = DIRECTION('',(-1.232929513271E-31,6.630961875715E-34,-1.));
#5742 = ORIENTED_EDGE('',*,*,#5743,.F.);
#5743 = EDGE_CURVE('',#5744,#5736,#5746,.T.);
#5744 = VERTEX_POINT('',#5745);
#5745 = CARTESIAN_POINT('',(1.5,-14.92,0.95));
#5746 = LINE('',#5747,#5748);
#5747 = CARTESIAN_POINT('',(1.5,-11.27,0.95));
#5748 = VECTOR('',#5749,1.);
#5749 = DIRECTION('',(-2.83386182596E-32,-1.,0.));
#5750 = ORIENTED_EDGE('',*,*,#5751,.F.);
#5751 = EDGE_CURVE('',#5728,#5744,#5752,.T.);
#5752 = LINE('',#5753,#5754);
#5753 = CARTESIAN_POINT('',(1.5,-14.92,0.924540133779));
#5754 = VECTOR('',#5755,1.);
#5755 = DIRECTION('',(-1.232929513271E-31,6.630961875715E-34,-1.));
#5756 = PLANE('',#5757);
#5757 = AXIS2_PLACEMENT_3D('',#5758,#5759,#5760);
#5758 = CARTESIAN_POINT('',(1.5,-7.62,1.27));
#5759 = DIRECTION('',(-1.,2.83386182596E-32,1.232929513271E-31));
#5760 = DIRECTION('',(-1.232929513271E-31,0.,-1.));
#5761 = ADVANCED_FACE('',(#5762,#6093,#6127,#6161,#6195,#6229,#6263,
    #6297),#6331,.F.);
#5762 = FACE_BOUND('',#5763,.F.);
#5763 = EDGE_LOOP('',(#5764,#5765,#5766,#5774,#5782,#5790,#5798,#5806,
    #5814,#5822,#5830,#5838,#5846,#5854,#5862,#5870,#5878,#5886,#5894,
    #5902,#5910,#5918,#5926,#5934,#5942,#5950,#5958,#5966,#5974,#5982,
    #5990,#5998,#6006,#6014,#6022,#6030,#6038,#6046,#6054,#6062,#6070,
    #6078,#6086,#6092));
#5764 = ORIENTED_EDGE('',*,*,#5098,.T.);
#5765 = ORIENTED_EDGE('',*,*,#5160,.T.);
#5766 = ORIENTED_EDGE('',*,*,#5767,.T.);
#5767 = EDGE_CURVE('',#5161,#5768,#5770,.T.);
#5768 = VERTEX_POINT('',#5769);
#5769 = CARTESIAN_POINT('',(4.04,-1.27,0.254));
#5770 = LINE('',#5771,#5772);
#5771 = CARTESIAN_POINT('',(4.04,-1.016,0.));
#5772 = VECTOR('',#5773,1.);
#5773 = DIRECTION('',(0.,-0.707106781187,0.707106781187));
#5774 = ORIENTED_EDGE('',*,*,#5775,.T.);
#5775 = EDGE_CURVE('',#5768,#5776,#5778,.T.);
#5776 = VERTEX_POINT('',#5777);
#5777 = CARTESIAN_POINT('',(4.04,-1.524,0.));
#5778 = LINE('',#5779,#5780);
#5779 = CARTESIAN_POINT('',(4.04,-1.27,0.254));
#5780 = VECTOR('',#5781,1.);
#5781 = DIRECTION('',(0.,-0.707106781187,-0.707106781187));
#5782 = ORIENTED_EDGE('',*,*,#5783,.T.);
#5783 = EDGE_CURVE('',#5776,#5784,#5786,.T.);
#5784 = VERTEX_POINT('',#5785);
#5785 = CARTESIAN_POINT('',(4.04,-3.556,0.));
#5786 = LINE('',#5787,#5788);
#5787 = CARTESIAN_POINT('',(4.04,-1.524,0.));
#5788 = VECTOR('',#5789,1.);
#5789 = DIRECTION('',(0.,-1.,0.));
#5790 = ORIENTED_EDGE('',*,*,#5791,.T.);
#5791 = EDGE_CURVE('',#5784,#5792,#5794,.T.);
#5792 = VERTEX_POINT('',#5793);
#5793 = CARTESIAN_POINT('',(4.04,-3.81,0.254));
#5794 = LINE('',#5795,#5796);
#5795 = CARTESIAN_POINT('',(4.04,-3.556,0.));
#5796 = VECTOR('',#5797,1.);
#5797 = DIRECTION('',(0.,-0.707106781187,0.707106781187));
#5798 = ORIENTED_EDGE('',*,*,#5799,.T.);
#5799 = EDGE_CURVE('',#5792,#5800,#5802,.T.);
#5800 = VERTEX_POINT('',#5801);
#5801 = CARTESIAN_POINT('',(4.04,-4.064,0.));
#5802 = LINE('',#5803,#5804);
#5803 = CARTESIAN_POINT('',(4.04,-3.81,0.254));
#5804 = VECTOR('',#5805,1.);
#5805 = DIRECTION('',(0.,-0.707106781187,-0.707106781187));
#5806 = ORIENTED_EDGE('',*,*,#5807,.T.);
#5807 = EDGE_CURVE('',#5800,#5808,#5810,.T.);
#5808 = VERTEX_POINT('',#5809);
#5809 = CARTESIAN_POINT('',(4.04,-6.096,0.));
#5810 = LINE('',#5811,#5812);
#5811 = CARTESIAN_POINT('',(4.04,-4.064,0.));
#5812 = VECTOR('',#5813,1.);
#5813 = DIRECTION('',(0.,-1.,0.));
#5814 = ORIENTED_EDGE('',*,*,#5815,.T.);
#5815 = EDGE_CURVE('',#5808,#5816,#5818,.T.);
#5816 = VERTEX_POINT('',#5817);
#5817 = CARTESIAN_POINT('',(4.04,-6.35,0.254));
#5818 = LINE('',#5819,#5820);
#5819 = CARTESIAN_POINT('',(4.04,-6.096,0.));
#5820 = VECTOR('',#5821,1.);
#5821 = DIRECTION('',(0.,-0.707106781187,0.707106781187));
#5822 = ORIENTED_EDGE('',*,*,#5823,.T.);
#5823 = EDGE_CURVE('',#5816,#5824,#5826,.T.);
#5824 = VERTEX_POINT('',#5825);
#5825 = CARTESIAN_POINT('',(4.04,-6.604,0.));
#5826 = LINE('',#5827,#5828);
#5827 = CARTESIAN_POINT('',(4.04,-6.35,0.254));
#5828 = VECTOR('',#5829,1.);
#5829 = DIRECTION('',(0.,-0.707106781187,-0.707106781187));
#5830 = ORIENTED_EDGE('',*,*,#5831,.T.);
#5831 = EDGE_CURVE('',#5824,#5832,#5834,.T.);
#5832 = VERTEX_POINT('',#5833);
#5833 = CARTESIAN_POINT('',(4.04,-8.636,0.));
#5834 = LINE('',#5835,#5836);
#5835 = CARTESIAN_POINT('',(4.04,-6.604,0.));
#5836 = VECTOR('',#5837,1.);
#5837 = DIRECTION('',(0.,-1.,0.));
#5838 = ORIENTED_EDGE('',*,*,#5839,.T.);
#5839 = EDGE_CURVE('',#5832,#5840,#5842,.T.);
#5840 = VERTEX_POINT('',#5841);
#5841 = CARTESIAN_POINT('',(4.04,-8.89,0.254));
#5842 = LINE('',#5843,#5844);
#5843 = CARTESIAN_POINT('',(4.04,-8.636,0.));
#5844 = VECTOR('',#5845,1.);
#5845 = DIRECTION('',(0.,-0.707106781187,0.707106781187));
#5846 = ORIENTED_EDGE('',*,*,#5847,.T.);
#5847 = EDGE_CURVE('',#5840,#5848,#5850,.T.);
#5848 = VERTEX_POINT('',#5849);
#5849 = CARTESIAN_POINT('',(4.04,-9.144,0.));
#5850 = LINE('',#5851,#5852);
#5851 = CARTESIAN_POINT('',(4.04,-8.89,0.254));
#5852 = VECTOR('',#5853,1.);
#5853 = DIRECTION('',(0.,-0.707106781187,-0.707106781187));
#5854 = ORIENTED_EDGE('',*,*,#5855,.T.);
#5855 = EDGE_CURVE('',#5848,#5856,#5858,.T.);
#5856 = VERTEX_POINT('',#5857);
#5857 = CARTESIAN_POINT('',(4.04,-11.176,0.));
#5858 = LINE('',#5859,#5860);
#5859 = CARTESIAN_POINT('',(4.04,-9.144,0.));
#5860 = VECTOR('',#5861,1.);
#5861 = DIRECTION('',(0.,-1.,0.));
#5862 = ORIENTED_EDGE('',*,*,#5863,.T.);
#5863 = EDGE_CURVE('',#5856,#5864,#5866,.T.);
#5864 = VERTEX_POINT('',#5865);
#5865 = CARTESIAN_POINT('',(4.04,-11.43,0.254));
#5866 = LINE('',#5867,#5868);
#5867 = CARTESIAN_POINT('',(4.04,-11.176,0.));
#5868 = VECTOR('',#5869,1.);
#5869 = DIRECTION('',(0.,-0.707106781187,0.707106781187));
#5870 = ORIENTED_EDGE('',*,*,#5871,.T.);
#5871 = EDGE_CURVE('',#5864,#5872,#5874,.T.);
#5872 = VERTEX_POINT('',#5873);
#5873 = CARTESIAN_POINT('',(4.04,-11.684,0.));
#5874 = LINE('',#5875,#5876);
#5875 = CARTESIAN_POINT('',(4.04,-11.43,0.254));
#5876 = VECTOR('',#5877,1.);
#5877 = DIRECTION('',(0.,-0.707106781187,-0.707106781187));
#5878 = ORIENTED_EDGE('',*,*,#5879,.T.);
#5879 = EDGE_CURVE('',#5872,#5880,#5882,.T.);
#5880 = VERTEX_POINT('',#5881);
#5881 = CARTESIAN_POINT('',(4.04,-13.716,0.));
#5882 = LINE('',#5883,#5884);
#5883 = CARTESIAN_POINT('',(4.04,-11.684,0.));
#5884 = VECTOR('',#5885,1.);
#5885 = DIRECTION('',(0.,-1.,0.));
#5886 = ORIENTED_EDGE('',*,*,#5887,.T.);
#5887 = EDGE_CURVE('',#5880,#5888,#5890,.T.);
#5888 = VERTEX_POINT('',#5889);
#5889 = CARTESIAN_POINT('',(4.04,-13.97,0.254));
#5890 = LINE('',#5891,#5892);
#5891 = CARTESIAN_POINT('',(4.04,-13.716,0.));
#5892 = VECTOR('',#5893,1.);
#5893 = DIRECTION('',(0.,-0.707106781187,0.707106781187));
#5894 = ORIENTED_EDGE('',*,*,#5895,.T.);
#5895 = EDGE_CURVE('',#5888,#5896,#5898,.T.);
#5896 = VERTEX_POINT('',#5897);
#5897 = CARTESIAN_POINT('',(4.04,-14.224,0.));
#5898 = LINE('',#5899,#5900);
#5899 = CARTESIAN_POINT('',(4.04,-13.97,0.254));
#5900 = VECTOR('',#5901,1.);
#5901 = DIRECTION('',(0.,-0.707106781187,-0.707106781187));
#5902 = ORIENTED_EDGE('',*,*,#5903,.T.);
#5903 = EDGE_CURVE('',#5896,#5904,#5906,.T.);
#5904 = VERTEX_POINT('',#5905);
#5905 = CARTESIAN_POINT('',(4.04,-16.256,0.));
#5906 = LINE('',#5907,#5908);
#5907 = CARTESIAN_POINT('',(4.04,-14.224,0.));
#5908 = VECTOR('',#5909,1.);
#5909 = DIRECTION('',(0.,-1.,0.));
#5910 = ORIENTED_EDGE('',*,*,#5911,.T.);
#5911 = EDGE_CURVE('',#5904,#5912,#5914,.T.);
#5912 = VERTEX_POINT('',#5913);
#5913 = CARTESIAN_POINT('',(4.04,-16.51,0.254));
#5914 = LINE('',#5915,#5916);
#5915 = CARTESIAN_POINT('',(4.04,-16.256,0.));
#5916 = VECTOR('',#5917,1.);
#5917 = DIRECTION('',(0.,-0.707106781187,0.707106781187));
#5918 = ORIENTED_EDGE('',*,*,#5919,.T.);
#5919 = EDGE_CURVE('',#5912,#5920,#5922,.T.);
#5920 = VERTEX_POINT('',#5921);
#5921 = CARTESIAN_POINT('',(4.04,-16.51,2.286));
#5922 = LINE('',#5923,#5924);
#5923 = CARTESIAN_POINT('',(4.04,-16.51,0.254));
#5924 = VECTOR('',#5925,1.);
#5925 = DIRECTION('',(0.,0.,1.));
#5926 = ORIENTED_EDGE('',*,*,#5927,.T.);
#5927 = EDGE_CURVE('',#5920,#5928,#5930,.T.);
#5928 = VERTEX_POINT('',#5929);
#5929 = CARTESIAN_POINT('',(4.04,-16.256,2.54));
#5930 = LINE('',#5931,#5932);
#5931 = CARTESIAN_POINT('',(4.04,-16.51,2.286));
#5932 = VECTOR('',#5933,1.);
#5933 = DIRECTION('',(0.,0.707106781187,0.707106781187));
#5934 = ORIENTED_EDGE('',*,*,#5935,.T.);
#5935 = EDGE_CURVE('',#5928,#5936,#5938,.T.);
#5936 = VERTEX_POINT('',#5937);
#5937 = CARTESIAN_POINT('',(4.04,-14.224,2.54));
#5938 = LINE('',#5939,#5940);
#5939 = CARTESIAN_POINT('',(4.04,-16.256,2.54));
#5940 = VECTOR('',#5941,1.);
#5941 = DIRECTION('',(0.,1.,0.));
#5942 = ORIENTED_EDGE('',*,*,#5943,.T.);
#5943 = EDGE_CURVE('',#5936,#5944,#5946,.T.);
#5944 = VERTEX_POINT('',#5945);
#5945 = CARTESIAN_POINT('',(4.04,-13.97,2.286));
#5946 = LINE('',#5947,#5948);
#5947 = CARTESIAN_POINT('',(4.04,-14.224,2.54));
#5948 = VECTOR('',#5949,1.);
#5949 = DIRECTION('',(0.,0.707106781187,-0.707106781187));
#5950 = ORIENTED_EDGE('',*,*,#5951,.T.);
#5951 = EDGE_CURVE('',#5944,#5952,#5954,.T.);
#5952 = VERTEX_POINT('',#5953);
#5953 = CARTESIAN_POINT('',(4.04,-13.716,2.54));
#5954 = LINE('',#5955,#5956);
#5955 = CARTESIAN_POINT('',(4.04,-13.97,2.286));
#5956 = VECTOR('',#5957,1.);
#5957 = DIRECTION('',(0.,0.707106781187,0.707106781187));
#5958 = ORIENTED_EDGE('',*,*,#5959,.T.);
#5959 = EDGE_CURVE('',#5952,#5960,#5962,.T.);
#5960 = VERTEX_POINT('',#5961);
#5961 = CARTESIAN_POINT('',(4.04,-11.684,2.54));
#5962 = LINE('',#5963,#5964);
#5963 = CARTESIAN_POINT('',(4.04,-13.716,2.54));
#5964 = VECTOR('',#5965,1.);
#5965 = DIRECTION('',(0.,1.,0.));
#5966 = ORIENTED_EDGE('',*,*,#5967,.T.);
#5967 = EDGE_CURVE('',#5960,#5968,#5970,.T.);
#5968 = VERTEX_POINT('',#5969);
#5969 = CARTESIAN_POINT('',(4.04,-11.43,2.286));
#5970 = LINE('',#5971,#5972);
#5971 = CARTESIAN_POINT('',(4.04,-11.684,2.54));
#5972 = VECTOR('',#5973,1.);
#5973 = DIRECTION('',(0.,0.707106781187,-0.707106781187));
#5974 = ORIENTED_EDGE('',*,*,#5975,.T.);
#5975 = EDGE_CURVE('',#5968,#5976,#5978,.T.);
#5976 = VERTEX_POINT('',#5977);
#5977 = CARTESIAN_POINT('',(4.04,-11.176,2.54));
#5978 = LINE('',#5979,#5980);
#5979 = CARTESIAN_POINT('',(4.04,-11.43,2.286));
#5980 = VECTOR('',#5981,1.);
#5981 = DIRECTION('',(0.,0.707106781187,0.707106781187));
#5982 = ORIENTED_EDGE('',*,*,#5983,.T.);
#5983 = EDGE_CURVE('',#5976,#5984,#5986,.T.);
#5984 = VERTEX_POINT('',#5985);
#5985 = CARTESIAN_POINT('',(4.04,-9.144,2.54));
#5986 = LINE('',#5987,#5988);
#5987 = CARTESIAN_POINT('',(4.04,-11.176,2.54));
#5988 = VECTOR('',#5989,1.);
#5989 = DIRECTION('',(0.,1.,0.));
#5990 = ORIENTED_EDGE('',*,*,#5991,.T.);
#5991 = EDGE_CURVE('',#5984,#5992,#5994,.T.);
#5992 = VERTEX_POINT('',#5993);
#5993 = CARTESIAN_POINT('',(4.04,-8.89,2.286));
#5994 = LINE('',#5995,#5996);
#5995 = CARTESIAN_POINT('',(4.04,-9.144,2.54));
#5996 = VECTOR('',#5997,1.);
#5997 = DIRECTION('',(0.,0.707106781187,-0.707106781187));
#5998 = ORIENTED_EDGE('',*,*,#5999,.T.);
#5999 = EDGE_CURVE('',#5992,#6000,#6002,.T.);
#6000 = VERTEX_POINT('',#6001);
#6001 = CARTESIAN_POINT('',(4.04,-8.636,2.54));
#6002 = LINE('',#6003,#6004);
#6003 = CARTESIAN_POINT('',(4.04,-8.89,2.286));
#6004 = VECTOR('',#6005,1.);
#6005 = DIRECTION('',(0.,0.707106781187,0.707106781187));
#6006 = ORIENTED_EDGE('',*,*,#6007,.T.);
#6007 = EDGE_CURVE('',#6000,#6008,#6010,.T.);
#6008 = VERTEX_POINT('',#6009);
#6009 = CARTESIAN_POINT('',(4.04,-6.604,2.54));
#6010 = LINE('',#6011,#6012);
#6011 = CARTESIAN_POINT('',(4.04,-8.636,2.54));
#6012 = VECTOR('',#6013,1.);
#6013 = DIRECTION('',(0.,1.,0.));
#6014 = ORIENTED_EDGE('',*,*,#6015,.T.);
#6015 = EDGE_CURVE('',#6008,#6016,#6018,.T.);
#6016 = VERTEX_POINT('',#6017);
#6017 = CARTESIAN_POINT('',(4.04,-6.35,2.286));
#6018 = LINE('',#6019,#6020);
#6019 = CARTESIAN_POINT('',(4.04,-6.604,2.54));
#6020 = VECTOR('',#6021,1.);
#6021 = DIRECTION('',(0.,0.707106781187,-0.707106781187));
#6022 = ORIENTED_EDGE('',*,*,#6023,.T.);
#6023 = EDGE_CURVE('',#6016,#6024,#6026,.T.);
#6024 = VERTEX_POINT('',#6025);
#6025 = CARTESIAN_POINT('',(4.04,-6.096,2.54));
#6026 = LINE('',#6027,#6028);
#6027 = CARTESIAN_POINT('',(4.04,-6.35,2.286));
#6028 = VECTOR('',#6029,1.);
#6029 = DIRECTION('',(0.,0.707106781187,0.707106781187));
#6030 = ORIENTED_EDGE('',*,*,#6031,.T.);
#6031 = EDGE_CURVE('',#6024,#6032,#6034,.T.);
#6032 = VERTEX_POINT('',#6033);
#6033 = CARTESIAN_POINT('',(4.04,-4.064,2.54));
#6034 = LINE('',#6035,#6036);
#6035 = CARTESIAN_POINT('',(4.04,-6.096,2.54));
#6036 = VECTOR('',#6037,1.);
#6037 = DIRECTION('',(0.,1.,0.));
#6038 = ORIENTED_EDGE('',*,*,#6039,.T.);
#6039 = EDGE_CURVE('',#6032,#6040,#6042,.T.);
#6040 = VERTEX_POINT('',#6041);
#6041 = CARTESIAN_POINT('',(4.04,-3.81,2.286));
#6042 = LINE('',#6043,#6044);
#6043 = CARTESIAN_POINT('',(4.04,-4.064,2.54));
#6044 = VECTOR('',#6045,1.);
#6045 = DIRECTION('',(0.,0.707106781187,-0.707106781187));
#6046 = ORIENTED_EDGE('',*,*,#6047,.T.);
#6047 = EDGE_CURVE('',#6040,#6048,#6050,.T.);
#6048 = VERTEX_POINT('',#6049);
#6049 = CARTESIAN_POINT('',(4.04,-3.556,2.54));
#6050 = LINE('',#6051,#6052);
#6051 = CARTESIAN_POINT('',(4.04,-3.81,2.286));
#6052 = VECTOR('',#6053,1.);
#6053 = DIRECTION('',(0.,0.707106781187,0.707106781187));
#6054 = ORIENTED_EDGE('',*,*,#6055,.T.);
#6055 = EDGE_CURVE('',#6048,#6056,#6058,.T.);
#6056 = VERTEX_POINT('',#6057);
#6057 = CARTESIAN_POINT('',(4.04,-1.524,2.54));
#6058 = LINE('',#6059,#6060);
#6059 = CARTESIAN_POINT('',(4.04,-3.556,2.54));
#6060 = VECTOR('',#6061,1.);
#6061 = DIRECTION('',(0.,1.,0.));
#6062 = ORIENTED_EDGE('',*,*,#6063,.T.);
#6063 = EDGE_CURVE('',#6056,#6064,#6066,.T.);
#6064 = VERTEX_POINT('',#6065);
#6065 = CARTESIAN_POINT('',(4.04,-1.27,2.286));
#6066 = LINE('',#6067,#6068);
#6067 = CARTESIAN_POINT('',(4.04,-1.524,2.54));
#6068 = VECTOR('',#6069,1.);
#6069 = DIRECTION('',(0.,0.707106781187,-0.707106781187));
#6070 = ORIENTED_EDGE('',*,*,#6071,.T.);
#6071 = EDGE_CURVE('',#6064,#6072,#6074,.T.);
#6072 = VERTEX_POINT('',#6073);
#6073 = CARTESIAN_POINT('',(4.04,-1.016,2.54));
#6074 = LINE('',#6075,#6076);
#6075 = CARTESIAN_POINT('',(4.04,-1.27,2.286));
#6076 = VECTOR('',#6077,1.);
#6077 = DIRECTION('',(0.,0.707106781187,0.707106781187));
#6078 = ORIENTED_EDGE('',*,*,#6079,.T.);
#6079 = EDGE_CURVE('',#6072,#6080,#6082,.T.);
#6080 = VERTEX_POINT('',#6081);
#6081 = CARTESIAN_POINT('',(4.04,1.016,2.54));
#6082 = LINE('',#6083,#6084);
#6083 = CARTESIAN_POINT('',(4.04,-1.016,2.54));
#6084 = VECTOR('',#6085,1.);
#6085 = DIRECTION('',(0.,1.,0.));
#6086 = ORIENTED_EDGE('',*,*,#6087,.T.);
#6087 = EDGE_CURVE('',#6080,#5131,#6088,.T.);
#6088 = LINE('',#6089,#6090);
#6089 = CARTESIAN_POINT('',(4.04,1.016,2.54));
#6090 = VECTOR('',#6091,1.);
#6091 = DIRECTION('',(0.,0.707106781187,-0.707106781187));
#6092 = ORIENTED_EDGE('',*,*,#5138,.T.);
#6093 = FACE_BOUND('',#6094,.F.);
#6094 = EDGE_LOOP('',(#6095,#6105,#6113,#6121));
#6095 = ORIENTED_EDGE('',*,*,#6096,.F.);
#6096 = EDGE_CURVE('',#6097,#6099,#6101,.T.);
#6097 = VERTEX_POINT('',#6098);
#6098 = CARTESIAN_POINT('',(4.04,-12.38,0.95));
#6099 = VERTEX_POINT('',#6100);
#6100 = CARTESIAN_POINT('',(4.04,-13.02,0.95));
#6101 = LINE('',#6102,#6103);
#6102 = CARTESIAN_POINT('',(4.04,-10.,0.95));
#6103 = VECTOR('',#6104,1.);
#6104 = DIRECTION('',(-2.83386182596E-32,-1.,0.));
#6105 = ORIENTED_EDGE('',*,*,#6106,.F.);
#6106 = EDGE_CURVE('',#6107,#6097,#6109,.T.);
#6107 = VERTEX_POINT('',#6108);
#6108 = CARTESIAN_POINT('',(4.04,-12.38,1.59));
#6109 = LINE('',#6110,#6111);
#6110 = CARTESIAN_POINT('',(4.04,-12.38,0.924540133779));
#6111 = VECTOR('',#6112,1.);
#6112 = DIRECTION('',(-1.232929513271E-31,6.630961875715E-34,-1.));
#6113 = ORIENTED_EDGE('',*,*,#6114,.F.);
#6114 = EDGE_CURVE('',#6115,#6107,#6117,.T.);
#6115 = VERTEX_POINT('',#6116);
#6116 = CARTESIAN_POINT('',(4.04,-13.02,1.59));
#6117 = LINE('',#6118,#6119);
#6118 = CARTESIAN_POINT('',(4.04,-10.,1.59));
#6119 = VECTOR('',#6120,1.);
#6120 = DIRECTION('',(2.83386182596E-32,1.,6.073781173334E-49));
#6121 = ORIENTED_EDGE('',*,*,#6122,.T.);
#6122 = EDGE_CURVE('',#6115,#6099,#6123,.T.);
#6123 = LINE('',#6124,#6125);
#6124 = CARTESIAN_POINT('',(4.04,-13.02,0.924540133779));
#6125 = VECTOR('',#6126,1.);
#6126 = DIRECTION('',(-1.232929513271E-31,6.630961875715E-34,-1.));
#6127 = FACE_BOUND('',#6128,.F.);
#6128 = EDGE_LOOP('',(#6129,#6139,#6147,#6155));
#6129 = ORIENTED_EDGE('',*,*,#6130,.F.);
#6130 = EDGE_CURVE('',#6131,#6133,#6135,.T.);
#6131 = VERTEX_POINT('',#6132);
#6132 = CARTESIAN_POINT('',(4.04,-9.84,1.59));
#6133 = VERTEX_POINT('',#6134);
#6134 = CARTESIAN_POINT('',(4.04,-9.84,0.95));
#6135 = LINE('',#6136,#6137);
#6136 = CARTESIAN_POINT('',(4.04,-9.84,0.924540133779));
#6137 = VECTOR('',#6138,1.);
#6138 = DIRECTION('',(-1.232929513271E-31,6.630961875715E-34,-1.));
#6139 = ORIENTED_EDGE('',*,*,#6140,.F.);
#6140 = EDGE_CURVE('',#6141,#6131,#6143,.T.);
#6141 = VERTEX_POINT('',#6142);
#6142 = CARTESIAN_POINT('',(4.04,-10.48,1.59));
#6143 = LINE('',#6144,#6145);
#6144 = CARTESIAN_POINT('',(4.04,-8.73,1.59));
#6145 = VECTOR('',#6146,1.);
#6146 = DIRECTION('',(2.83386182596E-32,1.,6.073781173334E-49));
#6147 = ORIENTED_EDGE('',*,*,#6148,.T.);
#6148 = EDGE_CURVE('',#6141,#6149,#6151,.T.);
#6149 = VERTEX_POINT('',#6150);
#6150 = CARTESIAN_POINT('',(4.04,-10.48,0.95));
#6151 = LINE('',#6152,#6153);
#6152 = CARTESIAN_POINT('',(4.04,-10.48,0.924540133779));
#6153 = VECTOR('',#6154,1.);
#6154 = DIRECTION('',(-1.232929513271E-31,6.630961875715E-34,-1.));
#6155 = ORIENTED_EDGE('',*,*,#6156,.F.);
#6156 = EDGE_CURVE('',#6133,#6149,#6157,.T.);
#6157 = LINE('',#6158,#6159);
#6158 = CARTESIAN_POINT('',(4.04,-8.73,0.95));
#6159 = VECTOR('',#6160,1.);
#6160 = DIRECTION('',(-2.83386182596E-32,-1.,0.));
#6161 = FACE_BOUND('',#6162,.F.);
#6162 = EDGE_LOOP('',(#6163,#6173,#6181,#6189));
#6163 = ORIENTED_EDGE('',*,*,#6164,.F.);
#6164 = EDGE_CURVE('',#6165,#6167,#6169,.T.);
#6165 = VERTEX_POINT('',#6166);
#6166 = CARTESIAN_POINT('',(4.04,-7.94,1.59));
#6167 = VERTEX_POINT('',#6168);
#6168 = CARTESIAN_POINT('',(4.04,-7.3,1.59));
#6169 = LINE('',#6170,#6171);
#6170 = CARTESIAN_POINT('',(4.04,-7.46,1.59));
#6171 = VECTOR('',#6172,1.);
#6172 = DIRECTION('',(2.83386182596E-32,1.,6.073781173334E-49));
#6173 = ORIENTED_EDGE('',*,*,#6174,.T.);
#6174 = EDGE_CURVE('',#6165,#6175,#6177,.T.);
#6175 = VERTEX_POINT('',#6176);
#6176 = CARTESIAN_POINT('',(4.04,-7.94,0.95));
#6177 = LINE('',#6178,#6179);
#6178 = CARTESIAN_POINT('',(4.04,-7.94,0.924540133779));
#6179 = VECTOR('',#6180,1.);
#6180 = DIRECTION('',(-1.232929513271E-31,6.630961875715E-34,-1.));
#6181 = ORIENTED_EDGE('',*,*,#6182,.F.);
#6182 = EDGE_CURVE('',#6183,#6175,#6185,.T.);
#6183 = VERTEX_POINT('',#6184);
#6184 = CARTESIAN_POINT('',(4.04,-7.3,0.95));
#6185 = LINE('',#6186,#6187);
#6186 = CARTESIAN_POINT('',(4.04,-7.46,0.95));
#6187 = VECTOR('',#6188,1.);
#6188 = DIRECTION('',(-2.83386182596E-32,-1.,0.));
#6189 = ORIENTED_EDGE('',*,*,#6190,.F.);
#6190 = EDGE_CURVE('',#6167,#6183,#6191,.T.);
#6191 = LINE('',#6192,#6193);
#6192 = CARTESIAN_POINT('',(4.04,-7.3,0.924540133779));
#6193 = VECTOR('',#6194,1.);
#6194 = DIRECTION('',(-1.232929513271E-31,6.630961875715E-34,-1.));
#6195 = FACE_BOUND('',#6196,.F.);
#6196 = EDGE_LOOP('',(#6197,#6207,#6215,#6223));
#6197 = ORIENTED_EDGE('',*,*,#6198,.F.);
#6198 = EDGE_CURVE('',#6199,#6201,#6203,.T.);
#6199 = VERTEX_POINT('',#6200);
#6200 = CARTESIAN_POINT('',(4.04,0.32,1.59));
#6201 = VERTEX_POINT('',#6202);
#6202 = CARTESIAN_POINT('',(4.04,0.32,0.95));
#6203 = LINE('',#6204,#6205);
#6204 = CARTESIAN_POINT('',(4.04,0.32,0.924540133779));
#6205 = VECTOR('',#6206,1.);
#6206 = DIRECTION('',(-1.232929513271E-31,6.630961875715E-34,-1.));
#6207 = ORIENTED_EDGE('',*,*,#6208,.F.);
#6208 = EDGE_CURVE('',#6209,#6199,#6211,.T.);
#6209 = VERTEX_POINT('',#6210);
#6210 = CARTESIAN_POINT('',(4.04,-0.32,1.59));
#6211 = LINE('',#6212,#6213);
#6212 = CARTESIAN_POINT('',(4.04,-3.65,1.59));
#6213 = VECTOR('',#6214,1.);
#6214 = DIRECTION('',(2.83386182596E-32,1.,6.073781173334E-49));
#6215 = ORIENTED_EDGE('',*,*,#6216,.T.);
#6216 = EDGE_CURVE('',#6209,#6217,#6219,.T.);
#6217 = VERTEX_POINT('',#6218);
#6218 = CARTESIAN_POINT('',(4.04,-0.32,0.95));
#6219 = LINE('',#6220,#6221);
#6220 = CARTESIAN_POINT('',(4.04,-0.32,0.924540133779));
#6221 = VECTOR('',#6222,1.);
#6222 = DIRECTION('',(-1.232929513271E-31,6.630961875715E-34,-1.));
#6223 = ORIENTED_EDGE('',*,*,#6224,.F.);
#6224 = EDGE_CURVE('',#6201,#6217,#6225,.T.);
#6225 = LINE('',#6226,#6227);
#6226 = CARTESIAN_POINT('',(4.04,-3.65,0.95));
#6227 = VECTOR('',#6228,1.);
#6228 = DIRECTION('',(-2.83386182596E-32,-1.,0.));
#6229 = FACE_BOUND('',#6230,.F.);
#6230 = EDGE_LOOP('',(#6231,#6241,#6249,#6257));
#6231 = ORIENTED_EDGE('',*,*,#6232,.F.);
#6232 = EDGE_CURVE('',#6233,#6235,#6237,.T.);
#6233 = VERTEX_POINT('',#6234);
#6234 = CARTESIAN_POINT('',(4.04,-5.4,1.59));
#6235 = VERTEX_POINT('',#6236);
#6236 = CARTESIAN_POINT('',(4.04,-4.76,1.59));
#6237 = LINE('',#6238,#6239);
#6238 = CARTESIAN_POINT('',(4.04,-6.19,1.59));
#6239 = VECTOR('',#6240,1.);
#6240 = DIRECTION('',(2.83386182596E-32,1.,6.073781173334E-49));
#6241 = ORIENTED_EDGE('',*,*,#6242,.T.);
#6242 = EDGE_CURVE('',#6233,#6243,#6245,.T.);
#6243 = VERTEX_POINT('',#6244);
#6244 = CARTESIAN_POINT('',(4.04,-5.4,0.95));
#6245 = LINE('',#6246,#6247);
#6246 = CARTESIAN_POINT('',(4.04,-5.4,0.924540133779));
#6247 = VECTOR('',#6248,1.);
#6248 = DIRECTION('',(-1.232929513271E-31,6.630961875715E-34,-1.));
#6249 = ORIENTED_EDGE('',*,*,#6250,.F.);
#6250 = EDGE_CURVE('',#6251,#6243,#6253,.T.);
#6251 = VERTEX_POINT('',#6252);
#6252 = CARTESIAN_POINT('',(4.04,-4.76,0.95));
#6253 = LINE('',#6254,#6255);
#6254 = CARTESIAN_POINT('',(4.04,-6.19,0.95));
#6255 = VECTOR('',#6256,1.);
#6256 = DIRECTION('',(-2.83386182596E-32,-1.,0.));
#6257 = ORIENTED_EDGE('',*,*,#6258,.F.);
#6258 = EDGE_CURVE('',#6235,#6251,#6259,.T.);
#6259 = LINE('',#6260,#6261);
#6260 = CARTESIAN_POINT('',(4.04,-4.76,0.924540133779));
#6261 = VECTOR('',#6262,1.);
#6262 = DIRECTION('',(-1.232929513271E-31,6.630961875715E-34,-1.));
#6263 = FACE_BOUND('',#6264,.F.);
#6264 = EDGE_LOOP('',(#6265,#6275,#6283,#6291));
#6265 = ORIENTED_EDGE('',*,*,#6266,.F.);
#6266 = EDGE_CURVE('',#6267,#6269,#6271,.T.);
#6267 = VERTEX_POINT('',#6268);
#6268 = CARTESIAN_POINT('',(4.04,-2.22,1.59));
#6269 = VERTEX_POINT('',#6270);
#6270 = CARTESIAN_POINT('',(4.04,-2.22,0.95));
#6271 = LINE('',#6272,#6273);
#6272 = CARTESIAN_POINT('',(4.04,-2.22,0.924540133779));
#6273 = VECTOR('',#6274,1.);
#6274 = DIRECTION('',(-1.232929513271E-31,6.630961875715E-34,-1.));
#6275 = ORIENTED_EDGE('',*,*,#6276,.F.);
#6276 = EDGE_CURVE('',#6277,#6267,#6279,.T.);
#6277 = VERTEX_POINT('',#6278);
#6278 = CARTESIAN_POINT('',(4.04,-2.86,1.59));
#6279 = LINE('',#6280,#6281);
#6280 = CARTESIAN_POINT('',(4.04,-4.92,1.59));
#6281 = VECTOR('',#6282,1.);
#6282 = DIRECTION('',(2.83386182596E-32,1.,6.073781173334E-49));
#6283 = ORIENTED_EDGE('',*,*,#6284,.T.);
#6284 = EDGE_CURVE('',#6277,#6285,#6287,.T.);
#6285 = VERTEX_POINT('',#6286);
#6286 = CARTESIAN_POINT('',(4.04,-2.86,0.95));
#6287 = LINE('',#6288,#6289);
#6288 = CARTESIAN_POINT('',(4.04,-2.86,0.924540133779));
#6289 = VECTOR('',#6290,1.);
#6290 = DIRECTION('',(-1.232929513271E-31,6.630961875715E-34,-1.));
#6291 = ORIENTED_EDGE('',*,*,#6292,.F.);
#6292 = EDGE_CURVE('',#6269,#6285,#6293,.T.);
#6293 = LINE('',#6294,#6295);
#6294 = CARTESIAN_POINT('',(4.04,-4.92,0.95));
#6295 = VECTOR('',#6296,1.);
#6296 = DIRECTION('',(-2.83386182596E-32,-1.,0.));
#6297 = FACE_BOUND('',#6298,.F.);
#6298 = EDGE_LOOP('',(#6299,#6309,#6317,#6325));
#6299 = ORIENTED_EDGE('',*,*,#6300,.F.);
#6300 = EDGE_CURVE('',#6301,#6303,#6305,.T.);
#6301 = VERTEX_POINT('',#6302);
#6302 = CARTESIAN_POINT('',(4.04,-15.56,1.59));
#6303 = VERTEX_POINT('',#6304);
#6304 = CARTESIAN_POINT('',(4.04,-14.92,1.59));
#6305 = LINE('',#6306,#6307);
#6306 = CARTESIAN_POINT('',(4.04,-11.27,1.59));
#6307 = VECTOR('',#6308,1.);
#6308 = DIRECTION('',(2.83386182596E-32,1.,6.073781173334E-49));
#6309 = ORIENTED_EDGE('',*,*,#6310,.T.);
#6310 = EDGE_CURVE('',#6301,#6311,#6313,.T.);
#6311 = VERTEX_POINT('',#6312);
#6312 = CARTESIAN_POINT('',(4.04,-15.56,0.95));
#6313 = LINE('',#6314,#6315);
#6314 = CARTESIAN_POINT('',(4.04,-15.56,0.924540133779));
#6315 = VECTOR('',#6316,1.);
#6316 = DIRECTION('',(-1.232929513271E-31,6.630961875715E-34,-1.));
#6317 = ORIENTED_EDGE('',*,*,#6318,.F.);
#6318 = EDGE_CURVE('',#6319,#6311,#6321,.T.);
#6319 = VERTEX_POINT('',#6320);
#6320 = CARTESIAN_POINT('',(4.04,-14.92,0.95));
#6321 = LINE('',#6322,#6323);
#6322 = CARTESIAN_POINT('',(4.04,-11.27,0.95));
#6323 = VECTOR('',#6324,1.);
#6324 = DIRECTION('',(-2.83386182596E-32,-1.,0.));
#6325 = ORIENTED_EDGE('',*,*,#6326,.F.);
#6326 = EDGE_CURVE('',#6303,#6319,#6327,.T.);
#6327 = LINE('',#6328,#6329);
#6328 = CARTESIAN_POINT('',(4.04,-14.92,0.924540133779));
#6329 = VECTOR('',#6330,1.);
#6330 = DIRECTION('',(-1.232929513271E-31,6.630961875715E-34,-1.));
#6331 = PLANE('',#6332);
#6332 = AXIS2_PLACEMENT_3D('',#6333,#6334,#6335);
#6333 = CARTESIAN_POINT('',(4.04,-7.62,1.27));
#6334 = DIRECTION('',(-1.,2.83386182596E-32,1.232929513271E-31));
#6335 = DIRECTION('',(-1.232929513271E-31,0.,-1.));
#6336 = ADVANCED_FACE('',(#6337),#6348,.T.);
#6337 = FACE_BOUND('',#6338,.T.);
#6338 = EDGE_LOOP('',(#6339,#6345,#6346,#6347));
#6339 = ORIENTED_EDGE('',*,*,#6340,.T.);
#6340 = EDGE_CURVE('',#5505,#6080,#6341,.T.);
#6341 = LINE('',#6342,#6343);
#6342 = CARTESIAN_POINT('',(1.5,1.016,2.54));
#6343 = VECTOR('',#6344,1.);
#6344 = DIRECTION('',(1.,0.,0.));
#6345 = ORIENTED_EDGE('',*,*,#6087,.T.);
#6346 = ORIENTED_EDGE('',*,*,#5128,.F.);
#6347 = ORIENTED_EDGE('',*,*,#5512,.F.);
#6348 = PLANE('',#6349);
#6349 = AXIS2_PLACEMENT_3D('',#6350,#6351,#6352);
#6350 = CARTESIAN_POINT('',(1.5,1.016,2.54));
#6351 = DIRECTION('',(0.,0.707106781187,0.707106781187));
#6352 = DIRECTION('',(0.,0.707106781187,-0.707106781187));
#6353 = ADVANCED_FACE('',(#6354),#6365,.T.);
#6354 = FACE_BOUND('',#6355,.T.);
#6355 = EDGE_LOOP('',(#6356,#6357,#6358,#6364));
#6356 = ORIENTED_EDGE('',*,*,#5168,.T.);
#6357 = ORIENTED_EDGE('',*,*,#5767,.T.);
#6358 = ORIENTED_EDGE('',*,*,#6359,.F.);
#6359 = EDGE_CURVE('',#5193,#5768,#6360,.T.);
#6360 = LINE('',#6361,#6362);
#6361 = CARTESIAN_POINT('',(1.5,-1.27,0.254));
#6362 = VECTOR('',#6363,1.);
#6363 = DIRECTION('',(1.,0.,0.));
#6364 = ORIENTED_EDGE('',*,*,#5192,.F.);
#6365 = PLANE('',#6366);
#6366 = AXIS2_PLACEMENT_3D('',#6367,#6368,#6369);
#6367 = CARTESIAN_POINT('',(1.5,-1.016,0.));
#6368 = DIRECTION('',(-0.,-0.707106781187,-0.707106781187));
#6369 = DIRECTION('',(0.,-0.707106781187,0.707106781187));
#6370 = ADVANCED_FACE('',(#6371),#6382,.T.);
#6371 = FACE_BOUND('',#6372,.T.);
#6372 = EDGE_LOOP('',(#6373,#6379,#6380,#6381));
#6373 = ORIENTED_EDGE('',*,*,#6374,.T.);
#6374 = EDGE_CURVE('',#5497,#6072,#6375,.T.);
#6375 = LINE('',#6376,#6377);
#6376 = CARTESIAN_POINT('',(1.5,-1.016,2.54));
#6377 = VECTOR('',#6378,1.);
#6378 = DIRECTION('',(1.,0.,0.));
#6379 = ORIENTED_EDGE('',*,*,#6079,.T.);
#6380 = ORIENTED_EDGE('',*,*,#6340,.F.);
#6381 = ORIENTED_EDGE('',*,*,#5504,.F.);
#6382 = PLANE('',#6383);
#6383 = AXIS2_PLACEMENT_3D('',#6384,#6385,#6386);
#6384 = CARTESIAN_POINT('',(1.5,-1.016,2.54));
#6385 = DIRECTION('',(0.,0.,1.));
#6386 = DIRECTION('',(0.,1.,0.));
#6387 = ADVANCED_FACE('',(#6388),#6399,.T.);
#6388 = FACE_BOUND('',#6389,.T.);
#6389 = EDGE_LOOP('',(#6390,#6391,#6392,#6398));
#6390 = ORIENTED_EDGE('',*,*,#6359,.T.);
#6391 = ORIENTED_EDGE('',*,*,#5775,.T.);
#6392 = ORIENTED_EDGE('',*,*,#6393,.F.);
#6393 = EDGE_CURVE('',#5201,#5776,#6394,.T.);
#6394 = LINE('',#6395,#6396);
#6395 = CARTESIAN_POINT('',(1.5,-1.524,0.));
#6396 = VECTOR('',#6397,1.);
#6397 = DIRECTION('',(1.,0.,0.));
#6398 = ORIENTED_EDGE('',*,*,#5200,.F.);
#6399 = PLANE('',#6400);
#6400 = AXIS2_PLACEMENT_3D('',#6401,#6402,#6403);
#6401 = CARTESIAN_POINT('',(1.5,-1.27,0.254));
#6402 = DIRECTION('',(0.,0.707106781187,-0.707106781187));
#6403 = DIRECTION('',(0.,-0.707106781187,-0.707106781187));
#6404 = ADVANCED_FACE('',(#6405),#6416,.T.);
#6405 = FACE_BOUND('',#6406,.T.);
#6406 = EDGE_LOOP('',(#6407,#6413,#6414,#6415));
#6407 = ORIENTED_EDGE('',*,*,#6408,.T.);
#6408 = EDGE_CURVE('',#5489,#6064,#6409,.T.);
#6409 = LINE('',#6410,#6411);
#6410 = CARTESIAN_POINT('',(1.5,-1.27,2.286));
#6411 = VECTOR('',#6412,1.);
#6412 = DIRECTION('',(1.,0.,0.));
#6413 = ORIENTED_EDGE('',*,*,#6071,.T.);
#6414 = ORIENTED_EDGE('',*,*,#6374,.F.);
#6415 = ORIENTED_EDGE('',*,*,#5496,.F.);
#6416 = PLANE('',#6417);
#6417 = AXIS2_PLACEMENT_3D('',#6418,#6419,#6420);
#6418 = CARTESIAN_POINT('',(1.5,-1.27,2.286));
#6419 = DIRECTION('',(0.,-0.707106781187,0.707106781187));
#6420 = DIRECTION('',(0.,0.707106781187,0.707106781187));
#6421 = ADVANCED_FACE('',(#6422),#6433,.T.);
#6422 = FACE_BOUND('',#6423,.T.);
#6423 = EDGE_LOOP('',(#6424,#6425,#6426,#6432));
#6424 = ORIENTED_EDGE('',*,*,#6393,.T.);
#6425 = ORIENTED_EDGE('',*,*,#5783,.T.);
#6426 = ORIENTED_EDGE('',*,*,#6427,.F.);
#6427 = EDGE_CURVE('',#5209,#5784,#6428,.T.);
#6428 = LINE('',#6429,#6430);
#6429 = CARTESIAN_POINT('',(1.5,-3.556,0.));
#6430 = VECTOR('',#6431,1.);
#6431 = DIRECTION('',(1.,0.,0.));
#6432 = ORIENTED_EDGE('',*,*,#5208,.F.);
#6433 = PLANE('',#6434);
#6434 = AXIS2_PLACEMENT_3D('',#6435,#6436,#6437);
#6435 = CARTESIAN_POINT('',(1.5,-1.524,0.));
#6436 = DIRECTION('',(-0.,-0.,-1.));
#6437 = DIRECTION('',(0.,-1.,0.));
#6438 = ADVANCED_FACE('',(#6439),#6450,.T.);
#6439 = FACE_BOUND('',#6440,.T.);
#6440 = EDGE_LOOP('',(#6441,#6447,#6448,#6449));
#6441 = ORIENTED_EDGE('',*,*,#6442,.T.);
#6442 = EDGE_CURVE('',#5481,#6056,#6443,.T.);
#6443 = LINE('',#6444,#6445);
#6444 = CARTESIAN_POINT('',(1.5,-1.524,2.54));
#6445 = VECTOR('',#6446,1.);
#6446 = DIRECTION('',(1.,0.,0.));
#6447 = ORIENTED_EDGE('',*,*,#6063,.T.);
#6448 = ORIENTED_EDGE('',*,*,#6408,.F.);
#6449 = ORIENTED_EDGE('',*,*,#5488,.F.);
#6450 = PLANE('',#6451);
#6451 = AXIS2_PLACEMENT_3D('',#6452,#6453,#6454);
#6452 = CARTESIAN_POINT('',(1.5,-1.524,2.54));
#6453 = DIRECTION('',(0.,0.707106781187,0.707106781187));
#6454 = DIRECTION('',(0.,0.707106781187,-0.707106781187));
#6455 = ADVANCED_FACE('',(#6456),#6467,.T.);
#6456 = FACE_BOUND('',#6457,.T.);
#6457 = EDGE_LOOP('',(#6458,#6459,#6460,#6466));
#6458 = ORIENTED_EDGE('',*,*,#6427,.T.);
#6459 = ORIENTED_EDGE('',*,*,#5791,.T.);
#6460 = ORIENTED_EDGE('',*,*,#6461,.F.);
#6461 = EDGE_CURVE('',#5217,#5792,#6462,.T.);
#6462 = LINE('',#6463,#6464);
#6463 = CARTESIAN_POINT('',(1.5,-3.81,0.254));
#6464 = VECTOR('',#6465,1.);
#6465 = DIRECTION('',(1.,0.,0.));
#6466 = ORIENTED_EDGE('',*,*,#5216,.F.);
#6467 = PLANE('',#6468);
#6468 = AXIS2_PLACEMENT_3D('',#6469,#6470,#6471);
#6469 = CARTESIAN_POINT('',(1.5,-3.556,0.));
#6470 = DIRECTION('',(-0.,-0.707106781187,-0.707106781187));
#6471 = DIRECTION('',(0.,-0.707106781187,0.707106781187));
#6472 = ADVANCED_FACE('',(#6473),#6484,.T.);
#6473 = FACE_BOUND('',#6474,.T.);
#6474 = EDGE_LOOP('',(#6475,#6481,#6482,#6483));
#6475 = ORIENTED_EDGE('',*,*,#6476,.T.);
#6476 = EDGE_CURVE('',#5473,#6048,#6477,.T.);
#6477 = LINE('',#6478,#6479);
#6478 = CARTESIAN_POINT('',(1.5,-3.556,2.54));
#6479 = VECTOR('',#6480,1.);
#6480 = DIRECTION('',(1.,0.,0.));
#6481 = ORIENTED_EDGE('',*,*,#6055,.T.);
#6482 = ORIENTED_EDGE('',*,*,#6442,.F.);
#6483 = ORIENTED_EDGE('',*,*,#5480,.F.);
#6484 = PLANE('',#6485);
#6485 = AXIS2_PLACEMENT_3D('',#6486,#6487,#6488);
#6486 = CARTESIAN_POINT('',(1.5,-3.556,2.54));
#6487 = DIRECTION('',(0.,0.,1.));
#6488 = DIRECTION('',(0.,1.,0.));
#6489 = ADVANCED_FACE('',(#6490),#6501,.T.);
#6490 = FACE_BOUND('',#6491,.T.);
#6491 = EDGE_LOOP('',(#6492,#6493,#6494,#6500));
#6492 = ORIENTED_EDGE('',*,*,#6461,.T.);
#6493 = ORIENTED_EDGE('',*,*,#5799,.T.);
#6494 = ORIENTED_EDGE('',*,*,#6495,.F.);
#6495 = EDGE_CURVE('',#5225,#5800,#6496,.T.);
#6496 = LINE('',#6497,#6498);
#6497 = CARTESIAN_POINT('',(1.5,-4.064,0.));
#6498 = VECTOR('',#6499,1.);
#6499 = DIRECTION('',(1.,0.,0.));
#6500 = ORIENTED_EDGE('',*,*,#5224,.F.);
#6501 = PLANE('',#6502);
#6502 = AXIS2_PLACEMENT_3D('',#6503,#6504,#6505);
#6503 = CARTESIAN_POINT('',(1.5,-3.81,0.254));
#6504 = DIRECTION('',(0.,0.707106781187,-0.707106781187));
#6505 = DIRECTION('',(0.,-0.707106781187,-0.707106781187));
#6506 = ADVANCED_FACE('',(#6507),#6518,.T.);
#6507 = FACE_BOUND('',#6508,.T.);
#6508 = EDGE_LOOP('',(#6509,#6515,#6516,#6517));
#6509 = ORIENTED_EDGE('',*,*,#6510,.T.);
#6510 = EDGE_CURVE('',#5465,#6040,#6511,.T.);
#6511 = LINE('',#6512,#6513);
#6512 = CARTESIAN_POINT('',(1.5,-3.81,2.286));
#6513 = VECTOR('',#6514,1.);
#6514 = DIRECTION('',(1.,0.,0.));
#6515 = ORIENTED_EDGE('',*,*,#6047,.T.);
#6516 = ORIENTED_EDGE('',*,*,#6476,.F.);
#6517 = ORIENTED_EDGE('',*,*,#5472,.F.);
#6518 = PLANE('',#6519);
#6519 = AXIS2_PLACEMENT_3D('',#6520,#6521,#6522);
#6520 = CARTESIAN_POINT('',(1.5,-3.81,2.286));
#6521 = DIRECTION('',(0.,-0.707106781187,0.707106781187));
#6522 = DIRECTION('',(0.,0.707106781187,0.707106781187));
#6523 = ADVANCED_FACE('',(#6524),#6535,.T.);
#6524 = FACE_BOUND('',#6525,.T.);
#6525 = EDGE_LOOP('',(#6526,#6527,#6528,#6534));
#6526 = ORIENTED_EDGE('',*,*,#6495,.T.);
#6527 = ORIENTED_EDGE('',*,*,#5807,.T.);
#6528 = ORIENTED_EDGE('',*,*,#6529,.F.);
#6529 = EDGE_CURVE('',#5233,#5808,#6530,.T.);
#6530 = LINE('',#6531,#6532);
#6531 = CARTESIAN_POINT('',(1.5,-6.096,0.));
#6532 = VECTOR('',#6533,1.);
#6533 = DIRECTION('',(1.,0.,0.));
#6534 = ORIENTED_EDGE('',*,*,#5232,.F.);
#6535 = PLANE('',#6536);
#6536 = AXIS2_PLACEMENT_3D('',#6537,#6538,#6539);
#6537 = CARTESIAN_POINT('',(1.5,-4.064,0.));
#6538 = DIRECTION('',(-0.,-0.,-1.));
#6539 = DIRECTION('',(0.,-1.,0.));
#6540 = ADVANCED_FACE('',(#6541),#6552,.T.);
#6541 = FACE_BOUND('',#6542,.T.);
#6542 = EDGE_LOOP('',(#6543,#6549,#6550,#6551));
#6543 = ORIENTED_EDGE('',*,*,#6544,.T.);
#6544 = EDGE_CURVE('',#5457,#6032,#6545,.T.);
#6545 = LINE('',#6546,#6547);
#6546 = CARTESIAN_POINT('',(1.5,-4.064,2.54));
#6547 = VECTOR('',#6548,1.);
#6548 = DIRECTION('',(1.,0.,0.));
#6549 = ORIENTED_EDGE('',*,*,#6039,.T.);
#6550 = ORIENTED_EDGE('',*,*,#6510,.F.);
#6551 = ORIENTED_EDGE('',*,*,#5464,.F.);
#6552 = PLANE('',#6553);
#6553 = AXIS2_PLACEMENT_3D('',#6554,#6555,#6556);
#6554 = CARTESIAN_POINT('',(1.5,-4.064,2.54));
#6555 = DIRECTION('',(0.,0.707106781187,0.707106781187));
#6556 = DIRECTION('',(0.,0.707106781187,-0.707106781187));
#6557 = ADVANCED_FACE('',(#6558),#6569,.T.);
#6558 = FACE_BOUND('',#6559,.T.);
#6559 = EDGE_LOOP('',(#6560,#6561,#6562,#6568));
#6560 = ORIENTED_EDGE('',*,*,#6529,.T.);
#6561 = ORIENTED_EDGE('',*,*,#5815,.T.);
#6562 = ORIENTED_EDGE('',*,*,#6563,.F.);
#6563 = EDGE_CURVE('',#5241,#5816,#6564,.T.);
#6564 = LINE('',#6565,#6566);
#6565 = CARTESIAN_POINT('',(1.5,-6.35,0.254));
#6566 = VECTOR('',#6567,1.);
#6567 = DIRECTION('',(1.,0.,0.));
#6568 = ORIENTED_EDGE('',*,*,#5240,.F.);
#6569 = PLANE('',#6570);
#6570 = AXIS2_PLACEMENT_3D('',#6571,#6572,#6573);
#6571 = CARTESIAN_POINT('',(1.5,-6.096,0.));
#6572 = DIRECTION('',(-0.,-0.707106781187,-0.707106781187));
#6573 = DIRECTION('',(0.,-0.707106781187,0.707106781187));
#6574 = ADVANCED_FACE('',(#6575),#6586,.T.);
#6575 = FACE_BOUND('',#6576,.T.);
#6576 = EDGE_LOOP('',(#6577,#6583,#6584,#6585));
#6577 = ORIENTED_EDGE('',*,*,#6578,.T.);
#6578 = EDGE_CURVE('',#5449,#6024,#6579,.T.);
#6579 = LINE('',#6580,#6581);
#6580 = CARTESIAN_POINT('',(1.5,-6.096,2.54));
#6581 = VECTOR('',#6582,1.);
#6582 = DIRECTION('',(1.,0.,0.));
#6583 = ORIENTED_EDGE('',*,*,#6031,.T.);
#6584 = ORIENTED_EDGE('',*,*,#6544,.F.);
#6585 = ORIENTED_EDGE('',*,*,#5456,.F.);
#6586 = PLANE('',#6587);
#6587 = AXIS2_PLACEMENT_3D('',#6588,#6589,#6590);
#6588 = CARTESIAN_POINT('',(1.5,-6.096,2.54));
#6589 = DIRECTION('',(0.,0.,1.));
#6590 = DIRECTION('',(0.,1.,0.));
#6591 = ADVANCED_FACE('',(#6592),#6603,.T.);
#6592 = FACE_BOUND('',#6593,.T.);
#6593 = EDGE_LOOP('',(#6594,#6595,#6596,#6602));
#6594 = ORIENTED_EDGE('',*,*,#6563,.T.);
#6595 = ORIENTED_EDGE('',*,*,#5823,.T.);
#6596 = ORIENTED_EDGE('',*,*,#6597,.F.);
#6597 = EDGE_CURVE('',#5249,#5824,#6598,.T.);
#6598 = LINE('',#6599,#6600);
#6599 = CARTESIAN_POINT('',(1.5,-6.604,0.));
#6600 = VECTOR('',#6601,1.);
#6601 = DIRECTION('',(1.,0.,0.));
#6602 = ORIENTED_EDGE('',*,*,#5248,.F.);
#6603 = PLANE('',#6604);
#6604 = AXIS2_PLACEMENT_3D('',#6605,#6606,#6607);
#6605 = CARTESIAN_POINT('',(1.5,-6.35,0.254));
#6606 = DIRECTION('',(0.,0.707106781187,-0.707106781187));
#6607 = DIRECTION('',(0.,-0.707106781187,-0.707106781187));
#6608 = ADVANCED_FACE('',(#6609),#6620,.T.);
#6609 = FACE_BOUND('',#6610,.T.);
#6610 = EDGE_LOOP('',(#6611,#6617,#6618,#6619));
#6611 = ORIENTED_EDGE('',*,*,#6612,.T.);
#6612 = EDGE_CURVE('',#5441,#6016,#6613,.T.);
#6613 = LINE('',#6614,#6615);
#6614 = CARTESIAN_POINT('',(1.5,-6.35,2.286));
#6615 = VECTOR('',#6616,1.);
#6616 = DIRECTION('',(1.,0.,0.));
#6617 = ORIENTED_EDGE('',*,*,#6023,.T.);
#6618 = ORIENTED_EDGE('',*,*,#6578,.F.);
#6619 = ORIENTED_EDGE('',*,*,#5448,.F.);
#6620 = PLANE('',#6621);
#6621 = AXIS2_PLACEMENT_3D('',#6622,#6623,#6624);
#6622 = CARTESIAN_POINT('',(1.5,-6.35,2.286));
#6623 = DIRECTION('',(0.,-0.707106781187,0.707106781187));
#6624 = DIRECTION('',(0.,0.707106781187,0.707106781187));
#6625 = ADVANCED_FACE('',(#6626),#6637,.T.);
#6626 = FACE_BOUND('',#6627,.T.);
#6627 = EDGE_LOOP('',(#6628,#6629,#6630,#6636));
#6628 = ORIENTED_EDGE('',*,*,#6597,.T.);
#6629 = ORIENTED_EDGE('',*,*,#5831,.T.);
#6630 = ORIENTED_EDGE('',*,*,#6631,.F.);
#6631 = EDGE_CURVE('',#5257,#5832,#6632,.T.);
#6632 = LINE('',#6633,#6634);
#6633 = CARTESIAN_POINT('',(1.5,-8.636,0.));
#6634 = VECTOR('',#6635,1.);
#6635 = DIRECTION('',(1.,0.,0.));
#6636 = ORIENTED_EDGE('',*,*,#5256,.F.);
#6637 = PLANE('',#6638);
#6638 = AXIS2_PLACEMENT_3D('',#6639,#6640,#6641);
#6639 = CARTESIAN_POINT('',(1.5,-6.604,0.));
#6640 = DIRECTION('',(-0.,-0.,-1.));
#6641 = DIRECTION('',(0.,-1.,0.));
#6642 = ADVANCED_FACE('',(#6643),#6654,.T.);
#6643 = FACE_BOUND('',#6644,.T.);
#6644 = EDGE_LOOP('',(#6645,#6651,#6652,#6653));
#6645 = ORIENTED_EDGE('',*,*,#6646,.T.);
#6646 = EDGE_CURVE('',#5433,#6008,#6647,.T.);
#6647 = LINE('',#6648,#6649);
#6648 = CARTESIAN_POINT('',(1.5,-6.604,2.54));
#6649 = VECTOR('',#6650,1.);
#6650 = DIRECTION('',(1.,0.,0.));
#6651 = ORIENTED_EDGE('',*,*,#6015,.T.);
#6652 = ORIENTED_EDGE('',*,*,#6612,.F.);
#6653 = ORIENTED_EDGE('',*,*,#5440,.F.);
#6654 = PLANE('',#6655);
#6655 = AXIS2_PLACEMENT_3D('',#6656,#6657,#6658);
#6656 = CARTESIAN_POINT('',(1.5,-6.604,2.54));
#6657 = DIRECTION('',(0.,0.707106781187,0.707106781187));
#6658 = DIRECTION('',(0.,0.707106781187,-0.707106781187));
#6659 = ADVANCED_FACE('',(#6660),#6671,.T.);
#6660 = FACE_BOUND('',#6661,.T.);
#6661 = EDGE_LOOP('',(#6662,#6663,#6664,#6670));
#6662 = ORIENTED_EDGE('',*,*,#6631,.T.);
#6663 = ORIENTED_EDGE('',*,*,#5839,.T.);
#6664 = ORIENTED_EDGE('',*,*,#6665,.F.);
#6665 = EDGE_CURVE('',#5265,#5840,#6666,.T.);
#6666 = LINE('',#6667,#6668);
#6667 = CARTESIAN_POINT('',(1.5,-8.89,0.254));
#6668 = VECTOR('',#6669,1.);
#6669 = DIRECTION('',(1.,0.,0.));
#6670 = ORIENTED_EDGE('',*,*,#5264,.F.);
#6671 = PLANE('',#6672);
#6672 = AXIS2_PLACEMENT_3D('',#6673,#6674,#6675);
#6673 = CARTESIAN_POINT('',(1.5,-8.636,0.));
#6674 = DIRECTION('',(-0.,-0.707106781187,-0.707106781187));
#6675 = DIRECTION('',(0.,-0.707106781187,0.707106781187));
#6676 = ADVANCED_FACE('',(#6677),#6688,.T.);
#6677 = FACE_BOUND('',#6678,.T.);
#6678 = EDGE_LOOP('',(#6679,#6685,#6686,#6687));
#6679 = ORIENTED_EDGE('',*,*,#6680,.T.);
#6680 = EDGE_CURVE('',#5425,#6000,#6681,.T.);
#6681 = LINE('',#6682,#6683);
#6682 = CARTESIAN_POINT('',(1.5,-8.636,2.54));
#6683 = VECTOR('',#6684,1.);
#6684 = DIRECTION('',(1.,0.,0.));
#6685 = ORIENTED_EDGE('',*,*,#6007,.T.);
#6686 = ORIENTED_EDGE('',*,*,#6646,.F.);
#6687 = ORIENTED_EDGE('',*,*,#5432,.F.);
#6688 = PLANE('',#6689);
#6689 = AXIS2_PLACEMENT_3D('',#6690,#6691,#6692);
#6690 = CARTESIAN_POINT('',(1.5,-8.636,2.54));
#6691 = DIRECTION('',(0.,0.,1.));
#6692 = DIRECTION('',(0.,1.,0.));
#6693 = ADVANCED_FACE('',(#6694),#6705,.T.);
#6694 = FACE_BOUND('',#6695,.T.);
#6695 = EDGE_LOOP('',(#6696,#6697,#6698,#6704));
#6696 = ORIENTED_EDGE('',*,*,#6665,.T.);
#6697 = ORIENTED_EDGE('',*,*,#5847,.T.);
#6698 = ORIENTED_EDGE('',*,*,#6699,.F.);
#6699 = EDGE_CURVE('',#5273,#5848,#6700,.T.);
#6700 = LINE('',#6701,#6702);
#6701 = CARTESIAN_POINT('',(1.5,-9.144,0.));
#6702 = VECTOR('',#6703,1.);
#6703 = DIRECTION('',(1.,0.,0.));
#6704 = ORIENTED_EDGE('',*,*,#5272,.F.);
#6705 = PLANE('',#6706);
#6706 = AXIS2_PLACEMENT_3D('',#6707,#6708,#6709);
#6707 = CARTESIAN_POINT('',(1.5,-8.89,0.254));
#6708 = DIRECTION('',(0.,0.707106781187,-0.707106781187));
#6709 = DIRECTION('',(0.,-0.707106781187,-0.707106781187));
#6710 = ADVANCED_FACE('',(#6711),#6722,.T.);
#6711 = FACE_BOUND('',#6712,.T.);
#6712 = EDGE_LOOP('',(#6713,#6719,#6720,#6721));
#6713 = ORIENTED_EDGE('',*,*,#6714,.T.);
#6714 = EDGE_CURVE('',#5417,#5992,#6715,.T.);
#6715 = LINE('',#6716,#6717);
#6716 = CARTESIAN_POINT('',(1.5,-8.89,2.286));
#6717 = VECTOR('',#6718,1.);
#6718 = DIRECTION('',(1.,0.,0.));
#6719 = ORIENTED_EDGE('',*,*,#5999,.T.);
#6720 = ORIENTED_EDGE('',*,*,#6680,.F.);
#6721 = ORIENTED_EDGE('',*,*,#5424,.F.);
#6722 = PLANE('',#6723);
#6723 = AXIS2_PLACEMENT_3D('',#6724,#6725,#6726);
#6724 = CARTESIAN_POINT('',(1.5,-8.89,2.286));
#6725 = DIRECTION('',(0.,-0.707106781187,0.707106781187));
#6726 = DIRECTION('',(0.,0.707106781187,0.707106781187));
#6727 = ADVANCED_FACE('',(#6728),#6739,.T.);
#6728 = FACE_BOUND('',#6729,.T.);
#6729 = EDGE_LOOP('',(#6730,#6731,#6732,#6738));
#6730 = ORIENTED_EDGE('',*,*,#6699,.T.);
#6731 = ORIENTED_EDGE('',*,*,#5855,.T.);
#6732 = ORIENTED_EDGE('',*,*,#6733,.F.);
#6733 = EDGE_CURVE('',#5281,#5856,#6734,.T.);
#6734 = LINE('',#6735,#6736);
#6735 = CARTESIAN_POINT('',(1.5,-11.176,0.));
#6736 = VECTOR('',#6737,1.);
#6737 = DIRECTION('',(1.,0.,0.));
#6738 = ORIENTED_EDGE('',*,*,#5280,.F.);
#6739 = PLANE('',#6740);
#6740 = AXIS2_PLACEMENT_3D('',#6741,#6742,#6743);
#6741 = CARTESIAN_POINT('',(1.5,-9.144,0.));
#6742 = DIRECTION('',(-0.,-0.,-1.));
#6743 = DIRECTION('',(0.,-1.,0.));
#6744 = ADVANCED_FACE('',(#6745),#6756,.T.);
#6745 = FACE_BOUND('',#6746,.T.);
#6746 = EDGE_LOOP('',(#6747,#6753,#6754,#6755));
#6747 = ORIENTED_EDGE('',*,*,#6748,.T.);
#6748 = EDGE_CURVE('',#5409,#5984,#6749,.T.);
#6749 = LINE('',#6750,#6751);
#6750 = CARTESIAN_POINT('',(1.5,-9.144,2.54));
#6751 = VECTOR('',#6752,1.);
#6752 = DIRECTION('',(1.,0.,0.));
#6753 = ORIENTED_EDGE('',*,*,#5991,.T.);
#6754 = ORIENTED_EDGE('',*,*,#6714,.F.);
#6755 = ORIENTED_EDGE('',*,*,#5416,.F.);
#6756 = PLANE('',#6757);
#6757 = AXIS2_PLACEMENT_3D('',#6758,#6759,#6760);
#6758 = CARTESIAN_POINT('',(1.5,-9.144,2.54));
#6759 = DIRECTION('',(0.,0.707106781187,0.707106781187));
#6760 = DIRECTION('',(0.,0.707106781187,-0.707106781187));
#6761 = ADVANCED_FACE('',(#6762),#6773,.T.);
#6762 = FACE_BOUND('',#6763,.T.);
#6763 = EDGE_LOOP('',(#6764,#6765,#6766,#6772));
#6764 = ORIENTED_EDGE('',*,*,#6733,.T.);
#6765 = ORIENTED_EDGE('',*,*,#5863,.T.);
#6766 = ORIENTED_EDGE('',*,*,#6767,.F.);
#6767 = EDGE_CURVE('',#5289,#5864,#6768,.T.);
#6768 = LINE('',#6769,#6770);
#6769 = CARTESIAN_POINT('',(1.5,-11.43,0.254));
#6770 = VECTOR('',#6771,1.);
#6771 = DIRECTION('',(1.,0.,0.));
#6772 = ORIENTED_EDGE('',*,*,#5288,.F.);
#6773 = PLANE('',#6774);
#6774 = AXIS2_PLACEMENT_3D('',#6775,#6776,#6777);
#6775 = CARTESIAN_POINT('',(1.5,-11.176,0.));
#6776 = DIRECTION('',(-0.,-0.707106781187,-0.707106781187));
#6777 = DIRECTION('',(0.,-0.707106781187,0.707106781187));
#6778 = ADVANCED_FACE('',(#6779),#6790,.T.);
#6779 = FACE_BOUND('',#6780,.T.);
#6780 = EDGE_LOOP('',(#6781,#6787,#6788,#6789));
#6781 = ORIENTED_EDGE('',*,*,#6782,.T.);
#6782 = EDGE_CURVE('',#5401,#5976,#6783,.T.);
#6783 = LINE('',#6784,#6785);
#6784 = CARTESIAN_POINT('',(1.5,-11.176,2.54));
#6785 = VECTOR('',#6786,1.);
#6786 = DIRECTION('',(1.,0.,0.));
#6787 = ORIENTED_EDGE('',*,*,#5983,.T.);
#6788 = ORIENTED_EDGE('',*,*,#6748,.F.);
#6789 = ORIENTED_EDGE('',*,*,#5408,.F.);
#6790 = PLANE('',#6791);
#6791 = AXIS2_PLACEMENT_3D('',#6792,#6793,#6794);
#6792 = CARTESIAN_POINT('',(1.5,-11.176,2.54));
#6793 = DIRECTION('',(0.,0.,1.));
#6794 = DIRECTION('',(0.,1.,0.));
#6795 = ADVANCED_FACE('',(#6796),#6807,.T.);
#6796 = FACE_BOUND('',#6797,.T.);
#6797 = EDGE_LOOP('',(#6798,#6799,#6800,#6806));
#6798 = ORIENTED_EDGE('',*,*,#6767,.T.);
#6799 = ORIENTED_EDGE('',*,*,#5871,.T.);
#6800 = ORIENTED_EDGE('',*,*,#6801,.F.);
#6801 = EDGE_CURVE('',#5297,#5872,#6802,.T.);
#6802 = LINE('',#6803,#6804);
#6803 = CARTESIAN_POINT('',(1.5,-11.684,0.));
#6804 = VECTOR('',#6805,1.);
#6805 = DIRECTION('',(1.,0.,0.));
#6806 = ORIENTED_EDGE('',*,*,#5296,.F.);
#6807 = PLANE('',#6808);
#6808 = AXIS2_PLACEMENT_3D('',#6809,#6810,#6811);
#6809 = CARTESIAN_POINT('',(1.5,-11.43,0.254));
#6810 = DIRECTION('',(0.,0.707106781187,-0.707106781187));
#6811 = DIRECTION('',(0.,-0.707106781187,-0.707106781187));
#6812 = ADVANCED_FACE('',(#6813),#6824,.T.);
#6813 = FACE_BOUND('',#6814,.T.);
#6814 = EDGE_LOOP('',(#6815,#6821,#6822,#6823));
#6815 = ORIENTED_EDGE('',*,*,#6816,.T.);
#6816 = EDGE_CURVE('',#5393,#5968,#6817,.T.);
#6817 = LINE('',#6818,#6819);
#6818 = CARTESIAN_POINT('',(1.5,-11.43,2.286));
#6819 = VECTOR('',#6820,1.);
#6820 = DIRECTION('',(1.,0.,0.));
#6821 = ORIENTED_EDGE('',*,*,#5975,.T.);
#6822 = ORIENTED_EDGE('',*,*,#6782,.F.);
#6823 = ORIENTED_EDGE('',*,*,#5400,.F.);
#6824 = PLANE('',#6825);
#6825 = AXIS2_PLACEMENT_3D('',#6826,#6827,#6828);
#6826 = CARTESIAN_POINT('',(1.5,-11.43,2.286));
#6827 = DIRECTION('',(0.,-0.707106781187,0.707106781187));
#6828 = DIRECTION('',(0.,0.707106781187,0.707106781187));
#6829 = ADVANCED_FACE('',(#6830),#6841,.T.);
#6830 = FACE_BOUND('',#6831,.T.);
#6831 = EDGE_LOOP('',(#6832,#6833,#6834,#6840));
#6832 = ORIENTED_EDGE('',*,*,#6801,.T.);
#6833 = ORIENTED_EDGE('',*,*,#5879,.T.);
#6834 = ORIENTED_EDGE('',*,*,#6835,.F.);
#6835 = EDGE_CURVE('',#5305,#5880,#6836,.T.);
#6836 = LINE('',#6837,#6838);
#6837 = CARTESIAN_POINT('',(1.5,-13.716,0.));
#6838 = VECTOR('',#6839,1.);
#6839 = DIRECTION('',(1.,0.,0.));
#6840 = ORIENTED_EDGE('',*,*,#5304,.F.);
#6841 = PLANE('',#6842);
#6842 = AXIS2_PLACEMENT_3D('',#6843,#6844,#6845);
#6843 = CARTESIAN_POINT('',(1.5,-11.684,0.));
#6844 = DIRECTION('',(-0.,-0.,-1.));
#6845 = DIRECTION('',(0.,-1.,0.));
#6846 = ADVANCED_FACE('',(#6847),#6858,.T.);
#6847 = FACE_BOUND('',#6848,.T.);
#6848 = EDGE_LOOP('',(#6849,#6855,#6856,#6857));
#6849 = ORIENTED_EDGE('',*,*,#6850,.T.);
#6850 = EDGE_CURVE('',#5385,#5960,#6851,.T.);
#6851 = LINE('',#6852,#6853);
#6852 = CARTESIAN_POINT('',(1.5,-11.684,2.54));
#6853 = VECTOR('',#6854,1.);
#6854 = DIRECTION('',(1.,0.,0.));
#6855 = ORIENTED_EDGE('',*,*,#5967,.T.);
#6856 = ORIENTED_EDGE('',*,*,#6816,.F.);
#6857 = ORIENTED_EDGE('',*,*,#5392,.F.);
#6858 = PLANE('',#6859);
#6859 = AXIS2_PLACEMENT_3D('',#6860,#6861,#6862);
#6860 = CARTESIAN_POINT('',(1.5,-11.684,2.54));
#6861 = DIRECTION('',(0.,0.707106781187,0.707106781187));
#6862 = DIRECTION('',(0.,0.707106781187,-0.707106781187));
#6863 = ADVANCED_FACE('',(#6864),#6875,.T.);
#6864 = FACE_BOUND('',#6865,.T.);
#6865 = EDGE_LOOP('',(#6866,#6867,#6868,#6874));
#6866 = ORIENTED_EDGE('',*,*,#6835,.T.);
#6867 = ORIENTED_EDGE('',*,*,#5887,.T.);
#6868 = ORIENTED_EDGE('',*,*,#6869,.F.);
#6869 = EDGE_CURVE('',#5313,#5888,#6870,.T.);
#6870 = LINE('',#6871,#6872);
#6871 = CARTESIAN_POINT('',(1.5,-13.97,0.254));
#6872 = VECTOR('',#6873,1.);
#6873 = DIRECTION('',(1.,0.,0.));
#6874 = ORIENTED_EDGE('',*,*,#5312,.F.);
#6875 = PLANE('',#6876);
#6876 = AXIS2_PLACEMENT_3D('',#6877,#6878,#6879);
#6877 = CARTESIAN_POINT('',(1.5,-13.716,0.));
#6878 = DIRECTION('',(-0.,-0.707106781187,-0.707106781187));
#6879 = DIRECTION('',(0.,-0.707106781187,0.707106781187));
#6880 = ADVANCED_FACE('',(#6881),#6892,.T.);
#6881 = FACE_BOUND('',#6882,.T.);
#6882 = EDGE_LOOP('',(#6883,#6889,#6890,#6891));
#6883 = ORIENTED_EDGE('',*,*,#6884,.T.);
#6884 = EDGE_CURVE('',#5377,#5952,#6885,.T.);
#6885 = LINE('',#6886,#6887);
#6886 = CARTESIAN_POINT('',(1.5,-13.716,2.54));
#6887 = VECTOR('',#6888,1.);
#6888 = DIRECTION('',(1.,0.,0.));
#6889 = ORIENTED_EDGE('',*,*,#5959,.T.);
#6890 = ORIENTED_EDGE('',*,*,#6850,.F.);
#6891 = ORIENTED_EDGE('',*,*,#5384,.F.);
#6892 = PLANE('',#6893);
#6893 = AXIS2_PLACEMENT_3D('',#6894,#6895,#6896);
#6894 = CARTESIAN_POINT('',(1.5,-13.716,2.54));
#6895 = DIRECTION('',(0.,0.,1.));
#6896 = DIRECTION('',(0.,1.,0.));
#6897 = ADVANCED_FACE('',(#6898),#6909,.T.);
#6898 = FACE_BOUND('',#6899,.T.);
#6899 = EDGE_LOOP('',(#6900,#6901,#6902,#6908));
#6900 = ORIENTED_EDGE('',*,*,#6869,.T.);
#6901 = ORIENTED_EDGE('',*,*,#5895,.T.);
#6902 = ORIENTED_EDGE('',*,*,#6903,.F.);
#6903 = EDGE_CURVE('',#5321,#5896,#6904,.T.);
#6904 = LINE('',#6905,#6906);
#6905 = CARTESIAN_POINT('',(1.5,-14.224,0.));
#6906 = VECTOR('',#6907,1.);
#6907 = DIRECTION('',(1.,0.,0.));
#6908 = ORIENTED_EDGE('',*,*,#5320,.F.);
#6909 = PLANE('',#6910);
#6910 = AXIS2_PLACEMENT_3D('',#6911,#6912,#6913);
#6911 = CARTESIAN_POINT('',(1.5,-13.97,0.254));
#6912 = DIRECTION('',(0.,0.707106781187,-0.707106781187));
#6913 = DIRECTION('',(0.,-0.707106781187,-0.707106781187));
#6914 = ADVANCED_FACE('',(#6915),#6926,.T.);
#6915 = FACE_BOUND('',#6916,.T.);
#6916 = EDGE_LOOP('',(#6917,#6923,#6924,#6925));
#6917 = ORIENTED_EDGE('',*,*,#6918,.T.);
#6918 = EDGE_CURVE('',#5369,#5944,#6919,.T.);
#6919 = LINE('',#6920,#6921);
#6920 = CARTESIAN_POINT('',(1.5,-13.97,2.286));
#6921 = VECTOR('',#6922,1.);
#6922 = DIRECTION('',(1.,0.,0.));
#6923 = ORIENTED_EDGE('',*,*,#5951,.T.);
#6924 = ORIENTED_EDGE('',*,*,#6884,.F.);
#6925 = ORIENTED_EDGE('',*,*,#5376,.F.);
#6926 = PLANE('',#6927);
#6927 = AXIS2_PLACEMENT_3D('',#6928,#6929,#6930);
#6928 = CARTESIAN_POINT('',(1.5,-13.97,2.286));
#6929 = DIRECTION('',(0.,-0.707106781187,0.707106781187));
#6930 = DIRECTION('',(0.,0.707106781187,0.707106781187));
#6931 = ADVANCED_FACE('',(#6932),#6943,.T.);
#6932 = FACE_BOUND('',#6933,.T.);
#6933 = EDGE_LOOP('',(#6934,#6935,#6936,#6942));
#6934 = ORIENTED_EDGE('',*,*,#6903,.T.);
#6935 = ORIENTED_EDGE('',*,*,#5903,.T.);
#6936 = ORIENTED_EDGE('',*,*,#6937,.F.);
#6937 = EDGE_CURVE('',#5329,#5904,#6938,.T.);
#6938 = LINE('',#6939,#6940);
#6939 = CARTESIAN_POINT('',(1.5,-16.256,0.));
#6940 = VECTOR('',#6941,1.);
#6941 = DIRECTION('',(1.,0.,0.));
#6942 = ORIENTED_EDGE('',*,*,#5328,.F.);
#6943 = PLANE('',#6944);
#6944 = AXIS2_PLACEMENT_3D('',#6945,#6946,#6947);
#6945 = CARTESIAN_POINT('',(1.5,-14.224,0.));
#6946 = DIRECTION('',(-0.,-0.,-1.));
#6947 = DIRECTION('',(0.,-1.,0.));
#6948 = ADVANCED_FACE('',(#6949),#6960,.T.);
#6949 = FACE_BOUND('',#6950,.T.);
#6950 = EDGE_LOOP('',(#6951,#6957,#6958,#6959));
#6951 = ORIENTED_EDGE('',*,*,#6952,.T.);
#6952 = EDGE_CURVE('',#5361,#5936,#6953,.T.);
#6953 = LINE('',#6954,#6955);
#6954 = CARTESIAN_POINT('',(1.5,-14.224,2.54));
#6955 = VECTOR('',#6956,1.);
#6956 = DIRECTION('',(1.,0.,0.));
#6957 = ORIENTED_EDGE('',*,*,#5943,.T.);
#6958 = ORIENTED_EDGE('',*,*,#6918,.F.);
#6959 = ORIENTED_EDGE('',*,*,#5368,.F.);
#6960 = PLANE('',#6961);
#6961 = AXIS2_PLACEMENT_3D('',#6962,#6963,#6964);
#6962 = CARTESIAN_POINT('',(1.5,-14.224,2.54));
#6963 = DIRECTION('',(0.,0.707106781187,0.707106781187));
#6964 = DIRECTION('',(0.,0.707106781187,-0.707106781187));
#6965 = ADVANCED_FACE('',(#6966),#6977,.T.);
#6966 = FACE_BOUND('',#6967,.T.);
#6967 = EDGE_LOOP('',(#6968,#6969,#6970,#6976));
#6968 = ORIENTED_EDGE('',*,*,#6937,.T.);
#6969 = ORIENTED_EDGE('',*,*,#5911,.T.);
#6970 = ORIENTED_EDGE('',*,*,#6971,.F.);
#6971 = EDGE_CURVE('',#5337,#5912,#6972,.T.);
#6972 = LINE('',#6973,#6974);
#6973 = CARTESIAN_POINT('',(1.5,-16.51,0.254));
#6974 = VECTOR('',#6975,1.);
#6975 = DIRECTION('',(1.,0.,0.));
#6976 = ORIENTED_EDGE('',*,*,#5336,.F.);
#6977 = PLANE('',#6978);
#6978 = AXIS2_PLACEMENT_3D('',#6979,#6980,#6981);
#6979 = CARTESIAN_POINT('',(1.5,-16.256,0.));
#6980 = DIRECTION('',(-0.,-0.707106781187,-0.707106781187));
#6981 = DIRECTION('',(0.,-0.707106781187,0.707106781187));
#6982 = ADVANCED_FACE('',(#6983),#6994,.T.);
#6983 = FACE_BOUND('',#6984,.T.);
#6984 = EDGE_LOOP('',(#6985,#6991,#6992,#6993));
#6985 = ORIENTED_EDGE('',*,*,#6986,.T.);
#6986 = EDGE_CURVE('',#5353,#5928,#6987,.T.);
#6987 = LINE('',#6988,#6989);
#6988 = CARTESIAN_POINT('',(1.5,-16.256,2.54));
#6989 = VECTOR('',#6990,1.);
#6990 = DIRECTION('',(1.,0.,0.));
#6991 = ORIENTED_EDGE('',*,*,#5935,.T.);
#6992 = ORIENTED_EDGE('',*,*,#6952,.F.);
#6993 = ORIENTED_EDGE('',*,*,#5360,.F.);
#6994 = PLANE('',#6995);
#6995 = AXIS2_PLACEMENT_3D('',#6996,#6997,#6998);
#6996 = CARTESIAN_POINT('',(1.5,-16.256,2.54));
#6997 = DIRECTION('',(0.,0.,1.));
#6998 = DIRECTION('',(0.,1.,0.));
#6999 = ADVANCED_FACE('',(#7000),#7011,.T.);
#7000 = FACE_BOUND('',#7001,.T.);
#7001 = EDGE_LOOP('',(#7002,#7003,#7004,#7010));
#7002 = ORIENTED_EDGE('',*,*,#6971,.T.);
#7003 = ORIENTED_EDGE('',*,*,#5919,.T.);
#7004 = ORIENTED_EDGE('',*,*,#7005,.F.);
#7005 = EDGE_CURVE('',#5345,#5920,#7006,.T.);
#7006 = LINE('',#7007,#7008);
#7007 = CARTESIAN_POINT('',(1.5,-16.51,2.286));
#7008 = VECTOR('',#7009,1.);
#7009 = DIRECTION('',(1.,0.,0.));
#7010 = ORIENTED_EDGE('',*,*,#5344,.F.);
#7011 = PLANE('',#7012);
#7012 = AXIS2_PLACEMENT_3D('',#7013,#7014,#7015);
#7013 = CARTESIAN_POINT('',(1.5,-16.51,0.254));
#7014 = DIRECTION('',(0.,-1.,0.));
#7015 = DIRECTION('',(0.,0.,1.));
#7016 = ADVANCED_FACE('',(#7017),#7023,.T.);
#7017 = FACE_BOUND('',#7018,.T.);
#7018 = EDGE_LOOP('',(#7019,#7020,#7021,#7022));
#7019 = ORIENTED_EDGE('',*,*,#7005,.T.);
#7020 = ORIENTED_EDGE('',*,*,#5927,.T.);
#7021 = ORIENTED_EDGE('',*,*,#6986,.F.);
#7022 = ORIENTED_EDGE('',*,*,#5352,.F.);
#7023 = PLANE('',#7024);
#7024 = AXIS2_PLACEMENT_3D('',#7025,#7026,#7027);
#7025 = CARTESIAN_POINT('',(1.5,-16.51,2.286));
#7026 = DIRECTION('',(0.,-0.707106781187,0.707106781187));
#7027 = DIRECTION('',(0.,0.707106781187,0.707106781187));
#7028 = ADVANCED_FACE('',(#7029),#7054,.T.);
#7029 = FACE_BOUND('',#7030,.T.);
#7030 = EDGE_LOOP('',(#7031,#7039,#7040,#7048));
#7031 = ORIENTED_EDGE('',*,*,#7032,.F.);
#7032 = EDGE_CURVE('',#5522,#7033,#7035,.T.);
#7033 = VERTEX_POINT('',#7034);
#7034 = CARTESIAN_POINT('',(0.32,-12.38,0.95));
#7035 = LINE('',#7036,#7037);
#7036 = CARTESIAN_POINT('',(10.04,-12.38,0.95));
#7037 = VECTOR('',#7038,1.);
#7038 = DIRECTION('',(-1.,0.,0.));
#7039 = ORIENTED_EDGE('',*,*,#5521,.T.);
#7040 = ORIENTED_EDGE('',*,*,#7041,.T.);
#7041 = EDGE_CURVE('',#5524,#7042,#7044,.T.);
#7042 = VERTEX_POINT('',#7043);
#7043 = CARTESIAN_POINT('',(0.32,-13.02,0.95));
#7044 = LINE('',#7045,#7046);
#7045 = CARTESIAN_POINT('',(10.04,-13.02,0.95));
#7046 = VECTOR('',#7047,1.);
#7047 = DIRECTION('',(-1.,0.,0.));
#7048 = ORIENTED_EDGE('',*,*,#7049,.F.);
#7049 = EDGE_CURVE('',#7033,#7042,#7050,.T.);
#7050 = LINE('',#7051,#7052);
#7051 = CARTESIAN_POINT('',(0.32,-12.38,0.95));
#7052 = VECTOR('',#7053,1.);
#7053 = DIRECTION('',(0.,-1.,0.));
#7054 = PLANE('',#7055);
#7055 = AXIS2_PLACEMENT_3D('',#7056,#7057,#7058);
#7056 = CARTESIAN_POINT('',(10.04,-12.38,0.95));
#7057 = DIRECTION('',(-0.,-0.,-1.));
#7058 = DIRECTION('',(-1.,0.,0.));
#7059 = ADVANCED_FACE('',(#7060),#7103,.F.);
#7060 = FACE_BOUND('',#7061,.F.);
#7061 = EDGE_LOOP('',(#7062,#7073,#7079,#7080,#7081,#7089,#7097));
#7062 = ORIENTED_EDGE('',*,*,#7063,.T.);
#7063 = EDGE_CURVE('',#7064,#7066,#7068,.T.);
#7064 = VERTEX_POINT('',#7065);
#7065 = CARTESIAN_POINT('',(-0.32,-13.02,0.95));
#7066 = VERTEX_POINT('',#7067);
#7067 = CARTESIAN_POINT('',(0.32,-13.02,1.59));
#7068 = CIRCLE('',#7069,0.64);
#7069 = AXIS2_PLACEMENT_3D('',#7070,#7071,#7072);
#7070 = CARTESIAN_POINT('',(0.32,-13.02,0.95));
#7071 = DIRECTION('',(0.,1.,0.));
#7072 = DIRECTION('',(0.,0.,-1.));
#7073 = ORIENTED_EDGE('',*,*,#7074,.T.);
#7074 = EDGE_CURVE('',#7066,#5540,#7075,.T.);
#7075 = LINE('',#7076,#7077);
#7076 = CARTESIAN_POINT('',(-0.32,-13.02,1.59));
#7077 = VECTOR('',#7078,1.);
#7078 = DIRECTION('',(1.,0.,2.143287692327E-17));
#7079 = ORIENTED_EDGE('',*,*,#5547,.T.);
#7080 = ORIENTED_EDGE('',*,*,#7041,.T.);
#7081 = ORIENTED_EDGE('',*,*,#7082,.T.);
#7082 = EDGE_CURVE('',#7042,#7083,#7085,.T.);
#7083 = VERTEX_POINT('',#7084);
#7084 = CARTESIAN_POINT('',(0.32,-13.02,-2.84));
#7085 = LINE('',#7086,#7087);
#7086 = CARTESIAN_POINT('',(0.32,-13.02,0.95));
#7087 = VECTOR('',#7088,1.);
#7088 = DIRECTION('',(0.,0.,-1.));
#7089 = ORIENTED_EDGE('',*,*,#7090,.T.);
#7090 = EDGE_CURVE('',#7083,#7091,#7093,.T.);
#7091 = VERTEX_POINT('',#7092);
#7092 = CARTESIAN_POINT('',(-0.32,-13.02,-2.84));
#7093 = LINE('',#7094,#7095);
#7094 = CARTESIAN_POINT('',(0.32,-13.02,-2.84));
#7095 = VECTOR('',#7096,1.);
#7096 = DIRECTION('',(-1.,0.,0.));
#7097 = ORIENTED_EDGE('',*,*,#7098,.T.);
#7098 = EDGE_CURVE('',#7091,#7064,#7099,.T.);
#7099 = LINE('',#7100,#7101);
#7100 = CARTESIAN_POINT('',(-0.32,-13.02,-3.));
#7101 = VECTOR('',#7102,1.);
#7102 = DIRECTION('',(0.,0.,1.));
#7103 = PLANE('',#7104);
#7104 = AXIS2_PLACEMENT_3D('',#7105,#7106,#7107);
#7105 = CARTESIAN_POINT('',(3.575919732441,-13.02,0.579080267559));
#7106 = DIRECTION('',(1.030170245606E-33,1.,6.630961875715E-34));
#7107 = DIRECTION('',(1.,-1.030170245606E-33,0.));
#7108 = ADVANCED_FACE('',(#7109),#7127,.T.);
#7109 = FACE_BOUND('',#7110,.T.);
#7110 = EDGE_LOOP('',(#7111,#7119,#7125,#7126));
#7111 = ORIENTED_EDGE('',*,*,#7112,.F.);
#7112 = EDGE_CURVE('',#7113,#5532,#7115,.T.);
#7113 = VERTEX_POINT('',#7114);
#7114 = CARTESIAN_POINT('',(0.32,-12.38,1.59));
#7115 = LINE('',#7116,#7117);
#7116 = CARTESIAN_POINT('',(-0.32,-12.38,1.59));
#7117 = VECTOR('',#7118,1.);
#7118 = DIRECTION('',(1.,0.,2.143287692327E-17));
#7119 = ORIENTED_EDGE('',*,*,#7120,.T.);
#7120 = EDGE_CURVE('',#7113,#7066,#7121,.T.);
#7121 = LINE('',#7122,#7123);
#7122 = CARTESIAN_POINT('',(0.32,-12.38,1.59));
#7123 = VECTOR('',#7124,1.);
#7124 = DIRECTION('',(0.,-1.,0.));
#7125 = ORIENTED_EDGE('',*,*,#7074,.T.);
#7126 = ORIENTED_EDGE('',*,*,#5539,.T.);
#7127 = PLANE('',#7128);
#7128 = AXIS2_PLACEMENT_3D('',#7129,#7130,#7131);
#7129 = CARTESIAN_POINT('',(-0.32,-12.38,1.59));
#7130 = DIRECTION('',(-2.143287692327E-17,0.,1.));
#7131 = DIRECTION('',(1.,0.,2.143287692327E-17));
#7132 = ADVANCED_FACE('',(#7133),#7169,.T.);
#7133 = FACE_BOUND('',#7134,.T.);
#7134 = EDGE_LOOP('',(#7135,#7144,#7145,#7146,#7147,#7155,#7163));
#7135 = ORIENTED_EDGE('',*,*,#7136,.T.);
#7136 = EDGE_CURVE('',#7137,#7113,#7139,.T.);
#7137 = VERTEX_POINT('',#7138);
#7138 = CARTESIAN_POINT('',(-0.32,-12.38,0.95));
#7139 = CIRCLE('',#7140,0.64);
#7140 = AXIS2_PLACEMENT_3D('',#7141,#7142,#7143);
#7141 = CARTESIAN_POINT('',(0.32,-12.38,0.95));
#7142 = DIRECTION('',(0.,1.,0.));
#7143 = DIRECTION('',(0.,0.,-1.));
#7144 = ORIENTED_EDGE('',*,*,#7112,.T.);
#7145 = ORIENTED_EDGE('',*,*,#5531,.T.);
#7146 = ORIENTED_EDGE('',*,*,#7032,.T.);
#7147 = ORIENTED_EDGE('',*,*,#7148,.T.);
#7148 = EDGE_CURVE('',#7033,#7149,#7151,.T.);
#7149 = VERTEX_POINT('',#7150);
#7150 = CARTESIAN_POINT('',(0.32,-12.38,-2.84));
#7151 = LINE('',#7152,#7153);
#7152 = CARTESIAN_POINT('',(0.32,-12.38,0.95));
#7153 = VECTOR('',#7154,1.);
#7154 = DIRECTION('',(0.,0.,-1.));
#7155 = ORIENTED_EDGE('',*,*,#7156,.T.);
#7156 = EDGE_CURVE('',#7149,#7157,#7159,.T.);
#7157 = VERTEX_POINT('',#7158);
#7158 = CARTESIAN_POINT('',(-0.32,-12.38,-2.84));
#7159 = LINE('',#7160,#7161);
#7160 = CARTESIAN_POINT('',(0.32,-12.38,-2.84));
#7161 = VECTOR('',#7162,1.);
#7162 = DIRECTION('',(-1.,0.,0.));
#7163 = ORIENTED_EDGE('',*,*,#7164,.T.);
#7164 = EDGE_CURVE('',#7157,#7137,#7165,.T.);
#7165 = LINE('',#7166,#7167);
#7166 = CARTESIAN_POINT('',(-0.32,-12.38,-3.));
#7167 = VECTOR('',#7168,1.);
#7168 = DIRECTION('',(0.,0.,1.));
#7169 = PLANE('',#7170);
#7170 = AXIS2_PLACEMENT_3D('',#7171,#7172,#7173);
#7171 = CARTESIAN_POINT('',(3.575919732441,-12.38,0.579080267559));
#7172 = DIRECTION('',(1.030170245606E-33,1.,6.630961875715E-34));
#7173 = DIRECTION('',(1.,-1.030170245606E-33,0.));
#7174 = ADVANCED_FACE('',(#7175),#7225,.T.);
#7175 = FACE_BOUND('',#7176,.T.);
#7176 = EDGE_LOOP('',(#7177,#7188,#7194,#7195,#7203,#7211,#7219));
#7177 = ORIENTED_EDGE('',*,*,#7178,.T.);
#7178 = EDGE_CURVE('',#7179,#7181,#7183,.T.);
#7179 = VERTEX_POINT('',#7180);
#7180 = CARTESIAN_POINT('',(-0.32,-9.84,0.95));
#7181 = VERTEX_POINT('',#7182);
#7182 = CARTESIAN_POINT('',(0.32,-9.84,1.59));
#7183 = CIRCLE('',#7184,0.64);
#7184 = AXIS2_PLACEMENT_3D('',#7185,#7186,#7187);
#7185 = CARTESIAN_POINT('',(0.32,-9.84,0.95));
#7186 = DIRECTION('',(0.,1.,0.));
#7187 = DIRECTION('',(0.,0.,-1.));
#7188 = ORIENTED_EDGE('',*,*,#7189,.T.);
#7189 = EDGE_CURVE('',#7181,#5556,#7190,.T.);
#7190 = LINE('',#7191,#7192);
#7191 = CARTESIAN_POINT('',(-0.32,-9.84,1.59));
#7192 = VECTOR('',#7193,1.);
#7193 = DIRECTION('',(1.,0.,2.143287692327E-17));
#7194 = ORIENTED_EDGE('',*,*,#5555,.T.);
#7195 = ORIENTED_EDGE('',*,*,#7196,.T.);
#7196 = EDGE_CURVE('',#5558,#7197,#7199,.T.);
#7197 = VERTEX_POINT('',#7198);
#7198 = CARTESIAN_POINT('',(0.32,-9.84,0.95));
#7199 = LINE('',#7200,#7201);
#7200 = CARTESIAN_POINT('',(10.04,-9.84,0.95));
#7201 = VECTOR('',#7202,1.);
#7202 = DIRECTION('',(-1.,0.,0.));
#7203 = ORIENTED_EDGE('',*,*,#7204,.T.);
#7204 = EDGE_CURVE('',#7197,#7205,#7207,.T.);
#7205 = VERTEX_POINT('',#7206);
#7206 = CARTESIAN_POINT('',(0.32,-9.84,-2.84));
#7207 = LINE('',#7208,#7209);
#7208 = CARTESIAN_POINT('',(0.32,-9.84,0.95));
#7209 = VECTOR('',#7210,1.);
#7210 = DIRECTION('',(0.,0.,-1.));
#7211 = ORIENTED_EDGE('',*,*,#7212,.T.);
#7212 = EDGE_CURVE('',#7205,#7213,#7215,.T.);
#7213 = VERTEX_POINT('',#7214);
#7214 = CARTESIAN_POINT('',(-0.32,-9.84,-2.84));
#7215 = LINE('',#7216,#7217);
#7216 = CARTESIAN_POINT('',(0.32,-9.84,-2.84));
#7217 = VECTOR('',#7218,1.);
#7218 = DIRECTION('',(-1.,0.,0.));
#7219 = ORIENTED_EDGE('',*,*,#7220,.T.);
#7220 = EDGE_CURVE('',#7213,#7179,#7221,.T.);
#7221 = LINE('',#7222,#7223);
#7222 = CARTESIAN_POINT('',(-0.32,-9.84,-3.));
#7223 = VECTOR('',#7224,1.);
#7224 = DIRECTION('',(0.,0.,1.));
#7225 = PLANE('',#7226);
#7226 = AXIS2_PLACEMENT_3D('',#7227,#7228,#7229);
#7227 = CARTESIAN_POINT('',(3.575919732441,-9.84,0.579080267559));
#7228 = DIRECTION('',(1.030170245606E-33,1.,6.630961875715E-34));
#7229 = DIRECTION('',(1.,-1.030170245606E-33,0.));
#7230 = ADVANCED_FACE('',(#7231),#7249,.T.);
#7231 = FACE_BOUND('',#7232,.T.);
#7232 = EDGE_LOOP('',(#7233,#7234,#7235,#7243));
#7233 = ORIENTED_EDGE('',*,*,#7196,.F.);
#7234 = ORIENTED_EDGE('',*,*,#5581,.T.);
#7235 = ORIENTED_EDGE('',*,*,#7236,.T.);
#7236 = EDGE_CURVE('',#5574,#7237,#7239,.T.);
#7237 = VERTEX_POINT('',#7238);
#7238 = CARTESIAN_POINT('',(0.32,-10.48,0.95));
#7239 = LINE('',#7240,#7241);
#7240 = CARTESIAN_POINT('',(10.04,-10.48,0.95));
#7241 = VECTOR('',#7242,1.);
#7242 = DIRECTION('',(-1.,0.,0.));
#7243 = ORIENTED_EDGE('',*,*,#7244,.F.);
#7244 = EDGE_CURVE('',#7197,#7237,#7245,.T.);
#7245 = LINE('',#7246,#7247);
#7246 = CARTESIAN_POINT('',(0.32,-9.84,0.95));
#7247 = VECTOR('',#7248,1.);
#7248 = DIRECTION('',(0.,-1.,0.));
#7249 = PLANE('',#7250);
#7250 = AXIS2_PLACEMENT_3D('',#7251,#7252,#7253);
#7251 = CARTESIAN_POINT('',(10.04,-9.84,0.95));
#7252 = DIRECTION('',(-0.,-0.,-1.));
#7253 = DIRECTION('',(-1.,0.,0.));
#7254 = ADVANCED_FACE('',(#7255),#7298,.F.);
#7255 = FACE_BOUND('',#7256,.F.);
#7256 = EDGE_LOOP('',(#7257,#7268,#7274,#7275,#7276,#7284,#7292));
#7257 = ORIENTED_EDGE('',*,*,#7258,.T.);
#7258 = EDGE_CURVE('',#7259,#7261,#7263,.T.);
#7259 = VERTEX_POINT('',#7260);
#7260 = CARTESIAN_POINT('',(-0.32,-10.48,0.95));
#7261 = VERTEX_POINT('',#7262);
#7262 = CARTESIAN_POINT('',(0.32,-10.48,1.59));
#7263 = CIRCLE('',#7264,0.64);
#7264 = AXIS2_PLACEMENT_3D('',#7265,#7266,#7267);
#7265 = CARTESIAN_POINT('',(0.32,-10.48,0.95));
#7266 = DIRECTION('',(0.,1.,0.));
#7267 = DIRECTION('',(0.,0.,-1.));
#7268 = ORIENTED_EDGE('',*,*,#7269,.T.);
#7269 = EDGE_CURVE('',#7261,#5566,#7270,.T.);
#7270 = LINE('',#7271,#7272);
#7271 = CARTESIAN_POINT('',(-0.32,-10.48,1.59));
#7272 = VECTOR('',#7273,1.);
#7273 = DIRECTION('',(1.,0.,2.143287692327E-17));
#7274 = ORIENTED_EDGE('',*,*,#5573,.T.);
#7275 = ORIENTED_EDGE('',*,*,#7236,.T.);
#7276 = ORIENTED_EDGE('',*,*,#7277,.T.);
#7277 = EDGE_CURVE('',#7237,#7278,#7280,.T.);
#7278 = VERTEX_POINT('',#7279);
#7279 = CARTESIAN_POINT('',(0.32,-10.48,-2.84));
#7280 = LINE('',#7281,#7282);
#7281 = CARTESIAN_POINT('',(0.32,-10.48,0.95));
#7282 = VECTOR('',#7283,1.);
#7283 = DIRECTION('',(0.,0.,-1.));
#7284 = ORIENTED_EDGE('',*,*,#7285,.T.);
#7285 = EDGE_CURVE('',#7278,#7286,#7288,.T.);
#7286 = VERTEX_POINT('',#7287);
#7287 = CARTESIAN_POINT('',(-0.32,-10.48,-2.84));
#7288 = LINE('',#7289,#7290);
#7289 = CARTESIAN_POINT('',(0.32,-10.48,-2.84));
#7290 = VECTOR('',#7291,1.);
#7291 = DIRECTION('',(-1.,0.,0.));
#7292 = ORIENTED_EDGE('',*,*,#7293,.T.);
#7293 = EDGE_CURVE('',#7286,#7259,#7294,.T.);
#7294 = LINE('',#7295,#7296);
#7295 = CARTESIAN_POINT('',(-0.32,-10.48,-3.));
#7296 = VECTOR('',#7297,1.);
#7297 = DIRECTION('',(0.,0.,1.));
#7298 = PLANE('',#7299);
#7299 = AXIS2_PLACEMENT_3D('',#7300,#7301,#7302);
#7300 = CARTESIAN_POINT('',(3.575919732441,-10.48,0.579080267559));
#7301 = DIRECTION('',(1.030170245606E-33,1.,6.630961875715E-34));
#7302 = DIRECTION('',(1.,-1.030170245606E-33,0.));
#7303 = ADVANCED_FACE('',(#7304),#7315,.T.);
#7304 = FACE_BOUND('',#7305,.T.);
#7305 = EDGE_LOOP('',(#7306,#7307,#7313,#7314));
#7306 = ORIENTED_EDGE('',*,*,#7189,.F.);
#7307 = ORIENTED_EDGE('',*,*,#7308,.T.);
#7308 = EDGE_CURVE('',#7181,#7261,#7309,.T.);
#7309 = LINE('',#7310,#7311);
#7310 = CARTESIAN_POINT('',(0.32,-9.84,1.59));
#7311 = VECTOR('',#7312,1.);
#7312 = DIRECTION('',(0.,-1.,0.));
#7313 = ORIENTED_EDGE('',*,*,#7269,.T.);
#7314 = ORIENTED_EDGE('',*,*,#5565,.T.);
#7315 = PLANE('',#7316);
#7316 = AXIS2_PLACEMENT_3D('',#7317,#7318,#7319);
#7317 = CARTESIAN_POINT('',(-0.32,-9.84,1.59));
#7318 = DIRECTION('',(-2.143287692327E-17,0.,1.));
#7319 = DIRECTION('',(1.,0.,2.143287692327E-17));
#7320 = ADVANCED_FACE('',(#7321),#7346,.T.);
#7321 = FACE_BOUND('',#7322,.T.);
#7322 = EDGE_LOOP('',(#7323,#7331,#7339,#7345));
#7323 = ORIENTED_EDGE('',*,*,#7324,.F.);
#7324 = EDGE_CURVE('',#7325,#5592,#7327,.T.);
#7325 = VERTEX_POINT('',#7326);
#7326 = CARTESIAN_POINT('',(0.32,-7.3,1.59));
#7327 = LINE('',#7328,#7329);
#7328 = CARTESIAN_POINT('',(-0.32,-7.3,1.59));
#7329 = VECTOR('',#7330,1.);
#7330 = DIRECTION('',(1.,0.,2.143287692327E-17));
#7331 = ORIENTED_EDGE('',*,*,#7332,.T.);
#7332 = EDGE_CURVE('',#7325,#7333,#7335,.T.);
#7333 = VERTEX_POINT('',#7334);
#7334 = CARTESIAN_POINT('',(0.32,-7.94,1.59));
#7335 = LINE('',#7336,#7337);
#7336 = CARTESIAN_POINT('',(0.32,-7.3,1.59));
#7337 = VECTOR('',#7338,1.);
#7338 = DIRECTION('',(0.,-1.,0.));
#7339 = ORIENTED_EDGE('',*,*,#7340,.T.);
#7340 = EDGE_CURVE('',#7333,#5590,#7341,.T.);
#7341 = LINE('',#7342,#7343);
#7342 = CARTESIAN_POINT('',(-0.32,-7.94,1.59));
#7343 = VECTOR('',#7344,1.);
#7344 = DIRECTION('',(1.,0.,2.143287692327E-17));
#7345 = ORIENTED_EDGE('',*,*,#5589,.T.);
#7346 = PLANE('',#7347);
#7347 = AXIS2_PLACEMENT_3D('',#7348,#7349,#7350);
#7348 = CARTESIAN_POINT('',(-0.32,-7.3,1.59));
#7349 = DIRECTION('',(-2.143287692327E-17,0.,1.));
#7350 = DIRECTION('',(1.,0.,2.143287692327E-17));
#7351 = ADVANCED_FACE('',(#7352),#7395,.T.);
#7352 = FACE_BOUND('',#7353,.T.);
#7353 = EDGE_LOOP('',(#7354,#7363,#7364,#7365,#7373,#7381,#7389));
#7354 = ORIENTED_EDGE('',*,*,#7355,.T.);
#7355 = EDGE_CURVE('',#7356,#7325,#7358,.T.);
#7356 = VERTEX_POINT('',#7357);
#7357 = CARTESIAN_POINT('',(-0.32,-7.3,0.95));
#7358 = CIRCLE('',#7359,0.64);
#7359 = AXIS2_PLACEMENT_3D('',#7360,#7361,#7362);
#7360 = CARTESIAN_POINT('',(0.32,-7.3,0.95));
#7361 = DIRECTION('',(0.,1.,0.));
#7362 = DIRECTION('',(0.,0.,-1.));
#7363 = ORIENTED_EDGE('',*,*,#7324,.T.);
#7364 = ORIENTED_EDGE('',*,*,#5615,.T.);
#7365 = ORIENTED_EDGE('',*,*,#7366,.T.);
#7366 = EDGE_CURVE('',#5608,#7367,#7369,.T.);
#7367 = VERTEX_POINT('',#7368);
#7368 = CARTESIAN_POINT('',(0.32,-7.3,0.95));
#7369 = LINE('',#7370,#7371);
#7370 = CARTESIAN_POINT('',(10.04,-7.3,0.95));
#7371 = VECTOR('',#7372,1.);
#7372 = DIRECTION('',(-1.,0.,0.));
#7373 = ORIENTED_EDGE('',*,*,#7374,.T.);
#7374 = EDGE_CURVE('',#7367,#7375,#7377,.T.);
#7375 = VERTEX_POINT('',#7376);
#7376 = CARTESIAN_POINT('',(0.32,-7.3,-2.84));
#7377 = LINE('',#7378,#7379);
#7378 = CARTESIAN_POINT('',(0.32,-7.3,0.95));
#7379 = VECTOR('',#7380,1.);
#7380 = DIRECTION('',(0.,0.,-1.));
#7381 = ORIENTED_EDGE('',*,*,#7382,.T.);
#7382 = EDGE_CURVE('',#7375,#7383,#7385,.T.);
#7383 = VERTEX_POINT('',#7384);
#7384 = CARTESIAN_POINT('',(-0.32,-7.3,-2.84));
#7385 = LINE('',#7386,#7387);
#7386 = CARTESIAN_POINT('',(0.32,-7.3,-2.84));
#7387 = VECTOR('',#7388,1.);
#7388 = DIRECTION('',(-1.,0.,0.));
#7389 = ORIENTED_EDGE('',*,*,#7390,.T.);
#7390 = EDGE_CURVE('',#7383,#7356,#7391,.T.);
#7391 = LINE('',#7392,#7393);
#7392 = CARTESIAN_POINT('',(-0.32,-7.3,-3.));
#7393 = VECTOR('',#7394,1.);
#7394 = DIRECTION('',(0.,0.,1.));
#7395 = PLANE('',#7396);
#7396 = AXIS2_PLACEMENT_3D('',#7397,#7398,#7399);
#7397 = CARTESIAN_POINT('',(3.575919732441,-7.3,0.579080267559));
#7398 = DIRECTION('',(1.030170245606E-33,1.,6.630961875715E-34));
#7399 = DIRECTION('',(1.,-1.030170245606E-33,0.));
#7400 = ADVANCED_FACE('',(#7401),#7419,.T.);
#7401 = FACE_BOUND('',#7402,.T.);
#7402 = EDGE_LOOP('',(#7403,#7404,#7405,#7413));
#7403 = ORIENTED_EDGE('',*,*,#7366,.F.);
#7404 = ORIENTED_EDGE('',*,*,#5607,.T.);
#7405 = ORIENTED_EDGE('',*,*,#7406,.T.);
#7406 = EDGE_CURVE('',#5600,#7407,#7409,.T.);
#7407 = VERTEX_POINT('',#7408);
#7408 = CARTESIAN_POINT('',(0.32,-7.94,0.95));
#7409 = LINE('',#7410,#7411);
#7410 = CARTESIAN_POINT('',(10.04,-7.94,0.95));
#7411 = VECTOR('',#7412,1.);
#7412 = DIRECTION('',(-1.,0.,0.));
#7413 = ORIENTED_EDGE('',*,*,#7414,.F.);
#7414 = EDGE_CURVE('',#7367,#7407,#7415,.T.);
#7415 = LINE('',#7416,#7417);
#7416 = CARTESIAN_POINT('',(0.32,-7.3,0.95));
#7417 = VECTOR('',#7418,1.);
#7418 = DIRECTION('',(0.,-1.,0.));
#7419 = PLANE('',#7420);
#7420 = AXIS2_PLACEMENT_3D('',#7421,#7422,#7423);
#7421 = CARTESIAN_POINT('',(10.04,-7.3,0.95));
#7422 = DIRECTION('',(-0.,-0.,-1.));
#7423 = DIRECTION('',(-1.,0.,0.));
#7424 = ADVANCED_FACE('',(#7425),#7461,.F.);
#7425 = FACE_BOUND('',#7426,.F.);
#7426 = EDGE_LOOP('',(#7427,#7436,#7437,#7438,#7439,#7447,#7455));
#7427 = ORIENTED_EDGE('',*,*,#7428,.T.);
#7428 = EDGE_CURVE('',#7429,#7333,#7431,.T.);
#7429 = VERTEX_POINT('',#7430);
#7430 = CARTESIAN_POINT('',(-0.32,-7.94,0.95));
#7431 = CIRCLE('',#7432,0.64);
#7432 = AXIS2_PLACEMENT_3D('',#7433,#7434,#7435);
#7433 = CARTESIAN_POINT('',(0.32,-7.94,0.95));
#7434 = DIRECTION('',(0.,1.,0.));
#7435 = DIRECTION('',(0.,0.,-1.));
#7436 = ORIENTED_EDGE('',*,*,#7340,.T.);
#7437 = ORIENTED_EDGE('',*,*,#5599,.T.);
#7438 = ORIENTED_EDGE('',*,*,#7406,.T.);
#7439 = ORIENTED_EDGE('',*,*,#7440,.T.);
#7440 = EDGE_CURVE('',#7407,#7441,#7443,.T.);
#7441 = VERTEX_POINT('',#7442);
#7442 = CARTESIAN_POINT('',(0.32,-7.94,-2.84));
#7443 = LINE('',#7444,#7445);
#7444 = CARTESIAN_POINT('',(0.32,-7.94,0.95));
#7445 = VECTOR('',#7446,1.);
#7446 = DIRECTION('',(0.,0.,-1.));
#7447 = ORIENTED_EDGE('',*,*,#7448,.T.);
#7448 = EDGE_CURVE('',#7441,#7449,#7451,.T.);
#7449 = VERTEX_POINT('',#7450);
#7450 = CARTESIAN_POINT('',(-0.32,-7.94,-2.84));
#7451 = LINE('',#7452,#7453);
#7452 = CARTESIAN_POINT('',(0.32,-7.94,-2.84));
#7453 = VECTOR('',#7454,1.);
#7454 = DIRECTION('',(-1.,0.,0.));
#7455 = ORIENTED_EDGE('',*,*,#7456,.T.);
#7456 = EDGE_CURVE('',#7449,#7429,#7457,.T.);
#7457 = LINE('',#7458,#7459);
#7458 = CARTESIAN_POINT('',(-0.32,-7.94,-3.));
#7459 = VECTOR('',#7460,1.);
#7460 = DIRECTION('',(0.,0.,1.));
#7461 = PLANE('',#7462);
#7462 = AXIS2_PLACEMENT_3D('',#7463,#7464,#7465);
#7463 = CARTESIAN_POINT('',(3.575919732441,-7.94,0.579080267559));
#7464 = DIRECTION('',(1.030170245606E-33,1.,6.630961875715E-34));
#7465 = DIRECTION('',(1.,-1.030170245606E-33,0.));
#7466 = ADVANCED_FACE('',(#7467),#7517,.T.);
#7467 = FACE_BOUND('',#7468,.T.);
#7468 = EDGE_LOOP('',(#7469,#7480,#7486,#7487,#7495,#7503,#7511));
#7469 = ORIENTED_EDGE('',*,*,#7470,.T.);
#7470 = EDGE_CURVE('',#7471,#7473,#7475,.T.);
#7471 = VERTEX_POINT('',#7472);
#7472 = CARTESIAN_POINT('',(-0.32,0.32,0.95));
#7473 = VERTEX_POINT('',#7474);
#7474 = CARTESIAN_POINT('',(0.32,0.32,1.59));
#7475 = CIRCLE('',#7476,0.64);
#7476 = AXIS2_PLACEMENT_3D('',#7477,#7478,#7479);
#7477 = CARTESIAN_POINT('',(0.32,0.32,0.95));
#7478 = DIRECTION('',(0.,1.,0.));
#7479 = DIRECTION('',(0.,0.,-1.));
#7480 = ORIENTED_EDGE('',*,*,#7481,.T.);
#7481 = EDGE_CURVE('',#7473,#5624,#7482,.T.);
#7482 = LINE('',#7483,#7484);
#7483 = CARTESIAN_POINT('',(-0.32,0.32,1.59));
#7484 = VECTOR('',#7485,1.);
#7485 = DIRECTION('',(1.,0.,2.143287692327E-17));
#7486 = ORIENTED_EDGE('',*,*,#5623,.T.);
#7487 = ORIENTED_EDGE('',*,*,#7488,.T.);
#7488 = EDGE_CURVE('',#5626,#7489,#7491,.T.);
#7489 = VERTEX_POINT('',#7490);
#7490 = CARTESIAN_POINT('',(0.32,0.32,0.95));
#7491 = LINE('',#7492,#7493);
#7492 = CARTESIAN_POINT('',(10.04,0.32,0.95));
#7493 = VECTOR('',#7494,1.);
#7494 = DIRECTION('',(-1.,0.,0.));
#7495 = ORIENTED_EDGE('',*,*,#7496,.T.);
#7496 = EDGE_CURVE('',#7489,#7497,#7499,.T.);
#7497 = VERTEX_POINT('',#7498);
#7498 = CARTESIAN_POINT('',(0.32,0.32,-2.84));
#7499 = LINE('',#7500,#7501);
#7500 = CARTESIAN_POINT('',(0.32,0.32,0.95));
#7501 = VECTOR('',#7502,1.);
#7502 = DIRECTION('',(0.,0.,-1.));
#7503 = ORIENTED_EDGE('',*,*,#7504,.T.);
#7504 = EDGE_CURVE('',#7497,#7505,#7507,.T.);
#7505 = VERTEX_POINT('',#7506);
#7506 = CARTESIAN_POINT('',(-0.32,0.32,-2.84));
#7507 = LINE('',#7508,#7509);
#7508 = CARTESIAN_POINT('',(0.32,0.32,-2.84));
#7509 = VECTOR('',#7510,1.);
#7510 = DIRECTION('',(-1.,0.,0.));
#7511 = ORIENTED_EDGE('',*,*,#7512,.T.);
#7512 = EDGE_CURVE('',#7505,#7471,#7513,.T.);
#7513 = LINE('',#7514,#7515);
#7514 = CARTESIAN_POINT('',(-0.32,0.32,-3.));
#7515 = VECTOR('',#7516,1.);
#7516 = DIRECTION('',(0.,0.,1.));
#7517 = PLANE('',#7518);
#7518 = AXIS2_PLACEMENT_3D('',#7519,#7520,#7521);
#7519 = CARTESIAN_POINT('',(3.575919732441,0.32,0.579080267559));
#7520 = DIRECTION('',(1.030170245606E-33,1.,6.630961875715E-34));
#7521 = DIRECTION('',(1.,-1.030170245606E-33,0.));
#7522 = ADVANCED_FACE('',(#7523),#7541,.T.);
#7523 = FACE_BOUND('',#7524,.T.);
#7524 = EDGE_LOOP('',(#7525,#7526,#7527,#7535));
#7525 = ORIENTED_EDGE('',*,*,#7488,.F.);
#7526 = ORIENTED_EDGE('',*,*,#5649,.T.);
#7527 = ORIENTED_EDGE('',*,*,#7528,.T.);
#7528 = EDGE_CURVE('',#5642,#7529,#7531,.T.);
#7529 = VERTEX_POINT('',#7530);
#7530 = CARTESIAN_POINT('',(0.32,-0.32,0.95));
#7531 = LINE('',#7532,#7533);
#7532 = CARTESIAN_POINT('',(10.04,-0.32,0.95));
#7533 = VECTOR('',#7534,1.);
#7534 = DIRECTION('',(-1.,0.,0.));
#7535 = ORIENTED_EDGE('',*,*,#7536,.F.);
#7536 = EDGE_CURVE('',#7489,#7529,#7537,.T.);
#7537 = LINE('',#7538,#7539);
#7538 = CARTESIAN_POINT('',(0.32,0.32,0.95));
#7539 = VECTOR('',#7540,1.);
#7540 = DIRECTION('',(0.,-1.,0.));
#7541 = PLANE('',#7542);
#7542 = AXIS2_PLACEMENT_3D('',#7543,#7544,#7545);
#7543 = CARTESIAN_POINT('',(10.04,0.32,0.95));
#7544 = DIRECTION('',(-0.,-0.,-1.));
#7545 = DIRECTION('',(-1.,0.,0.));
#7546 = ADVANCED_FACE('',(#7547),#7590,.F.);
#7547 = FACE_BOUND('',#7548,.F.);
#7548 = EDGE_LOOP('',(#7549,#7560,#7566,#7567,#7568,#7576,#7584));
#7549 = ORIENTED_EDGE('',*,*,#7550,.T.);
#7550 = EDGE_CURVE('',#7551,#7553,#7555,.T.);
#7551 = VERTEX_POINT('',#7552);
#7552 = CARTESIAN_POINT('',(-0.32,-0.32,0.95));
#7553 = VERTEX_POINT('',#7554);
#7554 = CARTESIAN_POINT('',(0.32,-0.32,1.59));
#7555 = CIRCLE('',#7556,0.64);
#7556 = AXIS2_PLACEMENT_3D('',#7557,#7558,#7559);
#7557 = CARTESIAN_POINT('',(0.32,-0.32,0.95));
#7558 = DIRECTION('',(0.,1.,0.));
#7559 = DIRECTION('',(0.,0.,-1.));
#7560 = ORIENTED_EDGE('',*,*,#7561,.T.);
#7561 = EDGE_CURVE('',#7553,#5634,#7562,.T.);
#7562 = LINE('',#7563,#7564);
#7563 = CARTESIAN_POINT('',(-0.32,-0.32,1.59));
#7564 = VECTOR('',#7565,1.);
#7565 = DIRECTION('',(1.,0.,2.143287692327E-17));
#7566 = ORIENTED_EDGE('',*,*,#5641,.T.);
#7567 = ORIENTED_EDGE('',*,*,#7528,.T.);
#7568 = ORIENTED_EDGE('',*,*,#7569,.T.);
#7569 = EDGE_CURVE('',#7529,#7570,#7572,.T.);
#7570 = VERTEX_POINT('',#7571);
#7571 = CARTESIAN_POINT('',(0.32,-0.32,-2.84));
#7572 = LINE('',#7573,#7574);
#7573 = CARTESIAN_POINT('',(0.32,-0.32,0.95));
#7574 = VECTOR('',#7575,1.);
#7575 = DIRECTION('',(0.,0.,-1.));
#7576 = ORIENTED_EDGE('',*,*,#7577,.T.);
#7577 = EDGE_CURVE('',#7570,#7578,#7580,.T.);
#7578 = VERTEX_POINT('',#7579);
#7579 = CARTESIAN_POINT('',(-0.32,-0.32,-2.84));
#7580 = LINE('',#7581,#7582);
#7581 = CARTESIAN_POINT('',(0.32,-0.32,-2.84));
#7582 = VECTOR('',#7583,1.);
#7583 = DIRECTION('',(-1.,0.,0.));
#7584 = ORIENTED_EDGE('',*,*,#7585,.T.);
#7585 = EDGE_CURVE('',#7578,#7551,#7586,.T.);
#7586 = LINE('',#7587,#7588);
#7587 = CARTESIAN_POINT('',(-0.32,-0.32,-3.));
#7588 = VECTOR('',#7589,1.);
#7589 = DIRECTION('',(0.,0.,1.));
#7590 = PLANE('',#7591);
#7591 = AXIS2_PLACEMENT_3D('',#7592,#7593,#7594);
#7592 = CARTESIAN_POINT('',(3.575919732441,-0.32,0.579080267559));
#7593 = DIRECTION('',(1.030170245606E-33,1.,6.630961875715E-34));
#7594 = DIRECTION('',(1.,-1.030170245606E-33,0.));
#7595 = ADVANCED_FACE('',(#7596),#7607,.T.);
#7596 = FACE_BOUND('',#7597,.T.);
#7597 = EDGE_LOOP('',(#7598,#7599,#7605,#7606));
#7598 = ORIENTED_EDGE('',*,*,#7481,.F.);
#7599 = ORIENTED_EDGE('',*,*,#7600,.T.);
#7600 = EDGE_CURVE('',#7473,#7553,#7601,.T.);
#7601 = LINE('',#7602,#7603);
#7602 = CARTESIAN_POINT('',(0.32,0.32,1.59));
#7603 = VECTOR('',#7604,1.);
#7604 = DIRECTION('',(0.,-1.,0.));
#7605 = ORIENTED_EDGE('',*,*,#7561,.T.);
#7606 = ORIENTED_EDGE('',*,*,#5633,.T.);
#7607 = PLANE('',#7608);
#7608 = AXIS2_PLACEMENT_3D('',#7609,#7610,#7611);
#7609 = CARTESIAN_POINT('',(-0.32,0.32,1.59));
#7610 = DIRECTION('',(-2.143287692327E-17,0.,1.));
#7611 = DIRECTION('',(1.,0.,2.143287692327E-17));
#7612 = ADVANCED_FACE('',(#7613),#7638,.T.);
#7613 = FACE_BOUND('',#7614,.T.);
#7614 = EDGE_LOOP('',(#7615,#7623,#7631,#7637));
#7615 = ORIENTED_EDGE('',*,*,#7616,.F.);
#7616 = EDGE_CURVE('',#7617,#5660,#7619,.T.);
#7617 = VERTEX_POINT('',#7618);
#7618 = CARTESIAN_POINT('',(0.32,-4.76,1.59));
#7619 = LINE('',#7620,#7621);
#7620 = CARTESIAN_POINT('',(-0.32,-4.76,1.59));
#7621 = VECTOR('',#7622,1.);
#7622 = DIRECTION('',(1.,0.,2.143287692327E-17));
#7623 = ORIENTED_EDGE('',*,*,#7624,.T.);
#7624 = EDGE_CURVE('',#7617,#7625,#7627,.T.);
#7625 = VERTEX_POINT('',#7626);
#7626 = CARTESIAN_POINT('',(0.32,-5.4,1.59));
#7627 = LINE('',#7628,#7629);
#7628 = CARTESIAN_POINT('',(0.32,-4.76,1.59));
#7629 = VECTOR('',#7630,1.);
#7630 = DIRECTION('',(0.,-1.,0.));
#7631 = ORIENTED_EDGE('',*,*,#7632,.T.);
#7632 = EDGE_CURVE('',#7625,#5658,#7633,.T.);
#7633 = LINE('',#7634,#7635);
#7634 = CARTESIAN_POINT('',(-0.32,-5.4,1.59));
#7635 = VECTOR('',#7636,1.);
#7636 = DIRECTION('',(1.,0.,2.143287692327E-17));
#7637 = ORIENTED_EDGE('',*,*,#5657,.T.);
#7638 = PLANE('',#7639);
#7639 = AXIS2_PLACEMENT_3D('',#7640,#7641,#7642);
#7640 = CARTESIAN_POINT('',(-0.32,-4.76,1.59));
#7641 = DIRECTION('',(-2.143287692327E-17,0.,1.));
#7642 = DIRECTION('',(1.,0.,2.143287692327E-17));
#7643 = ADVANCED_FACE('',(#7644),#7687,.T.);
#7644 = FACE_BOUND('',#7645,.T.);
#7645 = EDGE_LOOP('',(#7646,#7655,#7656,#7657,#7665,#7673,#7681));
#7646 = ORIENTED_EDGE('',*,*,#7647,.T.);
#7647 = EDGE_CURVE('',#7648,#7617,#7650,.T.);
#7648 = VERTEX_POINT('',#7649);
#7649 = CARTESIAN_POINT('',(-0.32,-4.76,0.95));
#7650 = CIRCLE('',#7651,0.64);
#7651 = AXIS2_PLACEMENT_3D('',#7652,#7653,#7654);
#7652 = CARTESIAN_POINT('',(0.32,-4.76,0.95));
#7653 = DIRECTION('',(0.,1.,0.));
#7654 = DIRECTION('',(0.,0.,-1.));
#7655 = ORIENTED_EDGE('',*,*,#7616,.T.);
#7656 = ORIENTED_EDGE('',*,*,#5683,.T.);
#7657 = ORIENTED_EDGE('',*,*,#7658,.T.);
#7658 = EDGE_CURVE('',#5676,#7659,#7661,.T.);
#7659 = VERTEX_POINT('',#7660);
#7660 = CARTESIAN_POINT('',(0.32,-4.76,0.95));
#7661 = LINE('',#7662,#7663);
#7662 = CARTESIAN_POINT('',(10.04,-4.76,0.95));
#7663 = VECTOR('',#7664,1.);
#7664 = DIRECTION('',(-1.,0.,0.));
#7665 = ORIENTED_EDGE('',*,*,#7666,.T.);
#7666 = EDGE_CURVE('',#7659,#7667,#7669,.T.);
#7667 = VERTEX_POINT('',#7668);
#7668 = CARTESIAN_POINT('',(0.32,-4.76,-2.84));
#7669 = LINE('',#7670,#7671);
#7670 = CARTESIAN_POINT('',(0.32,-4.76,0.95));
#7671 = VECTOR('',#7672,1.);
#7672 = DIRECTION('',(0.,0.,-1.));
#7673 = ORIENTED_EDGE('',*,*,#7674,.T.);
#7674 = EDGE_CURVE('',#7667,#7675,#7677,.T.);
#7675 = VERTEX_POINT('',#7676);
#7676 = CARTESIAN_POINT('',(-0.32,-4.76,-2.84));
#7677 = LINE('',#7678,#7679);
#7678 = CARTESIAN_POINT('',(0.32,-4.76,-2.84));
#7679 = VECTOR('',#7680,1.);
#7680 = DIRECTION('',(-1.,0.,0.));
#7681 = ORIENTED_EDGE('',*,*,#7682,.T.);
#7682 = EDGE_CURVE('',#7675,#7648,#7683,.T.);
#7683 = LINE('',#7684,#7685);
#7684 = CARTESIAN_POINT('',(-0.32,-4.76,-3.));
#7685 = VECTOR('',#7686,1.);
#7686 = DIRECTION('',(0.,0.,1.));
#7687 = PLANE('',#7688);
#7688 = AXIS2_PLACEMENT_3D('',#7689,#7690,#7691);
#7689 = CARTESIAN_POINT('',(3.575919732441,-4.76,0.579080267559));
#7690 = DIRECTION('',(1.030170245606E-33,1.,6.630961875715E-34));
#7691 = DIRECTION('',(1.,-1.030170245606E-33,0.));
#7692 = ADVANCED_FACE('',(#7693),#7711,.T.);
#7693 = FACE_BOUND('',#7694,.T.);
#7694 = EDGE_LOOP('',(#7695,#7696,#7697,#7705));
#7695 = ORIENTED_EDGE('',*,*,#7658,.F.);
#7696 = ORIENTED_EDGE('',*,*,#5675,.T.);
#7697 = ORIENTED_EDGE('',*,*,#7698,.T.);
#7698 = EDGE_CURVE('',#5668,#7699,#7701,.T.);
#7699 = VERTEX_POINT('',#7700);
#7700 = CARTESIAN_POINT('',(0.32,-5.4,0.95));
#7701 = LINE('',#7702,#7703);
#7702 = CARTESIAN_POINT('',(10.04,-5.4,0.95));
#7703 = VECTOR('',#7704,1.);
#7704 = DIRECTION('',(-1.,0.,0.));
#7705 = ORIENTED_EDGE('',*,*,#7706,.F.);
#7706 = EDGE_CURVE('',#7659,#7699,#7707,.T.);
#7707 = LINE('',#7708,#7709);
#7708 = CARTESIAN_POINT('',(0.32,-4.76,0.95));
#7709 = VECTOR('',#7710,1.);
#7710 = DIRECTION('',(0.,-1.,0.));
#7711 = PLANE('',#7712);
#7712 = AXIS2_PLACEMENT_3D('',#7713,#7714,#7715);
#7713 = CARTESIAN_POINT('',(10.04,-4.76,0.95));
#7714 = DIRECTION('',(-0.,-0.,-1.));
#7715 = DIRECTION('',(-1.,0.,0.));
#7716 = ADVANCED_FACE('',(#7717),#7753,.F.);
#7717 = FACE_BOUND('',#7718,.F.);
#7718 = EDGE_LOOP('',(#7719,#7728,#7729,#7730,#7731,#7739,#7747));
#7719 = ORIENTED_EDGE('',*,*,#7720,.T.);
#7720 = EDGE_CURVE('',#7721,#7625,#7723,.T.);
#7721 = VERTEX_POINT('',#7722);
#7722 = CARTESIAN_POINT('',(-0.32,-5.4,0.95));
#7723 = CIRCLE('',#7724,0.64);
#7724 = AXIS2_PLACEMENT_3D('',#7725,#7726,#7727);
#7725 = CARTESIAN_POINT('',(0.32,-5.4,0.95));
#7726 = DIRECTION('',(0.,1.,0.));
#7727 = DIRECTION('',(0.,0.,-1.));
#7728 = ORIENTED_EDGE('',*,*,#7632,.T.);
#7729 = ORIENTED_EDGE('',*,*,#5667,.T.);
#7730 = ORIENTED_EDGE('',*,*,#7698,.T.);
#7731 = ORIENTED_EDGE('',*,*,#7732,.T.);
#7732 = EDGE_CURVE('',#7699,#7733,#7735,.T.);
#7733 = VERTEX_POINT('',#7734);
#7734 = CARTESIAN_POINT('',(0.32,-5.4,-2.84));
#7735 = LINE('',#7736,#7737);
#7736 = CARTESIAN_POINT('',(0.32,-5.4,0.95));
#7737 = VECTOR('',#7738,1.);
#7738 = DIRECTION('',(0.,0.,-1.));
#7739 = ORIENTED_EDGE('',*,*,#7740,.T.);
#7740 = EDGE_CURVE('',#7733,#7741,#7743,.T.);
#7741 = VERTEX_POINT('',#7742);
#7742 = CARTESIAN_POINT('',(-0.32,-5.4,-2.84));
#7743 = LINE('',#7744,#7745);
#7744 = CARTESIAN_POINT('',(0.32,-5.4,-2.84));
#7745 = VECTOR('',#7746,1.);
#7746 = DIRECTION('',(-1.,0.,0.));
#7747 = ORIENTED_EDGE('',*,*,#7748,.T.);
#7748 = EDGE_CURVE('',#7741,#7721,#7749,.T.);
#7749 = LINE('',#7750,#7751);
#7750 = CARTESIAN_POINT('',(-0.32,-5.4,-3.));
#7751 = VECTOR('',#7752,1.);
#7752 = DIRECTION('',(0.,0.,1.));
#7753 = PLANE('',#7754);
#7754 = AXIS2_PLACEMENT_3D('',#7755,#7756,#7757);
#7755 = CARTESIAN_POINT('',(3.575919732441,-5.4,0.579080267559));
#7756 = DIRECTION('',(1.030170245606E-33,1.,6.630961875715E-34));
#7757 = DIRECTION('',(1.,-1.030170245606E-33,0.));
#7758 = ADVANCED_FACE('',(#7759),#7809,.T.);
#7759 = FACE_BOUND('',#7760,.T.);
#7760 = EDGE_LOOP('',(#7761,#7772,#7778,#7779,#7787,#7795,#7803));
#7761 = ORIENTED_EDGE('',*,*,#7762,.T.);
#7762 = EDGE_CURVE('',#7763,#7765,#7767,.T.);
#7763 = VERTEX_POINT('',#7764);
#7764 = CARTESIAN_POINT('',(-0.32,-2.22,0.95));
#7765 = VERTEX_POINT('',#7766);
#7766 = CARTESIAN_POINT('',(0.32,-2.22,1.59));
#7767 = CIRCLE('',#7768,0.64);
#7768 = AXIS2_PLACEMENT_3D('',#7769,#7770,#7771);
#7769 = CARTESIAN_POINT('',(0.32,-2.22,0.95));
#7770 = DIRECTION('',(0.,1.,0.));
#7771 = DIRECTION('',(0.,0.,-1.));
#7772 = ORIENTED_EDGE('',*,*,#7773,.T.);
#7773 = EDGE_CURVE('',#7765,#5692,#7774,.T.);
#7774 = LINE('',#7775,#7776);
#7775 = CARTESIAN_POINT('',(-0.32,-2.22,1.59));
#7776 = VECTOR('',#7777,1.);
#7777 = DIRECTION('',(1.,0.,2.143287692327E-17));
#7778 = ORIENTED_EDGE('',*,*,#5691,.T.);
#7779 = ORIENTED_EDGE('',*,*,#7780,.T.);
#7780 = EDGE_CURVE('',#5694,#7781,#7783,.T.);
#7781 = VERTEX_POINT('',#7782);
#7782 = CARTESIAN_POINT('',(0.32,-2.22,0.95));
#7783 = LINE('',#7784,#7785);
#7784 = CARTESIAN_POINT('',(10.04,-2.22,0.95));
#7785 = VECTOR('',#7786,1.);
#7786 = DIRECTION('',(-1.,0.,0.));
#7787 = ORIENTED_EDGE('',*,*,#7788,.T.);
#7788 = EDGE_CURVE('',#7781,#7789,#7791,.T.);
#7789 = VERTEX_POINT('',#7790);
#7790 = CARTESIAN_POINT('',(0.32,-2.22,-2.84));
#7791 = LINE('',#7792,#7793);
#7792 = CARTESIAN_POINT('',(0.32,-2.22,0.95));
#7793 = VECTOR('',#7794,1.);
#7794 = DIRECTION('',(0.,0.,-1.));
#7795 = ORIENTED_EDGE('',*,*,#7796,.T.);
#7796 = EDGE_CURVE('',#7789,#7797,#7799,.T.);
#7797 = VERTEX_POINT('',#7798);
#7798 = CARTESIAN_POINT('',(-0.32,-2.22,-2.84));
#7799 = LINE('',#7800,#7801);
#7800 = CARTESIAN_POINT('',(0.32,-2.22,-2.84));
#7801 = VECTOR('',#7802,1.);
#7802 = DIRECTION('',(-1.,0.,0.));
#7803 = ORIENTED_EDGE('',*,*,#7804,.T.);
#7804 = EDGE_CURVE('',#7797,#7763,#7805,.T.);
#7805 = LINE('',#7806,#7807);
#7806 = CARTESIAN_POINT('',(-0.32,-2.22,-3.));
#7807 = VECTOR('',#7808,1.);
#7808 = DIRECTION('',(0.,0.,1.));
#7809 = PLANE('',#7810);
#7810 = AXIS2_PLACEMENT_3D('',#7811,#7812,#7813);
#7811 = CARTESIAN_POINT('',(3.575919732441,-2.22,0.579080267559));
#7812 = DIRECTION('',(1.030170245606E-33,1.,6.630961875715E-34));
#7813 = DIRECTION('',(1.,-1.030170245606E-33,0.));
#7814 = ADVANCED_FACE('',(#7815),#7833,.T.);
#7815 = FACE_BOUND('',#7816,.T.);
#7816 = EDGE_LOOP('',(#7817,#7818,#7819,#7827));
#7817 = ORIENTED_EDGE('',*,*,#7780,.F.);
#7818 = ORIENTED_EDGE('',*,*,#5717,.T.);
#7819 = ORIENTED_EDGE('',*,*,#7820,.T.);
#7820 = EDGE_CURVE('',#5710,#7821,#7823,.T.);
#7821 = VERTEX_POINT('',#7822);
#7822 = CARTESIAN_POINT('',(0.32,-2.86,0.95));
#7823 = LINE('',#7824,#7825);
#7824 = CARTESIAN_POINT('',(10.04,-2.86,0.95));
#7825 = VECTOR('',#7826,1.);
#7826 = DIRECTION('',(-1.,0.,0.));
#7827 = ORIENTED_EDGE('',*,*,#7828,.F.);
#7828 = EDGE_CURVE('',#7781,#7821,#7829,.T.);
#7829 = LINE('',#7830,#7831);
#7830 = CARTESIAN_POINT('',(0.32,-2.22,0.95));
#7831 = VECTOR('',#7832,1.);
#7832 = DIRECTION('',(0.,-1.,0.));
#7833 = PLANE('',#7834);
#7834 = AXIS2_PLACEMENT_3D('',#7835,#7836,#7837);
#7835 = CARTESIAN_POINT('',(10.04,-2.22,0.95));
#7836 = DIRECTION('',(-0.,-0.,-1.));
#7837 = DIRECTION('',(-1.,0.,0.));
#7838 = ADVANCED_FACE('',(#7839),#7882,.F.);
#7839 = FACE_BOUND('',#7840,.F.);
#7840 = EDGE_LOOP('',(#7841,#7852,#7858,#7859,#7860,#7868,#7876));
#7841 = ORIENTED_EDGE('',*,*,#7842,.T.);
#7842 = EDGE_CURVE('',#7843,#7845,#7847,.T.);
#7843 = VERTEX_POINT('',#7844);
#7844 = CARTESIAN_POINT('',(-0.32,-2.86,0.95));
#7845 = VERTEX_POINT('',#7846);
#7846 = CARTESIAN_POINT('',(0.32,-2.86,1.59));
#7847 = CIRCLE('',#7848,0.64);
#7848 = AXIS2_PLACEMENT_3D('',#7849,#7850,#7851);
#7849 = CARTESIAN_POINT('',(0.32,-2.86,0.95));
#7850 = DIRECTION('',(0.,1.,0.));
#7851 = DIRECTION('',(0.,0.,-1.));
#7852 = ORIENTED_EDGE('',*,*,#7853,.T.);
#7853 = EDGE_CURVE('',#7845,#5702,#7854,.T.);
#7854 = LINE('',#7855,#7856);
#7855 = CARTESIAN_POINT('',(-0.32,-2.86,1.59));
#7856 = VECTOR('',#7857,1.);
#7857 = DIRECTION('',(1.,0.,2.143287692327E-17));
#7858 = ORIENTED_EDGE('',*,*,#5709,.T.);
#7859 = ORIENTED_EDGE('',*,*,#7820,.T.);
#7860 = ORIENTED_EDGE('',*,*,#7861,.T.);
#7861 = EDGE_CURVE('',#7821,#7862,#7864,.T.);
#7862 = VERTEX_POINT('',#7863);
#7863 = CARTESIAN_POINT('',(0.32,-2.86,-2.84));
#7864 = LINE('',#7865,#7866);
#7865 = CARTESIAN_POINT('',(0.32,-2.86,0.95));
#7866 = VECTOR('',#7867,1.);
#7867 = DIRECTION('',(0.,0.,-1.));
#7868 = ORIENTED_EDGE('',*,*,#7869,.T.);
#7869 = EDGE_CURVE('',#7862,#7870,#7872,.T.);
#7870 = VERTEX_POINT('',#7871);
#7871 = CARTESIAN_POINT('',(-0.32,-2.86,-2.84));
#7872 = LINE('',#7873,#7874);
#7873 = CARTESIAN_POINT('',(0.32,-2.86,-2.84));
#7874 = VECTOR('',#7875,1.);
#7875 = DIRECTION('',(-1.,0.,0.));
#7876 = ORIENTED_EDGE('',*,*,#7877,.T.);
#7877 = EDGE_CURVE('',#7870,#7843,#7878,.T.);
#7878 = LINE('',#7879,#7880);
#7879 = CARTESIAN_POINT('',(-0.32,-2.86,-3.));
#7880 = VECTOR('',#7881,1.);
#7881 = DIRECTION('',(0.,0.,1.));
#7882 = PLANE('',#7883);
#7883 = AXIS2_PLACEMENT_3D('',#7884,#7885,#7886);
#7884 = CARTESIAN_POINT('',(3.575919732441,-2.86,0.579080267559));
#7885 = DIRECTION('',(1.030170245606E-33,1.,6.630961875715E-34));
#7886 = DIRECTION('',(1.,-1.030170245606E-33,0.));
#7887 = ADVANCED_FACE('',(#7888),#7899,.T.);
#7888 = FACE_BOUND('',#7889,.T.);
#7889 = EDGE_LOOP('',(#7890,#7891,#7897,#7898));
#7890 = ORIENTED_EDGE('',*,*,#7773,.F.);
#7891 = ORIENTED_EDGE('',*,*,#7892,.T.);
#7892 = EDGE_CURVE('',#7765,#7845,#7893,.T.);
#7893 = LINE('',#7894,#7895);
#7894 = CARTESIAN_POINT('',(0.32,-2.22,1.59));
#7895 = VECTOR('',#7896,1.);
#7896 = DIRECTION('',(0.,-1.,0.));
#7897 = ORIENTED_EDGE('',*,*,#7853,.T.);
#7898 = ORIENTED_EDGE('',*,*,#5701,.T.);
#7899 = PLANE('',#7900);
#7900 = AXIS2_PLACEMENT_3D('',#7901,#7902,#7903);
#7901 = CARTESIAN_POINT('',(-0.32,-2.22,1.59));
#7902 = DIRECTION('',(-2.143287692327E-17,0.,1.));
#7903 = DIRECTION('',(1.,0.,2.143287692327E-17));
#7904 = ADVANCED_FACE('',(#7905),#7930,.T.);
#7905 = FACE_BOUND('',#7906,.T.);
#7906 = EDGE_LOOP('',(#7907,#7915,#7923,#7929));
#7907 = ORIENTED_EDGE('',*,*,#7908,.F.);
#7908 = EDGE_CURVE('',#7909,#5728,#7911,.T.);
#7909 = VERTEX_POINT('',#7910);
#7910 = CARTESIAN_POINT('',(0.32,-14.92,1.59));
#7911 = LINE('',#7912,#7913);
#7912 = CARTESIAN_POINT('',(-0.32,-14.92,1.59));
#7913 = VECTOR('',#7914,1.);
#7914 = DIRECTION('',(1.,0.,2.143287692327E-17));
#7915 = ORIENTED_EDGE('',*,*,#7916,.T.);
#7916 = EDGE_CURVE('',#7909,#7917,#7919,.T.);
#7917 = VERTEX_POINT('',#7918);
#7918 = CARTESIAN_POINT('',(0.32,-15.56,1.59));
#7919 = LINE('',#7920,#7921);
#7920 = CARTESIAN_POINT('',(0.32,-14.92,1.59));
#7921 = VECTOR('',#7922,1.);
#7922 = DIRECTION('',(0.,-1.,0.));
#7923 = ORIENTED_EDGE('',*,*,#7924,.T.);
#7924 = EDGE_CURVE('',#7917,#5726,#7925,.T.);
#7925 = LINE('',#7926,#7927);
#7926 = CARTESIAN_POINT('',(-0.32,-15.56,1.59));
#7927 = VECTOR('',#7928,1.);
#7928 = DIRECTION('',(1.,0.,2.143287692327E-17));
#7929 = ORIENTED_EDGE('',*,*,#5725,.T.);
#7930 = PLANE('',#7931);
#7931 = AXIS2_PLACEMENT_3D('',#7932,#7933,#7934);
#7932 = CARTESIAN_POINT('',(-0.32,-14.92,1.59));
#7933 = DIRECTION('',(-2.143287692327E-17,0.,1.));
#7934 = DIRECTION('',(1.,0.,2.143287692327E-17));
#7935 = ADVANCED_FACE('',(#7936),#7979,.T.);
#7936 = FACE_BOUND('',#7937,.T.);
#7937 = EDGE_LOOP('',(#7938,#7947,#7948,#7949,#7957,#7965,#7973));
#7938 = ORIENTED_EDGE('',*,*,#7939,.T.);
#7939 = EDGE_CURVE('',#7940,#7909,#7942,.T.);
#7940 = VERTEX_POINT('',#7941);
#7941 = CARTESIAN_POINT('',(-0.32,-14.92,0.95));
#7942 = CIRCLE('',#7943,0.64);
#7943 = AXIS2_PLACEMENT_3D('',#7944,#7945,#7946);
#7944 = CARTESIAN_POINT('',(0.32,-14.92,0.95));
#7945 = DIRECTION('',(0.,1.,0.));
#7946 = DIRECTION('',(0.,0.,-1.));
#7947 = ORIENTED_EDGE('',*,*,#7908,.T.);
#7948 = ORIENTED_EDGE('',*,*,#5751,.T.);
#7949 = ORIENTED_EDGE('',*,*,#7950,.T.);
#7950 = EDGE_CURVE('',#5744,#7951,#7953,.T.);
#7951 = VERTEX_POINT('',#7952);
#7952 = CARTESIAN_POINT('',(0.32,-14.92,0.95));
#7953 = LINE('',#7954,#7955);
#7954 = CARTESIAN_POINT('',(10.04,-14.92,0.95));
#7955 = VECTOR('',#7956,1.);
#7956 = DIRECTION('',(-1.,0.,0.));
#7957 = ORIENTED_EDGE('',*,*,#7958,.T.);
#7958 = EDGE_CURVE('',#7951,#7959,#7961,.T.);
#7959 = VERTEX_POINT('',#7960);
#7960 = CARTESIAN_POINT('',(0.32,-14.92,-2.84));
#7961 = LINE('',#7962,#7963);
#7962 = CARTESIAN_POINT('',(0.32,-14.92,0.95));
#7963 = VECTOR('',#7964,1.);
#7964 = DIRECTION('',(0.,0.,-1.));
#7965 = ORIENTED_EDGE('',*,*,#7966,.T.);
#7966 = EDGE_CURVE('',#7959,#7967,#7969,.T.);
#7967 = VERTEX_POINT('',#7968);
#7968 = CARTESIAN_POINT('',(-0.32,-14.92,-2.84));
#7969 = LINE('',#7970,#7971);
#7970 = CARTESIAN_POINT('',(0.32,-14.92,-2.84));
#7971 = VECTOR('',#7972,1.);
#7972 = DIRECTION('',(-1.,0.,0.));
#7973 = ORIENTED_EDGE('',*,*,#7974,.T.);
#7974 = EDGE_CURVE('',#7967,#7940,#7975,.T.);
#7975 = LINE('',#7976,#7977);
#7976 = CARTESIAN_POINT('',(-0.32,-14.92,-3.));
#7977 = VECTOR('',#7978,1.);
#7978 = DIRECTION('',(0.,0.,1.));
#7979 = PLANE('',#7980);
#7980 = AXIS2_PLACEMENT_3D('',#7981,#7982,#7983);
#7981 = CARTESIAN_POINT('',(3.575919732441,-14.92,0.579080267559));
#7982 = DIRECTION('',(1.030170245606E-33,1.,6.630961875715E-34));
#7983 = DIRECTION('',(1.,-1.030170245606E-33,0.));
#7984 = ADVANCED_FACE('',(#7985),#8003,.T.);
#7985 = FACE_BOUND('',#7986,.T.);
#7986 = EDGE_LOOP('',(#7987,#7988,#7989,#7997));
#7987 = ORIENTED_EDGE('',*,*,#7950,.F.);
#7988 = ORIENTED_EDGE('',*,*,#5743,.T.);
#7989 = ORIENTED_EDGE('',*,*,#7990,.T.);
#7990 = EDGE_CURVE('',#5736,#7991,#7993,.T.);
#7991 = VERTEX_POINT('',#7992);
#7992 = CARTESIAN_POINT('',(0.32,-15.56,0.95));
#7993 = LINE('',#7994,#7995);
#7994 = CARTESIAN_POINT('',(10.04,-15.56,0.95));
#7995 = VECTOR('',#7996,1.);
#7996 = DIRECTION('',(-1.,0.,0.));
#7997 = ORIENTED_EDGE('',*,*,#7998,.F.);
#7998 = EDGE_CURVE('',#7951,#7991,#7999,.T.);
#7999 = LINE('',#8000,#8001);
#8000 = CARTESIAN_POINT('',(0.32,-14.92,0.95));
#8001 = VECTOR('',#8002,1.);
#8002 = DIRECTION('',(0.,-1.,0.));
#8003 = PLANE('',#8004);
#8004 = AXIS2_PLACEMENT_3D('',#8005,#8006,#8007);
#8005 = CARTESIAN_POINT('',(10.04,-14.92,0.95));
#8006 = DIRECTION('',(-0.,-0.,-1.));
#8007 = DIRECTION('',(-1.,0.,0.));
#8008 = ADVANCED_FACE('',(#8009),#8045,.F.);
#8009 = FACE_BOUND('',#8010,.F.);
#8010 = EDGE_LOOP('',(#8011,#8020,#8021,#8022,#8023,#8031,#8039));
#8011 = ORIENTED_EDGE('',*,*,#8012,.T.);
#8012 = EDGE_CURVE('',#8013,#7917,#8015,.T.);
#8013 = VERTEX_POINT('',#8014);
#8014 = CARTESIAN_POINT('',(-0.32,-15.56,0.95));
#8015 = CIRCLE('',#8016,0.64);
#8016 = AXIS2_PLACEMENT_3D('',#8017,#8018,#8019);
#8017 = CARTESIAN_POINT('',(0.32,-15.56,0.95));
#8018 = DIRECTION('',(0.,1.,0.));
#8019 = DIRECTION('',(0.,0.,-1.));
#8020 = ORIENTED_EDGE('',*,*,#7924,.T.);
#8021 = ORIENTED_EDGE('',*,*,#5735,.T.);
#8022 = ORIENTED_EDGE('',*,*,#7990,.T.);
#8023 = ORIENTED_EDGE('',*,*,#8024,.T.);
#8024 = EDGE_CURVE('',#7991,#8025,#8027,.T.);
#8025 = VERTEX_POINT('',#8026);
#8026 = CARTESIAN_POINT('',(0.32,-15.56,-2.84));
#8027 = LINE('',#8028,#8029);
#8028 = CARTESIAN_POINT('',(0.32,-15.56,0.95));
#8029 = VECTOR('',#8030,1.);
#8030 = DIRECTION('',(0.,0.,-1.));
#8031 = ORIENTED_EDGE('',*,*,#8032,.T.);
#8032 = EDGE_CURVE('',#8025,#8033,#8035,.T.);
#8033 = VERTEX_POINT('',#8034);
#8034 = CARTESIAN_POINT('',(-0.32,-15.56,-2.84));
#8035 = LINE('',#8036,#8037);
#8036 = CARTESIAN_POINT('',(0.32,-15.56,-2.84));
#8037 = VECTOR('',#8038,1.);
#8038 = DIRECTION('',(-1.,0.,0.));
#8039 = ORIENTED_EDGE('',*,*,#8040,.T.);
#8040 = EDGE_CURVE('',#8033,#8013,#8041,.T.);
#8041 = LINE('',#8042,#8043);
#8042 = CARTESIAN_POINT('',(-0.32,-15.56,-3.));
#8043 = VECTOR('',#8044,1.);
#8044 = DIRECTION('',(0.,0.,1.));
#8045 = PLANE('',#8046);
#8046 = AXIS2_PLACEMENT_3D('',#8047,#8048,#8049);
#8047 = CARTESIAN_POINT('',(3.575919732441,-15.56,0.579080267559));
#8048 = DIRECTION('',(1.030170245606E-33,1.,6.630961875715E-34));
#8049 = DIRECTION('',(1.,-1.030170245606E-33,0.));
#8050 = ADVANCED_FACE('',(#8051),#8076,.T.);
#8051 = FACE_BOUND('',#8052,.T.);
#8052 = EDGE_LOOP('',(#8053,#8061,#8069,#8075));
#8053 = ORIENTED_EDGE('',*,*,#8054,.F.);
#8054 = EDGE_CURVE('',#8055,#6097,#8057,.T.);
#8055 = VERTEX_POINT('',#8056);
#8056 = CARTESIAN_POINT('',(9.88,-12.38,0.95));
#8057 = LINE('',#8058,#8059);
#8058 = CARTESIAN_POINT('',(10.04,-12.38,0.95));
#8059 = VECTOR('',#8060,1.);
#8060 = DIRECTION('',(-1.,0.,0.));
#8061 = ORIENTED_EDGE('',*,*,#8062,.T.);
#8062 = EDGE_CURVE('',#8055,#8063,#8065,.T.);
#8063 = VERTEX_POINT('',#8064);
#8064 = CARTESIAN_POINT('',(9.88,-13.02,0.95));
#8065 = LINE('',#8066,#8067);
#8066 = CARTESIAN_POINT('',(9.88,-12.38,0.95));
#8067 = VECTOR('',#8068,1.);
#8068 = DIRECTION('',(0.,-1.,0.));
#8069 = ORIENTED_EDGE('',*,*,#8070,.T.);
#8070 = EDGE_CURVE('',#8063,#6099,#8071,.T.);
#8071 = LINE('',#8072,#8073);
#8072 = CARTESIAN_POINT('',(10.04,-13.02,0.95));
#8073 = VECTOR('',#8074,1.);
#8074 = DIRECTION('',(-1.,0.,0.));
#8075 = ORIENTED_EDGE('',*,*,#6096,.F.);
#8076 = PLANE('',#8077);
#8077 = AXIS2_PLACEMENT_3D('',#8078,#8079,#8080);
#8078 = CARTESIAN_POINT('',(10.04,-12.38,0.95));
#8079 = DIRECTION('',(-0.,-0.,-1.));
#8080 = DIRECTION('',(-1.,0.,0.));
#8081 = ADVANCED_FACE('',(#8082),#8100,.F.);
#8082 = FACE_BOUND('',#8083,.F.);
#8083 = EDGE_LOOP('',(#8084,#8085,#8093,#8099));
#8084 = ORIENTED_EDGE('',*,*,#6122,.F.);
#8085 = ORIENTED_EDGE('',*,*,#8086,.T.);
#8086 = EDGE_CURVE('',#6115,#8087,#8089,.T.);
#8087 = VERTEX_POINT('',#8088);
#8088 = CARTESIAN_POINT('',(9.88,-13.02,1.59));
#8089 = LINE('',#8090,#8091);
#8090 = CARTESIAN_POINT('',(-0.32,-13.02,1.59));
#8091 = VECTOR('',#8092,1.);
#8092 = DIRECTION('',(1.,0.,2.143287692327E-17));
#8093 = ORIENTED_EDGE('',*,*,#8094,.T.);
#8094 = EDGE_CURVE('',#8087,#8063,#8095,.T.);
#8095 = LINE('',#8096,#8097);
#8096 = CARTESIAN_POINT('',(9.88,-13.02,1.59));
#8097 = VECTOR('',#8098,1.);
#8098 = DIRECTION('',(0.,0.,-1.));
#8099 = ORIENTED_EDGE('',*,*,#8070,.T.);
#8100 = PLANE('',#8101);
#8101 = AXIS2_PLACEMENT_3D('',#8102,#8103,#8104);
#8102 = CARTESIAN_POINT('',(3.575919732441,-13.02,0.579080267559));
#8103 = DIRECTION('',(1.030170245606E-33,1.,6.630961875715E-34));
#8104 = DIRECTION('',(1.,-1.030170245606E-33,0.));
#8105 = ADVANCED_FACE('',(#8106),#8124,.T.);
#8106 = FACE_BOUND('',#8107,.T.);
#8107 = EDGE_LOOP('',(#8108,#8116,#8117,#8118));
#8108 = ORIENTED_EDGE('',*,*,#8109,.F.);
#8109 = EDGE_CURVE('',#6107,#8110,#8112,.T.);
#8110 = VERTEX_POINT('',#8111);
#8111 = CARTESIAN_POINT('',(9.88,-12.38,1.59));
#8112 = LINE('',#8113,#8114);
#8113 = CARTESIAN_POINT('',(-0.32,-12.38,1.59));
#8114 = VECTOR('',#8115,1.);
#8115 = DIRECTION('',(1.,0.,2.143287692327E-17));
#8116 = ORIENTED_EDGE('',*,*,#6114,.F.);
#8117 = ORIENTED_EDGE('',*,*,#8086,.T.);
#8118 = ORIENTED_EDGE('',*,*,#8119,.F.);
#8119 = EDGE_CURVE('',#8110,#8087,#8120,.T.);
#8120 = LINE('',#8121,#8122);
#8121 = CARTESIAN_POINT('',(9.88,-12.38,1.59));
#8122 = VECTOR('',#8123,1.);
#8123 = DIRECTION('',(0.,-1.,0.));
#8124 = PLANE('',#8125);
#8125 = AXIS2_PLACEMENT_3D('',#8126,#8127,#8128);
#8126 = CARTESIAN_POINT('',(-0.32,-12.38,1.59));
#8127 = DIRECTION('',(-2.143287692327E-17,0.,1.));
#8128 = DIRECTION('',(1.,0.,2.143287692327E-17));
#8129 = ADVANCED_FACE('',(#8130),#8141,.T.);
#8130 = FACE_BOUND('',#8131,.T.);
#8131 = EDGE_LOOP('',(#8132,#8133,#8134,#8140));
#8132 = ORIENTED_EDGE('',*,*,#6106,.F.);
#8133 = ORIENTED_EDGE('',*,*,#8109,.T.);
#8134 = ORIENTED_EDGE('',*,*,#8135,.T.);
#8135 = EDGE_CURVE('',#8110,#8055,#8136,.T.);
#8136 = LINE('',#8137,#8138);
#8137 = CARTESIAN_POINT('',(9.88,-12.38,1.59));
#8138 = VECTOR('',#8139,1.);
#8139 = DIRECTION('',(0.,0.,-1.));
#8140 = ORIENTED_EDGE('',*,*,#8054,.T.);
#8141 = PLANE('',#8142);
#8142 = AXIS2_PLACEMENT_3D('',#8143,#8144,#8145);
#8143 = CARTESIAN_POINT('',(3.575919732441,-12.38,0.579080267559));
#8144 = DIRECTION('',(1.030170245606E-33,1.,6.630961875715E-34));
#8145 = DIRECTION('',(1.,-1.030170245606E-33,0.));
#8146 = ADVANCED_FACE('',(#8147),#8172,.T.);
#8147 = FACE_BOUND('',#8148,.T.);
#8148 = EDGE_LOOP('',(#8149,#8150,#8158,#8166));
#8149 = ORIENTED_EDGE('',*,*,#6130,.F.);
#8150 = ORIENTED_EDGE('',*,*,#8151,.T.);
#8151 = EDGE_CURVE('',#6131,#8152,#8154,.T.);
#8152 = VERTEX_POINT('',#8153);
#8153 = CARTESIAN_POINT('',(9.88,-9.84,1.59));
#8154 = LINE('',#8155,#8156);
#8155 = CARTESIAN_POINT('',(-0.32,-9.84,1.59));
#8156 = VECTOR('',#8157,1.);
#8157 = DIRECTION('',(1.,0.,2.143287692327E-17));
#8158 = ORIENTED_EDGE('',*,*,#8159,.T.);
#8159 = EDGE_CURVE('',#8152,#8160,#8162,.T.);
#8160 = VERTEX_POINT('',#8161);
#8161 = CARTESIAN_POINT('',(9.88,-9.84,0.95));
#8162 = LINE('',#8163,#8164);
#8163 = CARTESIAN_POINT('',(9.88,-9.84,1.59));
#8164 = VECTOR('',#8165,1.);
#8165 = DIRECTION('',(0.,0.,-1.));
#8166 = ORIENTED_EDGE('',*,*,#8167,.T.);
#8167 = EDGE_CURVE('',#8160,#6133,#8168,.T.);
#8168 = LINE('',#8169,#8170);
#8169 = CARTESIAN_POINT('',(10.04,-9.84,0.95));
#8170 = VECTOR('',#8171,1.);
#8171 = DIRECTION('',(-1.,0.,0.));
#8172 = PLANE('',#8173);
#8173 = AXIS2_PLACEMENT_3D('',#8174,#8175,#8176);
#8174 = CARTESIAN_POINT('',(3.575919732441,-9.84,0.579080267559));
#8175 = DIRECTION('',(1.030170245606E-33,1.,6.630961875715E-34));
#8176 = DIRECTION('',(1.,-1.030170245606E-33,0.));
#8177 = ADVANCED_FACE('',(#8178),#8196,.T.);
#8178 = FACE_BOUND('',#8179,.T.);
#8179 = EDGE_LOOP('',(#8180,#8181,#8189,#8195));
#8180 = ORIENTED_EDGE('',*,*,#8167,.F.);
#8181 = ORIENTED_EDGE('',*,*,#8182,.T.);
#8182 = EDGE_CURVE('',#8160,#8183,#8185,.T.);
#8183 = VERTEX_POINT('',#8184);
#8184 = CARTESIAN_POINT('',(9.88,-10.48,0.95));
#8185 = LINE('',#8186,#8187);
#8186 = CARTESIAN_POINT('',(9.88,-9.84,0.95));
#8187 = VECTOR('',#8188,1.);
#8188 = DIRECTION('',(0.,-1.,0.));
#8189 = ORIENTED_EDGE('',*,*,#8190,.T.);
#8190 = EDGE_CURVE('',#8183,#6149,#8191,.T.);
#8191 = LINE('',#8192,#8193);
#8192 = CARTESIAN_POINT('',(10.04,-10.48,0.95));
#8193 = VECTOR('',#8194,1.);
#8194 = DIRECTION('',(-1.,0.,0.));
#8195 = ORIENTED_EDGE('',*,*,#6156,.F.);
#8196 = PLANE('',#8197);
#8197 = AXIS2_PLACEMENT_3D('',#8198,#8199,#8200);
#8198 = CARTESIAN_POINT('',(10.04,-9.84,0.95));
#8199 = DIRECTION('',(-0.,-0.,-1.));
#8200 = DIRECTION('',(-1.,0.,0.));
#8201 = ADVANCED_FACE('',(#8202),#8220,.F.);
#8202 = FACE_BOUND('',#8203,.F.);
#8203 = EDGE_LOOP('',(#8204,#8205,#8213,#8219));
#8204 = ORIENTED_EDGE('',*,*,#6148,.F.);
#8205 = ORIENTED_EDGE('',*,*,#8206,.T.);
#8206 = EDGE_CURVE('',#6141,#8207,#8209,.T.);
#8207 = VERTEX_POINT('',#8208);
#8208 = CARTESIAN_POINT('',(9.88,-10.48,1.59));
#8209 = LINE('',#8210,#8211);
#8210 = CARTESIAN_POINT('',(-0.32,-10.48,1.59));
#8211 = VECTOR('',#8212,1.);
#8212 = DIRECTION('',(1.,0.,2.143287692327E-17));
#8213 = ORIENTED_EDGE('',*,*,#8214,.T.);
#8214 = EDGE_CURVE('',#8207,#8183,#8215,.T.);
#8215 = LINE('',#8216,#8217);
#8216 = CARTESIAN_POINT('',(9.88,-10.48,1.59));
#8217 = VECTOR('',#8218,1.);
#8218 = DIRECTION('',(0.,0.,-1.));
#8219 = ORIENTED_EDGE('',*,*,#8190,.T.);
#8220 = PLANE('',#8221);
#8221 = AXIS2_PLACEMENT_3D('',#8222,#8223,#8224);
#8222 = CARTESIAN_POINT('',(3.575919732441,-10.48,0.579080267559));
#8223 = DIRECTION('',(1.030170245606E-33,1.,6.630961875715E-34));
#8224 = DIRECTION('',(1.,-1.030170245606E-33,0.));
#8225 = ADVANCED_FACE('',(#8226),#8237,.T.);
#8226 = FACE_BOUND('',#8227,.T.);
#8227 = EDGE_LOOP('',(#8228,#8229,#8230,#8231));
#8228 = ORIENTED_EDGE('',*,*,#8151,.F.);
#8229 = ORIENTED_EDGE('',*,*,#6140,.F.);
#8230 = ORIENTED_EDGE('',*,*,#8206,.T.);
#8231 = ORIENTED_EDGE('',*,*,#8232,.F.);
#8232 = EDGE_CURVE('',#8152,#8207,#8233,.T.);
#8233 = LINE('',#8234,#8235);
#8234 = CARTESIAN_POINT('',(9.88,-9.84,1.59));
#8235 = VECTOR('',#8236,1.);
#8236 = DIRECTION('',(0.,-1.,0.));
#8237 = PLANE('',#8238);
#8238 = AXIS2_PLACEMENT_3D('',#8239,#8240,#8241);
#8239 = CARTESIAN_POINT('',(-0.32,-9.84,1.59));
#8240 = DIRECTION('',(-2.143287692327E-17,0.,1.));
#8241 = DIRECTION('',(1.,0.,2.143287692327E-17));
#8242 = ADVANCED_FACE('',(#8243),#8268,.T.);
#8243 = FACE_BOUND('',#8244,.T.);
#8244 = EDGE_LOOP('',(#8245,#8253,#8254,#8262));
#8245 = ORIENTED_EDGE('',*,*,#8246,.F.);
#8246 = EDGE_CURVE('',#6167,#8247,#8249,.T.);
#8247 = VERTEX_POINT('',#8248);
#8248 = CARTESIAN_POINT('',(9.88,-7.3,1.59));
#8249 = LINE('',#8250,#8251);
#8250 = CARTESIAN_POINT('',(-0.32,-7.3,1.59));
#8251 = VECTOR('',#8252,1.);
#8252 = DIRECTION('',(1.,0.,2.143287692327E-17));
#8253 = ORIENTED_EDGE('',*,*,#6164,.F.);
#8254 = ORIENTED_EDGE('',*,*,#8255,.T.);
#8255 = EDGE_CURVE('',#6165,#8256,#8258,.T.);
#8256 = VERTEX_POINT('',#8257);
#8257 = CARTESIAN_POINT('',(9.88,-7.94,1.59));
#8258 = LINE('',#8259,#8260);
#8259 = CARTESIAN_POINT('',(-0.32,-7.94,1.59));
#8260 = VECTOR('',#8261,1.);
#8261 = DIRECTION('',(1.,0.,2.143287692327E-17));
#8262 = ORIENTED_EDGE('',*,*,#8263,.F.);
#8263 = EDGE_CURVE('',#8247,#8256,#8264,.T.);
#8264 = LINE('',#8265,#8266);
#8265 = CARTESIAN_POINT('',(9.88,-7.3,1.59));
#8266 = VECTOR('',#8267,1.);
#8267 = DIRECTION('',(0.,-1.,0.));
#8268 = PLANE('',#8269);
#8269 = AXIS2_PLACEMENT_3D('',#8270,#8271,#8272);
#8270 = CARTESIAN_POINT('',(-0.32,-7.3,1.59));
#8271 = DIRECTION('',(-2.143287692327E-17,0.,1.));
#8272 = DIRECTION('',(1.,0.,2.143287692327E-17));
#8273 = ADVANCED_FACE('',(#8274),#8292,.T.);
#8274 = FACE_BOUND('',#8275,.T.);
#8275 = EDGE_LOOP('',(#8276,#8277,#8278,#8286));
#8276 = ORIENTED_EDGE('',*,*,#6190,.F.);
#8277 = ORIENTED_EDGE('',*,*,#8246,.T.);
#8278 = ORIENTED_EDGE('',*,*,#8279,.T.);
#8279 = EDGE_CURVE('',#8247,#8280,#8282,.T.);
#8280 = VERTEX_POINT('',#8281);
#8281 = CARTESIAN_POINT('',(9.88,-7.3,0.95));
#8282 = LINE('',#8283,#8284);
#8283 = CARTESIAN_POINT('',(9.88,-7.3,1.59));
#8284 = VECTOR('',#8285,1.);
#8285 = DIRECTION('',(0.,0.,-1.));
#8286 = ORIENTED_EDGE('',*,*,#8287,.T.);
#8287 = EDGE_CURVE('',#8280,#6183,#8288,.T.);
#8288 = LINE('',#8289,#8290);
#8289 = CARTESIAN_POINT('',(10.04,-7.3,0.95));
#8290 = VECTOR('',#8291,1.);
#8291 = DIRECTION('',(-1.,0.,0.));
#8292 = PLANE('',#8293);
#8293 = AXIS2_PLACEMENT_3D('',#8294,#8295,#8296);
#8294 = CARTESIAN_POINT('',(3.575919732441,-7.3,0.579080267559));
#8295 = DIRECTION('',(1.030170245606E-33,1.,6.630961875715E-34));
#8296 = DIRECTION('',(1.,-1.030170245606E-33,0.));
#8297 = ADVANCED_FACE('',(#8298),#8316,.T.);
#8298 = FACE_BOUND('',#8299,.T.);
#8299 = EDGE_LOOP('',(#8300,#8301,#8309,#8315));
#8300 = ORIENTED_EDGE('',*,*,#8287,.F.);
#8301 = ORIENTED_EDGE('',*,*,#8302,.T.);
#8302 = EDGE_CURVE('',#8280,#8303,#8305,.T.);
#8303 = VERTEX_POINT('',#8304);
#8304 = CARTESIAN_POINT('',(9.88,-7.94,0.95));
#8305 = LINE('',#8306,#8307);
#8306 = CARTESIAN_POINT('',(9.88,-7.3,0.95));
#8307 = VECTOR('',#8308,1.);
#8308 = DIRECTION('',(0.,-1.,0.));
#8309 = ORIENTED_EDGE('',*,*,#8310,.T.);
#8310 = EDGE_CURVE('',#8303,#6175,#8311,.T.);
#8311 = LINE('',#8312,#8313);
#8312 = CARTESIAN_POINT('',(10.04,-7.94,0.95));
#8313 = VECTOR('',#8314,1.);
#8314 = DIRECTION('',(-1.,0.,0.));
#8315 = ORIENTED_EDGE('',*,*,#6182,.F.);
#8316 = PLANE('',#8317);
#8317 = AXIS2_PLACEMENT_3D('',#8318,#8319,#8320);
#8318 = CARTESIAN_POINT('',(10.04,-7.3,0.95));
#8319 = DIRECTION('',(-0.,-0.,-1.));
#8320 = DIRECTION('',(-1.,0.,0.));
#8321 = ADVANCED_FACE('',(#8322),#8333,.F.);
#8322 = FACE_BOUND('',#8323,.F.);
#8323 = EDGE_LOOP('',(#8324,#8325,#8326,#8332));
#8324 = ORIENTED_EDGE('',*,*,#6174,.F.);
#8325 = ORIENTED_EDGE('',*,*,#8255,.T.);
#8326 = ORIENTED_EDGE('',*,*,#8327,.T.);
#8327 = EDGE_CURVE('',#8256,#8303,#8328,.T.);
#8328 = LINE('',#8329,#8330);
#8329 = CARTESIAN_POINT('',(9.88,-7.94,1.59));
#8330 = VECTOR('',#8331,1.);
#8331 = DIRECTION('',(0.,0.,-1.));
#8332 = ORIENTED_EDGE('',*,*,#8310,.T.);
#8333 = PLANE('',#8334);
#8334 = AXIS2_PLACEMENT_3D('',#8335,#8336,#8337);
#8335 = CARTESIAN_POINT('',(3.575919732441,-7.94,0.579080267559));
#8336 = DIRECTION('',(1.030170245606E-33,1.,6.630961875715E-34));
#8337 = DIRECTION('',(1.,-1.030170245606E-33,0.));
#8338 = ADVANCED_FACE('',(#8339),#8364,.T.);
#8339 = FACE_BOUND('',#8340,.T.);
#8340 = EDGE_LOOP('',(#8341,#8342,#8350,#8358));
#8341 = ORIENTED_EDGE('',*,*,#6198,.F.);
#8342 = ORIENTED_EDGE('',*,*,#8343,.T.);
#8343 = EDGE_CURVE('',#6199,#8344,#8346,.T.);
#8344 = VERTEX_POINT('',#8345);
#8345 = CARTESIAN_POINT('',(9.88,0.32,1.59));
#8346 = LINE('',#8347,#8348);
#8347 = CARTESIAN_POINT('',(-0.32,0.32,1.59));
#8348 = VECTOR('',#8349,1.);
#8349 = DIRECTION('',(1.,0.,2.143287692327E-17));
#8350 = ORIENTED_EDGE('',*,*,#8351,.T.);
#8351 = EDGE_CURVE('',#8344,#8352,#8354,.T.);
#8352 = VERTEX_POINT('',#8353);
#8353 = CARTESIAN_POINT('',(9.88,0.32,0.95));
#8354 = LINE('',#8355,#8356);
#8355 = CARTESIAN_POINT('',(9.88,0.32,1.59));
#8356 = VECTOR('',#8357,1.);
#8357 = DIRECTION('',(0.,0.,-1.));
#8358 = ORIENTED_EDGE('',*,*,#8359,.T.);
#8359 = EDGE_CURVE('',#8352,#6201,#8360,.T.);
#8360 = LINE('',#8361,#8362);
#8361 = CARTESIAN_POINT('',(10.04,0.32,0.95));
#8362 = VECTOR('',#8363,1.);
#8363 = DIRECTION('',(-1.,0.,0.));
#8364 = PLANE('',#8365);
#8365 = AXIS2_PLACEMENT_3D('',#8366,#8367,#8368);
#8366 = CARTESIAN_POINT('',(3.575919732441,0.32,0.579080267559));
#8367 = DIRECTION('',(1.030170245606E-33,1.,6.630961875715E-34));
#8368 = DIRECTION('',(1.,-1.030170245606E-33,0.));
#8369 = ADVANCED_FACE('',(#8370),#8388,.T.);
#8370 = FACE_BOUND('',#8371,.T.);
#8371 = EDGE_LOOP('',(#8372,#8373,#8381,#8387));
#8372 = ORIENTED_EDGE('',*,*,#8359,.F.);
#8373 = ORIENTED_EDGE('',*,*,#8374,.T.);
#8374 = EDGE_CURVE('',#8352,#8375,#8377,.T.);
#8375 = VERTEX_POINT('',#8376);
#8376 = CARTESIAN_POINT('',(9.88,-0.32,0.95));
#8377 = LINE('',#8378,#8379);
#8378 = CARTESIAN_POINT('',(9.88,0.32,0.95));
#8379 = VECTOR('',#8380,1.);
#8380 = DIRECTION('',(0.,-1.,0.));
#8381 = ORIENTED_EDGE('',*,*,#8382,.T.);
#8382 = EDGE_CURVE('',#8375,#6217,#8383,.T.);
#8383 = LINE('',#8384,#8385);
#8384 = CARTESIAN_POINT('',(10.04,-0.32,0.95));
#8385 = VECTOR('',#8386,1.);
#8386 = DIRECTION('',(-1.,0.,0.));
#8387 = ORIENTED_EDGE('',*,*,#6224,.F.);
#8388 = PLANE('',#8389);
#8389 = AXIS2_PLACEMENT_3D('',#8390,#8391,#8392);
#8390 = CARTESIAN_POINT('',(10.04,0.32,0.95));
#8391 = DIRECTION('',(-0.,-0.,-1.));
#8392 = DIRECTION('',(-1.,0.,0.));
#8393 = ADVANCED_FACE('',(#8394),#8412,.F.);
#8394 = FACE_BOUND('',#8395,.F.);
#8395 = EDGE_LOOP('',(#8396,#8397,#8405,#8411));
#8396 = ORIENTED_EDGE('',*,*,#6216,.F.);
#8397 = ORIENTED_EDGE('',*,*,#8398,.T.);
#8398 = EDGE_CURVE('',#6209,#8399,#8401,.T.);
#8399 = VERTEX_POINT('',#8400);
#8400 = CARTESIAN_POINT('',(9.88,-0.32,1.59));
#8401 = LINE('',#8402,#8403);
#8402 = CARTESIAN_POINT('',(-0.32,-0.32,1.59));
#8403 = VECTOR('',#8404,1.);
#8404 = DIRECTION('',(1.,0.,2.143287692327E-17));
#8405 = ORIENTED_EDGE('',*,*,#8406,.T.);
#8406 = EDGE_CURVE('',#8399,#8375,#8407,.T.);
#8407 = LINE('',#8408,#8409);
#8408 = CARTESIAN_POINT('',(9.88,-0.32,1.59));
#8409 = VECTOR('',#8410,1.);
#8410 = DIRECTION('',(0.,0.,-1.));
#8411 = ORIENTED_EDGE('',*,*,#8382,.T.);
#8412 = PLANE('',#8413);
#8413 = AXIS2_PLACEMENT_3D('',#8414,#8415,#8416);
#8414 = CARTESIAN_POINT('',(3.575919732441,-0.32,0.579080267559));
#8415 = DIRECTION('',(1.030170245606E-33,1.,6.630961875715E-34));
#8416 = DIRECTION('',(1.,-1.030170245606E-33,0.));
#8417 = ADVANCED_FACE('',(#8418),#8429,.T.);
#8418 = FACE_BOUND('',#8419,.T.);
#8419 = EDGE_LOOP('',(#8420,#8421,#8422,#8423));
#8420 = ORIENTED_EDGE('',*,*,#8343,.F.);
#8421 = ORIENTED_EDGE('',*,*,#6208,.F.);
#8422 = ORIENTED_EDGE('',*,*,#8398,.T.);
#8423 = ORIENTED_EDGE('',*,*,#8424,.F.);
#8424 = EDGE_CURVE('',#8344,#8399,#8425,.T.);
#8425 = LINE('',#8426,#8427);
#8426 = CARTESIAN_POINT('',(9.88,0.32,1.59));
#8427 = VECTOR('',#8428,1.);
#8428 = DIRECTION('',(0.,-1.,0.));
#8429 = PLANE('',#8430);
#8430 = AXIS2_PLACEMENT_3D('',#8431,#8432,#8433);
#8431 = CARTESIAN_POINT('',(-0.32,0.32,1.59));
#8432 = DIRECTION('',(-2.143287692327E-17,0.,1.));
#8433 = DIRECTION('',(1.,0.,2.143287692327E-17));
#8434 = ADVANCED_FACE('',(#8435),#8460,.T.);
#8435 = FACE_BOUND('',#8436,.T.);
#8436 = EDGE_LOOP('',(#8437,#8445,#8446,#8454));
#8437 = ORIENTED_EDGE('',*,*,#8438,.F.);
#8438 = EDGE_CURVE('',#6235,#8439,#8441,.T.);
#8439 = VERTEX_POINT('',#8440);
#8440 = CARTESIAN_POINT('',(9.88,-4.76,1.59));
#8441 = LINE('',#8442,#8443);
#8442 = CARTESIAN_POINT('',(-0.32,-4.76,1.59));
#8443 = VECTOR('',#8444,1.);
#8444 = DIRECTION('',(1.,0.,2.143287692327E-17));
#8445 = ORIENTED_EDGE('',*,*,#6232,.F.);
#8446 = ORIENTED_EDGE('',*,*,#8447,.T.);
#8447 = EDGE_CURVE('',#6233,#8448,#8450,.T.);
#8448 = VERTEX_POINT('',#8449);
#8449 = CARTESIAN_POINT('',(9.88,-5.4,1.59));
#8450 = LINE('',#8451,#8452);
#8451 = CARTESIAN_POINT('',(-0.32,-5.4,1.59));
#8452 = VECTOR('',#8453,1.);
#8453 = DIRECTION('',(1.,0.,2.143287692327E-17));
#8454 = ORIENTED_EDGE('',*,*,#8455,.F.);
#8455 = EDGE_CURVE('',#8439,#8448,#8456,.T.);
#8456 = LINE('',#8457,#8458);
#8457 = CARTESIAN_POINT('',(9.88,-4.76,1.59));
#8458 = VECTOR('',#8459,1.);
#8459 = DIRECTION('',(0.,-1.,0.));
#8460 = PLANE('',#8461);
#8461 = AXIS2_PLACEMENT_3D('',#8462,#8463,#8464);
#8462 = CARTESIAN_POINT('',(-0.32,-4.76,1.59));
#8463 = DIRECTION('',(-2.143287692327E-17,0.,1.));
#8464 = DIRECTION('',(1.,0.,2.143287692327E-17));
#8465 = ADVANCED_FACE('',(#8466),#8484,.T.);
#8466 = FACE_BOUND('',#8467,.T.);
#8467 = EDGE_LOOP('',(#8468,#8469,#8470,#8478));
#8468 = ORIENTED_EDGE('',*,*,#6258,.F.);
#8469 = ORIENTED_EDGE('',*,*,#8438,.T.);
#8470 = ORIENTED_EDGE('',*,*,#8471,.T.);
#8471 = EDGE_CURVE('',#8439,#8472,#8474,.T.);
#8472 = VERTEX_POINT('',#8473);
#8473 = CARTESIAN_POINT('',(9.88,-4.76,0.95));
#8474 = LINE('',#8475,#8476);
#8475 = CARTESIAN_POINT('',(9.88,-4.76,1.59));
#8476 = VECTOR('',#8477,1.);
#8477 = DIRECTION('',(0.,0.,-1.));
#8478 = ORIENTED_EDGE('',*,*,#8479,.T.);
#8479 = EDGE_CURVE('',#8472,#6251,#8480,.T.);
#8480 = LINE('',#8481,#8482);
#8481 = CARTESIAN_POINT('',(10.04,-4.76,0.95));
#8482 = VECTOR('',#8483,1.);
#8483 = DIRECTION('',(-1.,0.,0.));
#8484 = PLANE('',#8485);
#8485 = AXIS2_PLACEMENT_3D('',#8486,#8487,#8488);
#8486 = CARTESIAN_POINT('',(3.575919732441,-4.76,0.579080267559));
#8487 = DIRECTION('',(1.030170245606E-33,1.,6.630961875715E-34));
#8488 = DIRECTION('',(1.,-1.030170245606E-33,0.));
#8489 = ADVANCED_FACE('',(#8490),#8508,.T.);
#8490 = FACE_BOUND('',#8491,.T.);
#8491 = EDGE_LOOP('',(#8492,#8493,#8501,#8507));
#8492 = ORIENTED_EDGE('',*,*,#8479,.F.);
#8493 = ORIENTED_EDGE('',*,*,#8494,.T.);
#8494 = EDGE_CURVE('',#8472,#8495,#8497,.T.);
#8495 = VERTEX_POINT('',#8496);
#8496 = CARTESIAN_POINT('',(9.88,-5.4,0.95));
#8497 = LINE('',#8498,#8499);
#8498 = CARTESIAN_POINT('',(9.88,-4.76,0.95));
#8499 = VECTOR('',#8500,1.);
#8500 = DIRECTION('',(0.,-1.,0.));
#8501 = ORIENTED_EDGE('',*,*,#8502,.T.);
#8502 = EDGE_CURVE('',#8495,#6243,#8503,.T.);
#8503 = LINE('',#8504,#8505);
#8504 = CARTESIAN_POINT('',(10.04,-5.4,0.95));
#8505 = VECTOR('',#8506,1.);
#8506 = DIRECTION('',(-1.,0.,0.));
#8507 = ORIENTED_EDGE('',*,*,#6250,.F.);
#8508 = PLANE('',#8509);
#8509 = AXIS2_PLACEMENT_3D('',#8510,#8511,#8512);
#8510 = CARTESIAN_POINT('',(10.04,-4.76,0.95));
#8511 = DIRECTION('',(-0.,-0.,-1.));
#8512 = DIRECTION('',(-1.,0.,0.));
#8513 = ADVANCED_FACE('',(#8514),#8525,.F.);
#8514 = FACE_BOUND('',#8515,.F.);
#8515 = EDGE_LOOP('',(#8516,#8517,#8518,#8524));
#8516 = ORIENTED_EDGE('',*,*,#6242,.F.);
#8517 = ORIENTED_EDGE('',*,*,#8447,.T.);
#8518 = ORIENTED_EDGE('',*,*,#8519,.T.);
#8519 = EDGE_CURVE('',#8448,#8495,#8520,.T.);
#8520 = LINE('',#8521,#8522);
#8521 = CARTESIAN_POINT('',(9.88,-5.4,1.59));
#8522 = VECTOR('',#8523,1.);
#8523 = DIRECTION('',(0.,0.,-1.));
#8524 = ORIENTED_EDGE('',*,*,#8502,.T.);
#8525 = PLANE('',#8526);
#8526 = AXIS2_PLACEMENT_3D('',#8527,#8528,#8529);
#8527 = CARTESIAN_POINT('',(3.575919732441,-5.4,0.579080267559));
#8528 = DIRECTION('',(1.030170245606E-33,1.,6.630961875715E-34));
#8529 = DIRECTION('',(1.,-1.030170245606E-33,0.));
#8530 = ADVANCED_FACE('',(#8531),#8556,.T.);
#8531 = FACE_BOUND('',#8532,.T.);
#8532 = EDGE_LOOP('',(#8533,#8534,#8542,#8550));
#8533 = ORIENTED_EDGE('',*,*,#6266,.F.);
#8534 = ORIENTED_EDGE('',*,*,#8535,.T.);
#8535 = EDGE_CURVE('',#6267,#8536,#8538,.T.);
#8536 = VERTEX_POINT('',#8537);
#8537 = CARTESIAN_POINT('',(9.88,-2.22,1.59));
#8538 = LINE('',#8539,#8540);
#8539 = CARTESIAN_POINT('',(-0.32,-2.22,1.59));
#8540 = VECTOR('',#8541,1.);
#8541 = DIRECTION('',(1.,0.,2.143287692327E-17));
#8542 = ORIENTED_EDGE('',*,*,#8543,.T.);
#8543 = EDGE_CURVE('',#8536,#8544,#8546,.T.);
#8544 = VERTEX_POINT('',#8545);
#8545 = CARTESIAN_POINT('',(9.88,-2.22,0.95));
#8546 = LINE('',#8547,#8548);
#8547 = CARTESIAN_POINT('',(9.88,-2.22,1.59));
#8548 = VECTOR('',#8549,1.);
#8549 = DIRECTION('',(0.,0.,-1.));
#8550 = ORIENTED_EDGE('',*,*,#8551,.T.);
#8551 = EDGE_CURVE('',#8544,#6269,#8552,.T.);
#8552 = LINE('',#8553,#8554);
#8553 = CARTESIAN_POINT('',(10.04,-2.22,0.95));
#8554 = VECTOR('',#8555,1.);
#8555 = DIRECTION('',(-1.,0.,0.));
#8556 = PLANE('',#8557);
#8557 = AXIS2_PLACEMENT_3D('',#8558,#8559,#8560);
#8558 = CARTESIAN_POINT('',(3.575919732441,-2.22,0.579080267559));
#8559 = DIRECTION('',(1.030170245606E-33,1.,6.630961875715E-34));
#8560 = DIRECTION('',(1.,-1.030170245606E-33,0.));
#8561 = ADVANCED_FACE('',(#8562),#8580,.T.);
#8562 = FACE_BOUND('',#8563,.T.);
#8563 = EDGE_LOOP('',(#8564,#8565,#8573,#8579));
#8564 = ORIENTED_EDGE('',*,*,#8551,.F.);
#8565 = ORIENTED_EDGE('',*,*,#8566,.T.);
#8566 = EDGE_CURVE('',#8544,#8567,#8569,.T.);
#8567 = VERTEX_POINT('',#8568);
#8568 = CARTESIAN_POINT('',(9.88,-2.86,0.95));
#8569 = LINE('',#8570,#8571);
#8570 = CARTESIAN_POINT('',(9.88,-2.22,0.95));
#8571 = VECTOR('',#8572,1.);
#8572 = DIRECTION('',(0.,-1.,0.));
#8573 = ORIENTED_EDGE('',*,*,#8574,.T.);
#8574 = EDGE_CURVE('',#8567,#6285,#8575,.T.);
#8575 = LINE('',#8576,#8577);
#8576 = CARTESIAN_POINT('',(10.04,-2.86,0.95));
#8577 = VECTOR('',#8578,1.);
#8578 = DIRECTION('',(-1.,0.,0.));
#8579 = ORIENTED_EDGE('',*,*,#6292,.F.);
#8580 = PLANE('',#8581);
#8581 = AXIS2_PLACEMENT_3D('',#8582,#8583,#8584);
#8582 = CARTESIAN_POINT('',(10.04,-2.22,0.95));
#8583 = DIRECTION('',(-0.,-0.,-1.));
#8584 = DIRECTION('',(-1.,0.,0.));
#8585 = ADVANCED_FACE('',(#8586),#8604,.F.);
#8586 = FACE_BOUND('',#8587,.F.);
#8587 = EDGE_LOOP('',(#8588,#8589,#8597,#8603));
#8588 = ORIENTED_EDGE('',*,*,#6284,.F.);
#8589 = ORIENTED_EDGE('',*,*,#8590,.T.);
#8590 = EDGE_CURVE('',#6277,#8591,#8593,.T.);
#8591 = VERTEX_POINT('',#8592);
#8592 = CARTESIAN_POINT('',(9.88,-2.86,1.59));
#8593 = LINE('',#8594,#8595);
#8594 = CARTESIAN_POINT('',(-0.32,-2.86,1.59));
#8595 = VECTOR('',#8596,1.);
#8596 = DIRECTION('',(1.,0.,2.143287692327E-17));
#8597 = ORIENTED_EDGE('',*,*,#8598,.T.);
#8598 = EDGE_CURVE('',#8591,#8567,#8599,.T.);
#8599 = LINE('',#8600,#8601);
#8600 = CARTESIAN_POINT('',(9.88,-2.86,1.59));
#8601 = VECTOR('',#8602,1.);
#8602 = DIRECTION('',(0.,0.,-1.));
#8603 = ORIENTED_EDGE('',*,*,#8574,.T.);
#8604 = PLANE('',#8605);
#8605 = AXIS2_PLACEMENT_3D('',#8606,#8607,#8608);
#8606 = CARTESIAN_POINT('',(3.575919732441,-2.86,0.579080267559));
#8607 = DIRECTION('',(1.030170245606E-33,1.,6.630961875715E-34));
#8608 = DIRECTION('',(1.,-1.030170245606E-33,0.));
#8609 = ADVANCED_FACE('',(#8610),#8621,.T.);
#8610 = FACE_BOUND('',#8611,.T.);
#8611 = EDGE_LOOP('',(#8612,#8613,#8614,#8615));
#8612 = ORIENTED_EDGE('',*,*,#8535,.F.);
#8613 = ORIENTED_EDGE('',*,*,#6276,.F.);
#8614 = ORIENTED_EDGE('',*,*,#8590,.T.);
#8615 = ORIENTED_EDGE('',*,*,#8616,.F.);
#8616 = EDGE_CURVE('',#8536,#8591,#8617,.T.);
#8617 = LINE('',#8618,#8619);
#8618 = CARTESIAN_POINT('',(9.88,-2.22,1.59));
#8619 = VECTOR('',#8620,1.);
#8620 = DIRECTION('',(0.,-1.,0.));
#8621 = PLANE('',#8622);
#8622 = AXIS2_PLACEMENT_3D('',#8623,#8624,#8625);
#8623 = CARTESIAN_POINT('',(-0.32,-2.22,1.59));
#8624 = DIRECTION('',(-2.143287692327E-17,0.,1.));
#8625 = DIRECTION('',(1.,0.,2.143287692327E-17));
#8626 = ADVANCED_FACE('',(#8627),#8652,.T.);
#8627 = FACE_BOUND('',#8628,.T.);
#8628 = EDGE_LOOP('',(#8629,#8637,#8638,#8646));
#8629 = ORIENTED_EDGE('',*,*,#8630,.F.);
#8630 = EDGE_CURVE('',#6303,#8631,#8633,.T.);
#8631 = VERTEX_POINT('',#8632);
#8632 = CARTESIAN_POINT('',(9.88,-14.92,1.59));
#8633 = LINE('',#8634,#8635);
#8634 = CARTESIAN_POINT('',(-0.32,-14.92,1.59));
#8635 = VECTOR('',#8636,1.);
#8636 = DIRECTION('',(1.,0.,2.143287692327E-17));
#8637 = ORIENTED_EDGE('',*,*,#6300,.F.);
#8638 = ORIENTED_EDGE('',*,*,#8639,.T.);
#8639 = EDGE_CURVE('',#6301,#8640,#8642,.T.);
#8640 = VERTEX_POINT('',#8641);
#8641 = CARTESIAN_POINT('',(9.88,-15.56,1.59));
#8642 = LINE('',#8643,#8644);
#8643 = CARTESIAN_POINT('',(-0.32,-15.56,1.59));
#8644 = VECTOR('',#8645,1.);
#8645 = DIRECTION('',(1.,0.,2.143287692327E-17));
#8646 = ORIENTED_EDGE('',*,*,#8647,.F.);
#8647 = EDGE_CURVE('',#8631,#8640,#8648,.T.);
#8648 = LINE('',#8649,#8650);
#8649 = CARTESIAN_POINT('',(9.88,-14.92,1.59));
#8650 = VECTOR('',#8651,1.);
#8651 = DIRECTION('',(0.,-1.,0.));
#8652 = PLANE('',#8653);
#8653 = AXIS2_PLACEMENT_3D('',#8654,#8655,#8656);
#8654 = CARTESIAN_POINT('',(-0.32,-14.92,1.59));
#8655 = DIRECTION('',(-2.143287692327E-17,0.,1.));
#8656 = DIRECTION('',(1.,0.,2.143287692327E-17));
#8657 = ADVANCED_FACE('',(#8658),#8676,.T.);
#8658 = FACE_BOUND('',#8659,.T.);
#8659 = EDGE_LOOP('',(#8660,#8661,#8662,#8670));
#8660 = ORIENTED_EDGE('',*,*,#6326,.F.);
#8661 = ORIENTED_EDGE('',*,*,#8630,.T.);
#8662 = ORIENTED_EDGE('',*,*,#8663,.T.);
#8663 = EDGE_CURVE('',#8631,#8664,#8666,.T.);
#8664 = VERTEX_POINT('',#8665);
#8665 = CARTESIAN_POINT('',(9.88,-14.92,0.95));
#8666 = LINE('',#8667,#8668);
#8667 = CARTESIAN_POINT('',(9.88,-14.92,1.59));
#8668 = VECTOR('',#8669,1.);
#8669 = DIRECTION('',(0.,0.,-1.));
#8670 = ORIENTED_EDGE('',*,*,#8671,.T.);
#8671 = EDGE_CURVE('',#8664,#6319,#8672,.T.);
#8672 = LINE('',#8673,#8674);
#8673 = CARTESIAN_POINT('',(10.04,-14.92,0.95));
#8674 = VECTOR('',#8675,1.);
#8675 = DIRECTION('',(-1.,0.,0.));
#8676 = PLANE('',#8677);
#8677 = AXIS2_PLACEMENT_3D('',#8678,#8679,#8680);
#8678 = CARTESIAN_POINT('',(3.575919732441,-14.92,0.579080267559));
#8679 = DIRECTION('',(1.030170245606E-33,1.,6.630961875715E-34));
#8680 = DIRECTION('',(1.,-1.030170245606E-33,0.));
#8681 = ADVANCED_FACE('',(#8682),#8700,.T.);
#8682 = FACE_BOUND('',#8683,.T.);
#8683 = EDGE_LOOP('',(#8684,#8685,#8693,#8699));
#8684 = ORIENTED_EDGE('',*,*,#8671,.F.);
#8685 = ORIENTED_EDGE('',*,*,#8686,.T.);
#8686 = EDGE_CURVE('',#8664,#8687,#8689,.T.);
#8687 = VERTEX_POINT('',#8688);
#8688 = CARTESIAN_POINT('',(9.88,-15.56,0.95));
#8689 = LINE('',#8690,#8691);
#8690 = CARTESIAN_POINT('',(9.88,-14.92,0.95));
#8691 = VECTOR('',#8692,1.);
#8692 = DIRECTION('',(0.,-1.,0.));
#8693 = ORIENTED_EDGE('',*,*,#8694,.T.);
#8694 = EDGE_CURVE('',#8687,#6311,#8695,.T.);
#8695 = LINE('',#8696,#8697);
#8696 = CARTESIAN_POINT('',(10.04,-15.56,0.95));
#8697 = VECTOR('',#8698,1.);
#8698 = DIRECTION('',(-1.,0.,0.));
#8699 = ORIENTED_EDGE('',*,*,#6318,.F.);
#8700 = PLANE('',#8701);
#8701 = AXIS2_PLACEMENT_3D('',#8702,#8703,#8704);
#8702 = CARTESIAN_POINT('',(10.04,-14.92,0.95));
#8703 = DIRECTION('',(-0.,-0.,-1.));
#8704 = DIRECTION('',(-1.,0.,0.));
#8705 = ADVANCED_FACE('',(#8706),#8717,.F.);
#8706 = FACE_BOUND('',#8707,.F.);
#8707 = EDGE_LOOP('',(#8708,#8709,#8710,#8716));
#8708 = ORIENTED_EDGE('',*,*,#6310,.F.);
#8709 = ORIENTED_EDGE('',*,*,#8639,.T.);
#8710 = ORIENTED_EDGE('',*,*,#8711,.T.);
#8711 = EDGE_CURVE('',#8640,#8687,#8712,.T.);
#8712 = LINE('',#8713,#8714);
#8713 = CARTESIAN_POINT('',(9.88,-15.56,1.59));
#8714 = VECTOR('',#8715,1.);
#8715 = DIRECTION('',(0.,0.,-1.));
#8716 = ORIENTED_EDGE('',*,*,#8694,.T.);
#8717 = PLANE('',#8718);
#8718 = AXIS2_PLACEMENT_3D('',#8719,#8720,#8721);
#8719 = CARTESIAN_POINT('',(3.575919732441,-15.56,0.579080267559));
#8720 = DIRECTION('',(1.030170245606E-33,1.,6.630961875715E-34));
#8721 = DIRECTION('',(1.,-1.030170245606E-33,0.));
#8722 = ADVANCED_FACE('',(#8723),#8734,.T.);
#8723 = FACE_BOUND('',#8724,.T.);
#8724 = EDGE_LOOP('',(#8725,#8726,#8727,#8728));
#8725 = ORIENTED_EDGE('',*,*,#7148,.F.);
#8726 = ORIENTED_EDGE('',*,*,#7049,.T.);
#8727 = ORIENTED_EDGE('',*,*,#7082,.T.);
#8728 = ORIENTED_EDGE('',*,*,#8729,.F.);
#8729 = EDGE_CURVE('',#7149,#7083,#8730,.T.);
#8730 = LINE('',#8731,#8732);
#8731 = CARTESIAN_POINT('',(0.32,-12.38,-2.84));
#8732 = VECTOR('',#8733,1.);
#8733 = DIRECTION('',(0.,-1.,0.));
#8734 = PLANE('',#8735);
#8735 = AXIS2_PLACEMENT_3D('',#8736,#8737,#8738);
#8736 = CARTESIAN_POINT('',(0.32,-12.38,0.95));
#8737 = DIRECTION('',(1.,0.,0.));
#8738 = DIRECTION('',(0.,0.,-1.));
#8739 = ADVANCED_FACE('',(#8740),#8751,.T.);
#8740 = FACE_BOUND('',#8741,.T.);
#8741 = EDGE_LOOP('',(#8742,#8748,#8749,#8750));
#8742 = ORIENTED_EDGE('',*,*,#8743,.T.);
#8743 = EDGE_CURVE('',#7137,#7064,#8744,.T.);
#8744 = LINE('',#8745,#8746);
#8745 = CARTESIAN_POINT('',(-0.32,-12.38,0.95));
#8746 = VECTOR('',#8747,1.);
#8747 = DIRECTION('',(0.,-1.,0.));
#8748 = ORIENTED_EDGE('',*,*,#7063,.T.);
#8749 = ORIENTED_EDGE('',*,*,#7120,.F.);
#8750 = ORIENTED_EDGE('',*,*,#7136,.F.);
#8751 = CYLINDRICAL_SURFACE('',#8752,0.64);
#8752 = AXIS2_PLACEMENT_3D('',#8753,#8754,#8755);
#8753 = CARTESIAN_POINT('',(0.32,-12.38,0.95));
#8754 = DIRECTION('',(0.,-1.,0.));
#8755 = DIRECTION('',(-1.,0.,0.));
#8756 = ADVANCED_FACE('',(#8757),#8768,.T.);
#8757 = FACE_BOUND('',#8758,.T.);
#8758 = EDGE_LOOP('',(#8759,#8760,#8766,#8767));
#8759 = ORIENTED_EDGE('',*,*,#7164,.F.);
#8760 = ORIENTED_EDGE('',*,*,#8761,.T.);
#8761 = EDGE_CURVE('',#7157,#7091,#8762,.T.);
#8762 = LINE('',#8763,#8764);
#8763 = CARTESIAN_POINT('',(-0.32,-12.38,-2.84));
#8764 = VECTOR('',#8765,1.);
#8765 = DIRECTION('',(0.,-1.,0.));
#8766 = ORIENTED_EDGE('',*,*,#7098,.T.);
#8767 = ORIENTED_EDGE('',*,*,#8743,.F.);
#8768 = PLANE('',#8769);
#8769 = AXIS2_PLACEMENT_3D('',#8770,#8771,#8772);
#8770 = CARTESIAN_POINT('',(-0.32,-12.38,-3.));
#8771 = DIRECTION('',(-1.,0.,0.));
#8772 = DIRECTION('',(0.,0.,1.));
#8773 = ADVANCED_FACE('',(#8774),#8799,.F.);
#8774 = FACE_BOUND('',#8775,.F.);
#8775 = EDGE_LOOP('',(#8776,#8784,#8792,#8798));
#8776 = ORIENTED_EDGE('',*,*,#8777,.F.);
#8777 = EDGE_CURVE('',#8778,#7083,#8780,.T.);
#8778 = VERTEX_POINT('',#8779);
#8779 = CARTESIAN_POINT('',(0.16,-12.86,-3.));
#8780 = LINE('',#8781,#8782);
#8781 = CARTESIAN_POINT('',(0.16,-12.86,-3.));
#8782 = VECTOR('',#8783,1.);
#8783 = DIRECTION('',(0.57735026919,-0.57735026919,0.57735026919));
#8784 = ORIENTED_EDGE('',*,*,#8785,.T.);
#8785 = EDGE_CURVE('',#8778,#8786,#8788,.T.);
#8786 = VERTEX_POINT('',#8787);
#8787 = CARTESIAN_POINT('',(-0.16,-12.86,-3.));
#8788 = LINE('',#8789,#8790);
#8789 = CARTESIAN_POINT('',(0.32,-12.86,-3.));
#8790 = VECTOR('',#8791,1.);
#8791 = DIRECTION('',(-1.,0.,0.));
#8792 = ORIENTED_EDGE('',*,*,#8793,.T.);
#8793 = EDGE_CURVE('',#8786,#7091,#8794,.T.);
#8794 = LINE('',#8795,#8796);
#8795 = CARTESIAN_POINT('',(-5.333333333333E-02,-12.75333333333,
    -3.106666666667));
#8796 = VECTOR('',#8797,1.);
#8797 = DIRECTION('',(-0.57735026919,-0.57735026919,0.57735026919));
#8798 = ORIENTED_EDGE('',*,*,#7090,.F.);
#8799 = PLANE('',#8800);
#8800 = AXIS2_PLACEMENT_3D('',#8801,#8802,#8803);
#8801 = CARTESIAN_POINT('',(0.32,-12.94,-2.92));
#8802 = DIRECTION('',(1.735167508357E-18,0.707106781187,0.707106781187)
  );
#8803 = DIRECTION('',(-1.,1.226948711654E-18,1.226948711654E-18));
#8804 = ADVANCED_FACE('',(#8805),#8830,.T.);
#8805 = FACE_BOUND('',#8806,.F.);
#8806 = EDGE_LOOP('',(#8807,#8815,#8816,#8824));
#8807 = ORIENTED_EDGE('',*,*,#8808,.T.);
#8808 = EDGE_CURVE('',#8809,#7149,#8811,.T.);
#8809 = VERTEX_POINT('',#8810);
#8810 = CARTESIAN_POINT('',(0.16,-12.54,-3.));
#8811 = LINE('',#8812,#8813);
#8812 = CARTESIAN_POINT('',(0.266666666667,-12.43333333333,
    -2.893333333333));
#8813 = VECTOR('',#8814,1.);
#8814 = DIRECTION('',(0.57735026919,0.57735026919,0.57735026919));
#8815 = ORIENTED_EDGE('',*,*,#7156,.T.);
#8816 = ORIENTED_EDGE('',*,*,#8817,.T.);
#8817 = EDGE_CURVE('',#7157,#8818,#8820,.T.);
#8818 = VERTEX_POINT('',#8819);
#8819 = CARTESIAN_POINT('',(-0.16,-12.54,-3.));
#8820 = LINE('',#8821,#8822);
#8821 = CARTESIAN_POINT('',(-0.16,-12.54,-3.));
#8822 = VECTOR('',#8823,1.);
#8823 = DIRECTION('',(0.57735026919,-0.57735026919,-0.57735026919));
#8824 = ORIENTED_EDGE('',*,*,#8825,.F.);
#8825 = EDGE_CURVE('',#8809,#8818,#8826,.T.);
#8826 = LINE('',#8827,#8828);
#8827 = CARTESIAN_POINT('',(0.32,-12.54,-3.));
#8828 = VECTOR('',#8829,1.);
#8829 = DIRECTION('',(-1.,0.,0.));
#8830 = PLANE('',#8831);
#8831 = AXIS2_PLACEMENT_3D('',#8832,#8833,#8834);
#8832 = CARTESIAN_POINT('',(0.32,-12.46,-2.92));
#8833 = DIRECTION('',(-1.735167508357E-18,0.707106781187,-0.707106781187
    ));
#8834 = DIRECTION('',(1.,1.226948711654E-18,-1.226948711654E-18));
#8835 = ADVANCED_FACE('',(#8836),#8847,.T.);
#8836 = FACE_BOUND('',#8837,.T.);
#8837 = EDGE_LOOP('',(#8838,#8844,#8845,#8846));
#8838 = ORIENTED_EDGE('',*,*,#8839,.T.);
#8839 = EDGE_CURVE('',#7179,#7259,#8840,.T.);
#8840 = LINE('',#8841,#8842);
#8841 = CARTESIAN_POINT('',(-0.32,-9.84,0.95));
#8842 = VECTOR('',#8843,1.);
#8843 = DIRECTION('',(0.,-1.,0.));
#8844 = ORIENTED_EDGE('',*,*,#7258,.T.);
#8845 = ORIENTED_EDGE('',*,*,#7308,.F.);
#8846 = ORIENTED_EDGE('',*,*,#7178,.F.);
#8847 = CYLINDRICAL_SURFACE('',#8848,0.64);
#8848 = AXIS2_PLACEMENT_3D('',#8849,#8850,#8851);
#8849 = CARTESIAN_POINT('',(0.32,-9.84,0.95));
#8850 = DIRECTION('',(0.,-1.,0.));
#8851 = DIRECTION('',(-1.,0.,0.));
#8852 = ADVANCED_FACE('',(#8853),#8864,.T.);
#8853 = FACE_BOUND('',#8854,.T.);
#8854 = EDGE_LOOP('',(#8855,#8856,#8862,#8863));
#8855 = ORIENTED_EDGE('',*,*,#7220,.F.);
#8856 = ORIENTED_EDGE('',*,*,#8857,.T.);
#8857 = EDGE_CURVE('',#7213,#7286,#8858,.T.);
#8858 = LINE('',#8859,#8860);
#8859 = CARTESIAN_POINT('',(-0.32,-9.84,-2.84));
#8860 = VECTOR('',#8861,1.);
#8861 = DIRECTION('',(0.,-1.,0.));
#8862 = ORIENTED_EDGE('',*,*,#7293,.T.);
#8863 = ORIENTED_EDGE('',*,*,#8839,.F.);
#8864 = PLANE('',#8865);
#8865 = AXIS2_PLACEMENT_3D('',#8866,#8867,#8868);
#8866 = CARTESIAN_POINT('',(-0.32,-9.84,-3.));
#8867 = DIRECTION('',(-1.,0.,0.));
#8868 = DIRECTION('',(0.,0.,1.));
#8869 = ADVANCED_FACE('',(#8870),#8895,.T.);
#8870 = FACE_BOUND('',#8871,.F.);
#8871 = EDGE_LOOP('',(#8872,#8880,#8881,#8889));
#8872 = ORIENTED_EDGE('',*,*,#8873,.T.);
#8873 = EDGE_CURVE('',#8874,#7205,#8876,.T.);
#8874 = VERTEX_POINT('',#8875);
#8875 = CARTESIAN_POINT('',(0.16,-10.,-3.));
#8876 = LINE('',#8877,#8878);
#8877 = CARTESIAN_POINT('',(0.266666666667,-9.893333333333,
    -2.893333333333));
#8878 = VECTOR('',#8879,1.);
#8879 = DIRECTION('',(0.57735026919,0.57735026919,0.57735026919));
#8880 = ORIENTED_EDGE('',*,*,#7212,.T.);
#8881 = ORIENTED_EDGE('',*,*,#8882,.T.);
#8882 = EDGE_CURVE('',#7213,#8883,#8885,.T.);
#8883 = VERTEX_POINT('',#8884);
#8884 = CARTESIAN_POINT('',(-0.16,-10.,-3.));
#8885 = LINE('',#8886,#8887);
#8886 = CARTESIAN_POINT('',(-0.16,-10.,-3.));
#8887 = VECTOR('',#8888,1.);
#8888 = DIRECTION('',(0.57735026919,-0.57735026919,-0.57735026919));
#8889 = ORIENTED_EDGE('',*,*,#8890,.F.);
#8890 = EDGE_CURVE('',#8874,#8883,#8891,.T.);
#8891 = LINE('',#8892,#8893);
#8892 = CARTESIAN_POINT('',(0.32,-10.,-3.));
#8893 = VECTOR('',#8894,1.);
#8894 = DIRECTION('',(-1.,0.,0.));
#8895 = PLANE('',#8896);
#8896 = AXIS2_PLACEMENT_3D('',#8897,#8898,#8899);
#8897 = CARTESIAN_POINT('',(0.32,-9.92,-2.92));
#8898 = DIRECTION('',(-1.735167508357E-18,0.707106781187,-0.707106781187
    ));
#8899 = DIRECTION('',(1.,1.226948711654E-18,-1.226948711654E-18));
#8900 = ADVANCED_FACE('',(#8901),#8912,.T.);
#8901 = FACE_BOUND('',#8902,.T.);
#8902 = EDGE_LOOP('',(#8903,#8904,#8905,#8906));
#8903 = ORIENTED_EDGE('',*,*,#7204,.F.);
#8904 = ORIENTED_EDGE('',*,*,#7244,.T.);
#8905 = ORIENTED_EDGE('',*,*,#7277,.T.);
#8906 = ORIENTED_EDGE('',*,*,#8907,.F.);
#8907 = EDGE_CURVE('',#7205,#7278,#8908,.T.);
#8908 = LINE('',#8909,#8910);
#8909 = CARTESIAN_POINT('',(0.32,-9.84,-2.84));
#8910 = VECTOR('',#8911,1.);
#8911 = DIRECTION('',(0.,-1.,0.));
#8912 = PLANE('',#8913);
#8913 = AXIS2_PLACEMENT_3D('',#8914,#8915,#8916);
#8914 = CARTESIAN_POINT('',(0.32,-9.84,0.95));
#8915 = DIRECTION('',(1.,0.,0.));
#8916 = DIRECTION('',(0.,0.,-1.));
#8917 = ADVANCED_FACE('',(#8918),#8943,.F.);
#8918 = FACE_BOUND('',#8919,.F.);
#8919 = EDGE_LOOP('',(#8920,#8928,#8936,#8942));
#8920 = ORIENTED_EDGE('',*,*,#8921,.F.);
#8921 = EDGE_CURVE('',#8922,#7278,#8924,.T.);
#8922 = VERTEX_POINT('',#8923);
#8923 = CARTESIAN_POINT('',(0.16,-10.32,-3.));
#8924 = LINE('',#8925,#8926);
#8925 = CARTESIAN_POINT('',(0.16,-10.32,-3.));
#8926 = VECTOR('',#8927,1.);
#8927 = DIRECTION('',(0.57735026919,-0.57735026919,0.57735026919));
#8928 = ORIENTED_EDGE('',*,*,#8929,.T.);
#8929 = EDGE_CURVE('',#8922,#8930,#8932,.T.);
#8930 = VERTEX_POINT('',#8931);
#8931 = CARTESIAN_POINT('',(-0.16,-10.32,-3.));
#8932 = LINE('',#8933,#8934);
#8933 = CARTESIAN_POINT('',(0.32,-10.32,-3.));
#8934 = VECTOR('',#8935,1.);
#8935 = DIRECTION('',(-1.,0.,0.));
#8936 = ORIENTED_EDGE('',*,*,#8937,.T.);
#8937 = EDGE_CURVE('',#8930,#7286,#8938,.T.);
#8938 = LINE('',#8939,#8940);
#8939 = CARTESIAN_POINT('',(-5.333333333333E-02,-10.21333333333,
    -3.106666666667));
#8940 = VECTOR('',#8941,1.);
#8941 = DIRECTION('',(-0.57735026919,-0.57735026919,0.57735026919));
#8942 = ORIENTED_EDGE('',*,*,#7285,.F.);
#8943 = PLANE('',#8944);
#8944 = AXIS2_PLACEMENT_3D('',#8945,#8946,#8947);
#8945 = CARTESIAN_POINT('',(0.32,-10.4,-2.92));
#8946 = DIRECTION('',(1.735167508357E-18,0.707106781187,0.707106781187)
  );
#8947 = DIRECTION('',(-1.,1.226948711654E-18,1.226948711654E-18));
#8948 = ADVANCED_FACE('',(#8949),#8960,.T.);
#8949 = FACE_BOUND('',#8950,.T.);
#8950 = EDGE_LOOP('',(#8951,#8957,#8958,#8959));
#8951 = ORIENTED_EDGE('',*,*,#8952,.T.);
#8952 = EDGE_CURVE('',#7356,#7429,#8953,.T.);
#8953 = LINE('',#8954,#8955);
#8954 = CARTESIAN_POINT('',(-0.32,-7.3,0.95));
#8955 = VECTOR('',#8956,1.);
#8956 = DIRECTION('',(0.,-1.,0.));
#8957 = ORIENTED_EDGE('',*,*,#7428,.T.);
#8958 = ORIENTED_EDGE('',*,*,#7332,.F.);
#8959 = ORIENTED_EDGE('',*,*,#7355,.F.);
#8960 = CYLINDRICAL_SURFACE('',#8961,0.64);
#8961 = AXIS2_PLACEMENT_3D('',#8962,#8963,#8964);
#8962 = CARTESIAN_POINT('',(0.32,-7.3,0.95));
#8963 = DIRECTION('',(0.,-1.,0.));
#8964 = DIRECTION('',(-1.,0.,0.));
#8965 = ADVANCED_FACE('',(#8966),#8977,.T.);
#8966 = FACE_BOUND('',#8967,.T.);
#8967 = EDGE_LOOP('',(#8968,#8969,#8975,#8976));
#8968 = ORIENTED_EDGE('',*,*,#7390,.F.);
#8969 = ORIENTED_EDGE('',*,*,#8970,.T.);
#8970 = EDGE_CURVE('',#7383,#7449,#8971,.T.);
#8971 = LINE('',#8972,#8973);
#8972 = CARTESIAN_POINT('',(-0.32,-7.3,-2.84));
#8973 = VECTOR('',#8974,1.);
#8974 = DIRECTION('',(0.,-1.,0.));
#8975 = ORIENTED_EDGE('',*,*,#7456,.T.);
#8976 = ORIENTED_EDGE('',*,*,#8952,.F.);
#8977 = PLANE('',#8978);
#8978 = AXIS2_PLACEMENT_3D('',#8979,#8980,#8981);
#8979 = CARTESIAN_POINT('',(-0.32,-7.3,-3.));
#8980 = DIRECTION('',(-1.,0.,0.));
#8981 = DIRECTION('',(0.,0.,1.));
#8982 = ADVANCED_FACE('',(#8983),#9008,.T.);
#8983 = FACE_BOUND('',#8984,.F.);
#8984 = EDGE_LOOP('',(#8985,#8993,#8994,#9002));
#8985 = ORIENTED_EDGE('',*,*,#8986,.T.);
#8986 = EDGE_CURVE('',#8987,#7375,#8989,.T.);
#8987 = VERTEX_POINT('',#8988);
#8988 = CARTESIAN_POINT('',(0.16,-7.46,-3.));
#8989 = LINE('',#8990,#8991);
#8990 = CARTESIAN_POINT('',(0.266666666667,-7.353333333333,
    -2.893333333333));
#8991 = VECTOR('',#8992,1.);
#8992 = DIRECTION('',(0.57735026919,0.57735026919,0.57735026919));
#8993 = ORIENTED_EDGE('',*,*,#7382,.T.);
#8994 = ORIENTED_EDGE('',*,*,#8995,.T.);
#8995 = EDGE_CURVE('',#7383,#8996,#8998,.T.);
#8996 = VERTEX_POINT('',#8997);
#8997 = CARTESIAN_POINT('',(-0.16,-7.46,-3.));
#8998 = LINE('',#8999,#9000);
#8999 = CARTESIAN_POINT('',(-0.16,-7.46,-3.));
#9000 = VECTOR('',#9001,1.);
#9001 = DIRECTION('',(0.57735026919,-0.57735026919,-0.57735026919));
#9002 = ORIENTED_EDGE('',*,*,#9003,.F.);
#9003 = EDGE_CURVE('',#8987,#8996,#9004,.T.);
#9004 = LINE('',#9005,#9006);
#9005 = CARTESIAN_POINT('',(0.32,-7.46,-3.));
#9006 = VECTOR('',#9007,1.);
#9007 = DIRECTION('',(-1.,0.,0.));
#9008 = PLANE('',#9009);
#9009 = AXIS2_PLACEMENT_3D('',#9010,#9011,#9012);
#9010 = CARTESIAN_POINT('',(0.32,-7.38,-2.92));
#9011 = DIRECTION('',(-1.735167508357E-18,0.707106781187,-0.707106781187
    ));
#9012 = DIRECTION('',(1.,1.226948711654E-18,-1.226948711654E-18));
#9013 = ADVANCED_FACE('',(#9014),#9025,.T.);
#9014 = FACE_BOUND('',#9015,.T.);
#9015 = EDGE_LOOP('',(#9016,#9017,#9018,#9019));
#9016 = ORIENTED_EDGE('',*,*,#7374,.F.);
#9017 = ORIENTED_EDGE('',*,*,#7414,.T.);
#9018 = ORIENTED_EDGE('',*,*,#7440,.T.);
#9019 = ORIENTED_EDGE('',*,*,#9020,.F.);
#9020 = EDGE_CURVE('',#7375,#7441,#9021,.T.);
#9021 = LINE('',#9022,#9023);
#9022 = CARTESIAN_POINT('',(0.32,-7.3,-2.84));
#9023 = VECTOR('',#9024,1.);
#9024 = DIRECTION('',(0.,-1.,0.));
#9025 = PLANE('',#9026);
#9026 = AXIS2_PLACEMENT_3D('',#9027,#9028,#9029);
#9027 = CARTESIAN_POINT('',(0.32,-7.3,0.95));
#9028 = DIRECTION('',(1.,0.,0.));
#9029 = DIRECTION('',(0.,0.,-1.));
#9030 = ADVANCED_FACE('',(#9031),#9056,.F.);
#9031 = FACE_BOUND('',#9032,.F.);
#9032 = EDGE_LOOP('',(#9033,#9041,#9049,#9055));
#9033 = ORIENTED_EDGE('',*,*,#9034,.F.);
#9034 = EDGE_CURVE('',#9035,#7441,#9037,.T.);
#9035 = VERTEX_POINT('',#9036);
#9036 = CARTESIAN_POINT('',(0.16,-7.78,-3.));
#9037 = LINE('',#9038,#9039);
#9038 = CARTESIAN_POINT('',(0.16,-7.78,-3.));
#9039 = VECTOR('',#9040,1.);
#9040 = DIRECTION('',(0.57735026919,-0.57735026919,0.57735026919));
#9041 = ORIENTED_EDGE('',*,*,#9042,.T.);
#9042 = EDGE_CURVE('',#9035,#9043,#9045,.T.);
#9043 = VERTEX_POINT('',#9044);
#9044 = CARTESIAN_POINT('',(-0.16,-7.78,-3.));
#9045 = LINE('',#9046,#9047);
#9046 = CARTESIAN_POINT('',(0.32,-7.78,-3.));
#9047 = VECTOR('',#9048,1.);
#9048 = DIRECTION('',(-1.,0.,0.));
#9049 = ORIENTED_EDGE('',*,*,#9050,.T.);
#9050 = EDGE_CURVE('',#9043,#7449,#9051,.T.);
#9051 = LINE('',#9052,#9053);
#9052 = CARTESIAN_POINT('',(-5.333333333333E-02,-7.673333333333,
    -3.106666666667));
#9053 = VECTOR('',#9054,1.);
#9054 = DIRECTION('',(-0.57735026919,-0.57735026919,0.57735026919));
#9055 = ORIENTED_EDGE('',*,*,#7448,.F.);
#9056 = PLANE('',#9057);
#9057 = AXIS2_PLACEMENT_3D('',#9058,#9059,#9060);
#9058 = CARTESIAN_POINT('',(0.32,-7.86,-2.92));
#9059 = DIRECTION('',(1.735167508357E-18,0.707106781187,0.707106781187)
  );
#9060 = DIRECTION('',(-1.,1.226948711654E-18,1.226948711654E-18));
#9061 = ADVANCED_FACE('',(#9062),#9073,.T.);
#9062 = FACE_BOUND('',#9063,.T.);
#9063 = EDGE_LOOP('',(#9064,#9070,#9071,#9072));
#9064 = ORIENTED_EDGE('',*,*,#9065,.T.);
#9065 = EDGE_CURVE('',#7471,#7551,#9066,.T.);
#9066 = LINE('',#9067,#9068);
#9067 = CARTESIAN_POINT('',(-0.32,0.32,0.95));
#9068 = VECTOR('',#9069,1.);
#9069 = DIRECTION('',(0.,-1.,0.));
#9070 = ORIENTED_EDGE('',*,*,#7550,.T.);
#9071 = ORIENTED_EDGE('',*,*,#7600,.F.);
#9072 = ORIENTED_EDGE('',*,*,#7470,.F.);
#9073 = CYLINDRICAL_SURFACE('',#9074,0.64);
#9074 = AXIS2_PLACEMENT_3D('',#9075,#9076,#9077);
#9075 = CARTESIAN_POINT('',(0.32,0.32,0.95));
#9076 = DIRECTION('',(0.,-1.,0.));
#9077 = DIRECTION('',(-1.,0.,0.));
#9078 = ADVANCED_FACE('',(#9079),#9090,.T.);
#9079 = FACE_BOUND('',#9080,.T.);
#9080 = EDGE_LOOP('',(#9081,#9082,#9088,#9089));
#9081 = ORIENTED_EDGE('',*,*,#7512,.F.);
#9082 = ORIENTED_EDGE('',*,*,#9083,.T.);
#9083 = EDGE_CURVE('',#7505,#7578,#9084,.T.);
#9084 = LINE('',#9085,#9086);
#9085 = CARTESIAN_POINT('',(-0.32,0.32,-2.84));
#9086 = VECTOR('',#9087,1.);
#9087 = DIRECTION('',(0.,-1.,0.));
#9088 = ORIENTED_EDGE('',*,*,#7585,.T.);
#9089 = ORIENTED_EDGE('',*,*,#9065,.F.);
#9090 = PLANE('',#9091);
#9091 = AXIS2_PLACEMENT_3D('',#9092,#9093,#9094);
#9092 = CARTESIAN_POINT('',(-0.32,0.32,-3.));
#9093 = DIRECTION('',(-1.,0.,0.));
#9094 = DIRECTION('',(0.,0.,1.));
#9095 = ADVANCED_FACE('',(#9096),#9121,.T.);
#9096 = FACE_BOUND('',#9097,.F.);
#9097 = EDGE_LOOP('',(#9098,#9106,#9107,#9115));
#9098 = ORIENTED_EDGE('',*,*,#9099,.T.);
#9099 = EDGE_CURVE('',#9100,#7497,#9102,.T.);
#9100 = VERTEX_POINT('',#9101);
#9101 = CARTESIAN_POINT('',(0.16,0.16,-3.));
#9102 = LINE('',#9103,#9104);
#9103 = CARTESIAN_POINT('',(0.266666666667,0.266666666667,
    -2.893333333333));
#9104 = VECTOR('',#9105,1.);
#9105 = DIRECTION('',(0.57735026919,0.57735026919,0.57735026919));
#9106 = ORIENTED_EDGE('',*,*,#7504,.T.);
#9107 = ORIENTED_EDGE('',*,*,#9108,.T.);
#9108 = EDGE_CURVE('',#7505,#9109,#9111,.T.);
#9109 = VERTEX_POINT('',#9110);
#9110 = CARTESIAN_POINT('',(-0.16,0.16,-3.));
#9111 = LINE('',#9112,#9113);
#9112 = CARTESIAN_POINT('',(-0.16,0.16,-3.));
#9113 = VECTOR('',#9114,1.);
#9114 = DIRECTION('',(0.57735026919,-0.57735026919,-0.57735026919));
#9115 = ORIENTED_EDGE('',*,*,#9116,.F.);
#9116 = EDGE_CURVE('',#9100,#9109,#9117,.T.);
#9117 = LINE('',#9118,#9119);
#9118 = CARTESIAN_POINT('',(0.32,0.16,-3.));
#9119 = VECTOR('',#9120,1.);
#9120 = DIRECTION('',(-1.,0.,0.));
#9121 = PLANE('',#9122);
#9122 = AXIS2_PLACEMENT_3D('',#9123,#9124,#9125);
#9123 = CARTESIAN_POINT('',(0.32,0.24,-2.92));
#9124 = DIRECTION('',(-1.735167508357E-18,0.707106781187,-0.707106781187
    ));
#9125 = DIRECTION('',(1.,1.226948711654E-18,-1.226948711654E-18));
#9126 = ADVANCED_FACE('',(#9127),#9138,.T.);
#9127 = FACE_BOUND('',#9128,.T.);
#9128 = EDGE_LOOP('',(#9129,#9130,#9131,#9132));
#9129 = ORIENTED_EDGE('',*,*,#7496,.F.);
#9130 = ORIENTED_EDGE('',*,*,#7536,.T.);
#9131 = ORIENTED_EDGE('',*,*,#7569,.T.);
#9132 = ORIENTED_EDGE('',*,*,#9133,.F.);
#9133 = EDGE_CURVE('',#7497,#7570,#9134,.T.);
#9134 = LINE('',#9135,#9136);
#9135 = CARTESIAN_POINT('',(0.32,0.32,-2.84));
#9136 = VECTOR('',#9137,1.);
#9137 = DIRECTION('',(0.,-1.,0.));
#9138 = PLANE('',#9139);
#9139 = AXIS2_PLACEMENT_3D('',#9140,#9141,#9142);
#9140 = CARTESIAN_POINT('',(0.32,0.32,0.95));
#9141 = DIRECTION('',(1.,0.,0.));
#9142 = DIRECTION('',(0.,0.,-1.));
#9143 = ADVANCED_FACE('',(#9144),#9169,.F.);
#9144 = FACE_BOUND('',#9145,.F.);
#9145 = EDGE_LOOP('',(#9146,#9154,#9162,#9168));
#9146 = ORIENTED_EDGE('',*,*,#9147,.F.);
#9147 = EDGE_CURVE('',#9148,#7570,#9150,.T.);
#9148 = VERTEX_POINT('',#9149);
#9149 = CARTESIAN_POINT('',(0.16,-0.16,-3.));
#9150 = LINE('',#9151,#9152);
#9151 = CARTESIAN_POINT('',(0.16,-0.16,-3.));
#9152 = VECTOR('',#9153,1.);
#9153 = DIRECTION('',(0.57735026919,-0.57735026919,0.57735026919));
#9154 = ORIENTED_EDGE('',*,*,#9155,.T.);
#9155 = EDGE_CURVE('',#9148,#9156,#9158,.T.);
#9156 = VERTEX_POINT('',#9157);
#9157 = CARTESIAN_POINT('',(-0.16,-0.16,-3.));
#9158 = LINE('',#9159,#9160);
#9159 = CARTESIAN_POINT('',(0.32,-0.16,-3.));
#9160 = VECTOR('',#9161,1.);
#9161 = DIRECTION('',(-1.,0.,0.));
#9162 = ORIENTED_EDGE('',*,*,#9163,.T.);
#9163 = EDGE_CURVE('',#9156,#7578,#9164,.T.);
#9164 = LINE('',#9165,#9166);
#9165 = CARTESIAN_POINT('',(-5.333333333333E-02,-5.333333333333E-02,
    -3.106666666667));
#9166 = VECTOR('',#9167,1.);
#9167 = DIRECTION('',(-0.57735026919,-0.57735026919,0.57735026919));
#9168 = ORIENTED_EDGE('',*,*,#7577,.F.);
#9169 = PLANE('',#9170);
#9170 = AXIS2_PLACEMENT_3D('',#9171,#9172,#9173);
#9171 = CARTESIAN_POINT('',(0.32,-0.24,-2.92));
#9172 = DIRECTION('',(1.735167508357E-18,0.707106781187,0.707106781187)
  );
#9173 = DIRECTION('',(-1.,1.226948711654E-18,1.226948711654E-18));
#9174 = ADVANCED_FACE('',(#9175),#9186,.T.);
#9175 = FACE_BOUND('',#9176,.T.);
#9176 = EDGE_LOOP('',(#9177,#9183,#9184,#9185));
#9177 = ORIENTED_EDGE('',*,*,#9178,.T.);
#9178 = EDGE_CURVE('',#7648,#7721,#9179,.T.);
#9179 = LINE('',#9180,#9181);
#9180 = CARTESIAN_POINT('',(-0.32,-4.76,0.95));
#9181 = VECTOR('',#9182,1.);
#9182 = DIRECTION('',(0.,-1.,0.));
#9183 = ORIENTED_EDGE('',*,*,#7720,.T.);
#9184 = ORIENTED_EDGE('',*,*,#7624,.F.);
#9185 = ORIENTED_EDGE('',*,*,#7647,.F.);
#9186 = CYLINDRICAL_SURFACE('',#9187,0.64);
#9187 = AXIS2_PLACEMENT_3D('',#9188,#9189,#9190);
#9188 = CARTESIAN_POINT('',(0.32,-4.76,0.95));
#9189 = DIRECTION('',(0.,-1.,0.));
#9190 = DIRECTION('',(-1.,0.,0.));
#9191 = ADVANCED_FACE('',(#9192),#9203,.T.);
#9192 = FACE_BOUND('',#9193,.T.);
#9193 = EDGE_LOOP('',(#9194,#9195,#9201,#9202));
#9194 = ORIENTED_EDGE('',*,*,#7682,.F.);
#9195 = ORIENTED_EDGE('',*,*,#9196,.T.);
#9196 = EDGE_CURVE('',#7675,#7741,#9197,.T.);
#9197 = LINE('',#9198,#9199);
#9198 = CARTESIAN_POINT('',(-0.32,-4.76,-2.84));
#9199 = VECTOR('',#9200,1.);
#9200 = DIRECTION('',(0.,-1.,0.));
#9201 = ORIENTED_EDGE('',*,*,#7748,.T.);
#9202 = ORIENTED_EDGE('',*,*,#9178,.F.);
#9203 = PLANE('',#9204);
#9204 = AXIS2_PLACEMENT_3D('',#9205,#9206,#9207);
#9205 = CARTESIAN_POINT('',(-0.32,-4.76,-3.));
#9206 = DIRECTION('',(-1.,0.,0.));
#9207 = DIRECTION('',(0.,0.,1.));
#9208 = ADVANCED_FACE('',(#9209),#9234,.T.);
#9209 = FACE_BOUND('',#9210,.F.);
#9210 = EDGE_LOOP('',(#9211,#9219,#9220,#9228));
#9211 = ORIENTED_EDGE('',*,*,#9212,.T.);
#9212 = EDGE_CURVE('',#9213,#7667,#9215,.T.);
#9213 = VERTEX_POINT('',#9214);
#9214 = CARTESIAN_POINT('',(0.16,-4.92,-3.));
#9215 = LINE('',#9216,#9217);
#9216 = CARTESIAN_POINT('',(0.266666666667,-4.813333333333,
    -2.893333333333));
#9217 = VECTOR('',#9218,1.);
#9218 = DIRECTION('',(0.57735026919,0.57735026919,0.57735026919));
#9219 = ORIENTED_EDGE('',*,*,#7674,.T.);
#9220 = ORIENTED_EDGE('',*,*,#9221,.T.);
#9221 = EDGE_CURVE('',#7675,#9222,#9224,.T.);
#9222 = VERTEX_POINT('',#9223);
#9223 = CARTESIAN_POINT('',(-0.16,-4.92,-3.));
#9224 = LINE('',#9225,#9226);
#9225 = CARTESIAN_POINT('',(-0.16,-4.92,-3.));
#9226 = VECTOR('',#9227,1.);
#9227 = DIRECTION('',(0.57735026919,-0.57735026919,-0.57735026919));
#9228 = ORIENTED_EDGE('',*,*,#9229,.F.);
#9229 = EDGE_CURVE('',#9213,#9222,#9230,.T.);
#9230 = LINE('',#9231,#9232);
#9231 = CARTESIAN_POINT('',(0.32,-4.92,-3.));
#9232 = VECTOR('',#9233,1.);
#9233 = DIRECTION('',(-1.,0.,0.));
#9234 = PLANE('',#9235);
#9235 = AXIS2_PLACEMENT_3D('',#9236,#9237,#9238);
#9236 = CARTESIAN_POINT('',(0.32,-4.84,-2.92));
#9237 = DIRECTION('',(-1.735167508357E-18,0.707106781187,-0.707106781187
    ));
#9238 = DIRECTION('',(1.,1.226948711654E-18,-1.226948711654E-18));
#9239 = ADVANCED_FACE('',(#9240),#9251,.T.);
#9240 = FACE_BOUND('',#9241,.T.);
#9241 = EDGE_LOOP('',(#9242,#9243,#9244,#9245));
#9242 = ORIENTED_EDGE('',*,*,#7666,.F.);
#9243 = ORIENTED_EDGE('',*,*,#7706,.T.);
#9244 = ORIENTED_EDGE('',*,*,#7732,.T.);
#9245 = ORIENTED_EDGE('',*,*,#9246,.F.);
#9246 = EDGE_CURVE('',#7667,#7733,#9247,.T.);
#9247 = LINE('',#9248,#9249);
#9248 = CARTESIAN_POINT('',(0.32,-4.76,-2.84));
#9249 = VECTOR('',#9250,1.);
#9250 = DIRECTION('',(0.,-1.,0.));
#9251 = PLANE('',#9252);
#9252 = AXIS2_PLACEMENT_3D('',#9253,#9254,#9255);
#9253 = CARTESIAN_POINT('',(0.32,-4.76,0.95));
#9254 = DIRECTION('',(1.,0.,0.));
#9255 = DIRECTION('',(0.,0.,-1.));
#9256 = ADVANCED_FACE('',(#9257),#9282,.F.);
#9257 = FACE_BOUND('',#9258,.F.);
#9258 = EDGE_LOOP('',(#9259,#9267,#9275,#9281));
#9259 = ORIENTED_EDGE('',*,*,#9260,.F.);
#9260 = EDGE_CURVE('',#9261,#7733,#9263,.T.);
#9261 = VERTEX_POINT('',#9262);
#9262 = CARTESIAN_POINT('',(0.16,-5.24,-3.));
#9263 = LINE('',#9264,#9265);
#9264 = CARTESIAN_POINT('',(0.16,-5.24,-3.));
#9265 = VECTOR('',#9266,1.);
#9266 = DIRECTION('',(0.57735026919,-0.57735026919,0.57735026919));
#9267 = ORIENTED_EDGE('',*,*,#9268,.T.);
#9268 = EDGE_CURVE('',#9261,#9269,#9271,.T.);
#9269 = VERTEX_POINT('',#9270);
#9270 = CARTESIAN_POINT('',(-0.16,-5.24,-3.));
#9271 = LINE('',#9272,#9273);
#9272 = CARTESIAN_POINT('',(0.32,-5.24,-3.));
#9273 = VECTOR('',#9274,1.);
#9274 = DIRECTION('',(-1.,0.,0.));
#9275 = ORIENTED_EDGE('',*,*,#9276,.T.);
#9276 = EDGE_CURVE('',#9269,#7741,#9277,.T.);
#9277 = LINE('',#9278,#9279);
#9278 = CARTESIAN_POINT('',(-5.333333333333E-02,-5.133333333333,
    -3.106666666667));
#9279 = VECTOR('',#9280,1.);
#9280 = DIRECTION('',(-0.57735026919,-0.57735026919,0.57735026919));
#9281 = ORIENTED_EDGE('',*,*,#7740,.F.);
#9282 = PLANE('',#9283);
#9283 = AXIS2_PLACEMENT_3D('',#9284,#9285,#9286);
#9284 = CARTESIAN_POINT('',(0.32,-5.32,-2.92));
#9285 = DIRECTION('',(1.735167508357E-18,0.707106781187,0.707106781187)
  );
#9286 = DIRECTION('',(-1.,1.226948711654E-18,1.226948711654E-18));
#9287 = ADVANCED_FACE('',(#9288),#9299,.T.);
#9288 = FACE_BOUND('',#9289,.T.);
#9289 = EDGE_LOOP('',(#9290,#9296,#9297,#9298));
#9290 = ORIENTED_EDGE('',*,*,#9291,.T.);
#9291 = EDGE_CURVE('',#7763,#7843,#9292,.T.);
#9292 = LINE('',#9293,#9294);
#9293 = CARTESIAN_POINT('',(-0.32,-2.22,0.95));
#9294 = VECTOR('',#9295,1.);
#9295 = DIRECTION('',(0.,-1.,0.));
#9296 = ORIENTED_EDGE('',*,*,#7842,.T.);
#9297 = ORIENTED_EDGE('',*,*,#7892,.F.);
#9298 = ORIENTED_EDGE('',*,*,#7762,.F.);
#9299 = CYLINDRICAL_SURFACE('',#9300,0.64);
#9300 = AXIS2_PLACEMENT_3D('',#9301,#9302,#9303);
#9301 = CARTESIAN_POINT('',(0.32,-2.22,0.95));
#9302 = DIRECTION('',(0.,-1.,0.));
#9303 = DIRECTION('',(-1.,0.,0.));
#9304 = ADVANCED_FACE('',(#9305),#9316,.T.);
#9305 = FACE_BOUND('',#9306,.T.);
#9306 = EDGE_LOOP('',(#9307,#9308,#9314,#9315));
#9307 = ORIENTED_EDGE('',*,*,#7804,.F.);
#9308 = ORIENTED_EDGE('',*,*,#9309,.T.);
#9309 = EDGE_CURVE('',#7797,#7870,#9310,.T.);
#9310 = LINE('',#9311,#9312);
#9311 = CARTESIAN_POINT('',(-0.32,-2.22,-2.84));
#9312 = VECTOR('',#9313,1.);
#9313 = DIRECTION('',(0.,-1.,0.));
#9314 = ORIENTED_EDGE('',*,*,#7877,.T.);
#9315 = ORIENTED_EDGE('',*,*,#9291,.F.);
#9316 = PLANE('',#9317);
#9317 = AXIS2_PLACEMENT_3D('',#9318,#9319,#9320);
#9318 = CARTESIAN_POINT('',(-0.32,-2.22,-3.));
#9319 = DIRECTION('',(-1.,0.,0.));
#9320 = DIRECTION('',(0.,0.,1.));
#9321 = ADVANCED_FACE('',(#9322),#9347,.T.);
#9322 = FACE_BOUND('',#9323,.F.);
#9323 = EDGE_LOOP('',(#9324,#9332,#9333,#9341));
#9324 = ORIENTED_EDGE('',*,*,#9325,.T.);
#9325 = EDGE_CURVE('',#9326,#7789,#9328,.T.);
#9326 = VERTEX_POINT('',#9327);
#9327 = CARTESIAN_POINT('',(0.16,-2.38,-3.));
#9328 = LINE('',#9329,#9330);
#9329 = CARTESIAN_POINT('',(0.266666666667,-2.273333333333,
    -2.893333333333));
#9330 = VECTOR('',#9331,1.);
#9331 = DIRECTION('',(0.57735026919,0.57735026919,0.57735026919));
#9332 = ORIENTED_EDGE('',*,*,#7796,.T.);
#9333 = ORIENTED_EDGE('',*,*,#9334,.T.);
#9334 = EDGE_CURVE('',#7797,#9335,#9337,.T.);
#9335 = VERTEX_POINT('',#9336);
#9336 = CARTESIAN_POINT('',(-0.16,-2.38,-3.));
#9337 = LINE('',#9338,#9339);
#9338 = CARTESIAN_POINT('',(-0.16,-2.38,-3.));
#9339 = VECTOR('',#9340,1.);
#9340 = DIRECTION('',(0.57735026919,-0.57735026919,-0.57735026919));
#9341 = ORIENTED_EDGE('',*,*,#9342,.F.);
#9342 = EDGE_CURVE('',#9326,#9335,#9343,.T.);
#9343 = LINE('',#9344,#9345);
#9344 = CARTESIAN_POINT('',(0.32,-2.38,-3.));
#9345 = VECTOR('',#9346,1.);
#9346 = DIRECTION('',(-1.,0.,0.));
#9347 = PLANE('',#9348);
#9348 = AXIS2_PLACEMENT_3D('',#9349,#9350,#9351);
#9349 = CARTESIAN_POINT('',(0.32,-2.3,-2.92));
#9350 = DIRECTION('',(-1.735167508357E-18,0.707106781187,-0.707106781187
    ));
#9351 = DIRECTION('',(1.,1.226948711654E-18,-1.226948711654E-18));
#9352 = ADVANCED_FACE('',(#9353),#9364,.T.);
#9353 = FACE_BOUND('',#9354,.T.);
#9354 = EDGE_LOOP('',(#9355,#9356,#9357,#9358));
#9355 = ORIENTED_EDGE('',*,*,#7788,.F.);
#9356 = ORIENTED_EDGE('',*,*,#7828,.T.);
#9357 = ORIENTED_EDGE('',*,*,#7861,.T.);
#9358 = ORIENTED_EDGE('',*,*,#9359,.F.);
#9359 = EDGE_CURVE('',#7789,#7862,#9360,.T.);
#9360 = LINE('',#9361,#9362);
#9361 = CARTESIAN_POINT('',(0.32,-2.22,-2.84));
#9362 = VECTOR('',#9363,1.);
#9363 = DIRECTION('',(0.,-1.,0.));
#9364 = PLANE('',#9365);
#9365 = AXIS2_PLACEMENT_3D('',#9366,#9367,#9368);
#9366 = CARTESIAN_POINT('',(0.32,-2.22,0.95));
#9367 = DIRECTION('',(1.,0.,0.));
#9368 = DIRECTION('',(0.,0.,-1.));
#9369 = ADVANCED_FACE('',(#9370),#9395,.F.);
#9370 = FACE_BOUND('',#9371,.F.);
#9371 = EDGE_LOOP('',(#9372,#9380,#9388,#9394));
#9372 = ORIENTED_EDGE('',*,*,#9373,.F.);
#9373 = EDGE_CURVE('',#9374,#7862,#9376,.T.);
#9374 = VERTEX_POINT('',#9375);
#9375 = CARTESIAN_POINT('',(0.16,-2.7,-3.));
#9376 = LINE('',#9377,#9378);
#9377 = CARTESIAN_POINT('',(0.16,-2.7,-3.));
#9378 = VECTOR('',#9379,1.);
#9379 = DIRECTION('',(0.57735026919,-0.57735026919,0.57735026919));
#9380 = ORIENTED_EDGE('',*,*,#9381,.T.);
#9381 = EDGE_CURVE('',#9374,#9382,#9384,.T.);
#9382 = VERTEX_POINT('',#9383);
#9383 = CARTESIAN_POINT('',(-0.16,-2.7,-3.));
#9384 = LINE('',#9385,#9386);
#9385 = CARTESIAN_POINT('',(0.32,-2.7,-3.));
#9386 = VECTOR('',#9387,1.);
#9387 = DIRECTION('',(-1.,0.,0.));
#9388 = ORIENTED_EDGE('',*,*,#9389,.T.);
#9389 = EDGE_CURVE('',#9382,#7870,#9390,.T.);
#9390 = LINE('',#9391,#9392);
#9391 = CARTESIAN_POINT('',(-5.333333333333E-02,-2.593333333333,
    -3.106666666667));
#9392 = VECTOR('',#9393,1.);
#9393 = DIRECTION('',(-0.57735026919,-0.57735026919,0.57735026919));
#9394 = ORIENTED_EDGE('',*,*,#7869,.F.);
#9395 = PLANE('',#9396);
#9396 = AXIS2_PLACEMENT_3D('',#9397,#9398,#9399);
#9397 = CARTESIAN_POINT('',(0.32,-2.78,-2.92));
#9398 = DIRECTION('',(1.735167508357E-18,0.707106781187,0.707106781187)
  );
#9399 = DIRECTION('',(-1.,1.226948711654E-18,1.226948711654E-18));
#9400 = ADVANCED_FACE('',(#9401),#9412,.T.);
#9401 = FACE_BOUND('',#9402,.T.);
#9402 = EDGE_LOOP('',(#9403,#9409,#9410,#9411));
#9403 = ORIENTED_EDGE('',*,*,#9404,.T.);
#9404 = EDGE_CURVE('',#7940,#8013,#9405,.T.);
#9405 = LINE('',#9406,#9407);
#9406 = CARTESIAN_POINT('',(-0.32,-14.92,0.95));
#9407 = VECTOR('',#9408,1.);
#9408 = DIRECTION('',(0.,-1.,0.));
#9409 = ORIENTED_EDGE('',*,*,#8012,.T.);
#9410 = ORIENTED_EDGE('',*,*,#7916,.F.);
#9411 = ORIENTED_EDGE('',*,*,#7939,.F.);
#9412 = CYLINDRICAL_SURFACE('',#9413,0.64);
#9413 = AXIS2_PLACEMENT_3D('',#9414,#9415,#9416);
#9414 = CARTESIAN_POINT('',(0.32,-14.92,0.95));
#9415 = DIRECTION('',(0.,-1.,0.));
#9416 = DIRECTION('',(-1.,0.,0.));
#9417 = ADVANCED_FACE('',(#9418),#9429,.T.);
#9418 = FACE_BOUND('',#9419,.T.);
#9419 = EDGE_LOOP('',(#9420,#9421,#9427,#9428));
#9420 = ORIENTED_EDGE('',*,*,#7974,.F.);
#9421 = ORIENTED_EDGE('',*,*,#9422,.T.);
#9422 = EDGE_CURVE('',#7967,#8033,#9423,.T.);
#9423 = LINE('',#9424,#9425);
#9424 = CARTESIAN_POINT('',(-0.32,-14.92,-2.84));
#9425 = VECTOR('',#9426,1.);
#9426 = DIRECTION('',(0.,-1.,0.));
#9427 = ORIENTED_EDGE('',*,*,#8040,.T.);
#9428 = ORIENTED_EDGE('',*,*,#9404,.F.);
#9429 = PLANE('',#9430);
#9430 = AXIS2_PLACEMENT_3D('',#9431,#9432,#9433);
#9431 = CARTESIAN_POINT('',(-0.32,-14.92,-3.));
#9432 = DIRECTION('',(-1.,0.,0.));
#9433 = DIRECTION('',(0.,0.,1.));
#9434 = ADVANCED_FACE('',(#9435),#9460,.T.);
#9435 = FACE_BOUND('',#9436,.F.);
#9436 = EDGE_LOOP('',(#9437,#9445,#9446,#9454));
#9437 = ORIENTED_EDGE('',*,*,#9438,.T.);
#9438 = EDGE_CURVE('',#9439,#7959,#9441,.T.);
#9439 = VERTEX_POINT('',#9440);
#9440 = CARTESIAN_POINT('',(0.16,-15.08,-3.));
#9441 = LINE('',#9442,#9443);
#9442 = CARTESIAN_POINT('',(0.266666666667,-14.97333333333,
    -2.893333333333));
#9443 = VECTOR('',#9444,1.);
#9444 = DIRECTION('',(0.57735026919,0.57735026919,0.57735026919));
#9445 = ORIENTED_EDGE('',*,*,#7966,.T.);
#9446 = ORIENTED_EDGE('',*,*,#9447,.T.);
#9447 = EDGE_CURVE('',#7967,#9448,#9450,.T.);
#9448 = VERTEX_POINT('',#9449);
#9449 = CARTESIAN_POINT('',(-0.16,-15.08,-3.));
#9450 = LINE('',#9451,#9452);
#9451 = CARTESIAN_POINT('',(-0.16,-15.08,-3.));
#9452 = VECTOR('',#9453,1.);
#9453 = DIRECTION('',(0.57735026919,-0.57735026919,-0.57735026919));
#9454 = ORIENTED_EDGE('',*,*,#9455,.F.);
#9455 = EDGE_CURVE('',#9439,#9448,#9456,.T.);
#9456 = LINE('',#9457,#9458);
#9457 = CARTESIAN_POINT('',(0.32,-15.08,-3.));
#9458 = VECTOR('',#9459,1.);
#9459 = DIRECTION('',(-1.,0.,0.));
#9460 = PLANE('',#9461);
#9461 = AXIS2_PLACEMENT_3D('',#9462,#9463,#9464);
#9462 = CARTESIAN_POINT('',(0.32,-15.,-2.92));
#9463 = DIRECTION('',(-1.735167508357E-18,0.707106781187,-0.707106781187
    ));
#9464 = DIRECTION('',(1.,1.226948711654E-18,-1.226948711654E-18));
#9465 = ADVANCED_FACE('',(#9466),#9477,.T.);
#9466 = FACE_BOUND('',#9467,.T.);
#9467 = EDGE_LOOP('',(#9468,#9469,#9470,#9471));
#9468 = ORIENTED_EDGE('',*,*,#7958,.F.);
#9469 = ORIENTED_EDGE('',*,*,#7998,.T.);
#9470 = ORIENTED_EDGE('',*,*,#8024,.T.);
#9471 = ORIENTED_EDGE('',*,*,#9472,.F.);
#9472 = EDGE_CURVE('',#7959,#8025,#9473,.T.);
#9473 = LINE('',#9474,#9475);
#9474 = CARTESIAN_POINT('',(0.32,-14.92,-2.84));
#9475 = VECTOR('',#9476,1.);
#9476 = DIRECTION('',(0.,-1.,0.));
#9477 = PLANE('',#9478);
#9478 = AXIS2_PLACEMENT_3D('',#9479,#9480,#9481);
#9479 = CARTESIAN_POINT('',(0.32,-14.92,0.95));
#9480 = DIRECTION('',(1.,0.,0.));
#9481 = DIRECTION('',(0.,0.,-1.));
#9482 = ADVANCED_FACE('',(#9483),#9508,.F.);
#9483 = FACE_BOUND('',#9484,.F.);
#9484 = EDGE_LOOP('',(#9485,#9493,#9501,#9507));
#9485 = ORIENTED_EDGE('',*,*,#9486,.F.);
#9486 = EDGE_CURVE('',#9487,#8025,#9489,.T.);
#9487 = VERTEX_POINT('',#9488);
#9488 = CARTESIAN_POINT('',(0.16,-15.4,-3.));
#9489 = LINE('',#9490,#9491);
#9490 = CARTESIAN_POINT('',(0.16,-15.4,-3.));
#9491 = VECTOR('',#9492,1.);
#9492 = DIRECTION('',(0.57735026919,-0.57735026919,0.57735026919));
#9493 = ORIENTED_EDGE('',*,*,#9494,.T.);
#9494 = EDGE_CURVE('',#9487,#9495,#9497,.T.);
#9495 = VERTEX_POINT('',#9496);
#9496 = CARTESIAN_POINT('',(-0.16,-15.4,-3.));
#9497 = LINE('',#9498,#9499);
#9498 = CARTESIAN_POINT('',(0.32,-15.4,-3.));
#9499 = VECTOR('',#9500,1.);
#9500 = DIRECTION('',(-1.,0.,0.));
#9501 = ORIENTED_EDGE('',*,*,#9502,.T.);
#9502 = EDGE_CURVE('',#9495,#8033,#9503,.T.);
#9503 = LINE('',#9504,#9505);
#9504 = CARTESIAN_POINT('',(-5.333333333333E-02,-15.29333333333,
    -3.106666666667));
#9505 = VECTOR('',#9506,1.);
#9506 = DIRECTION('',(-0.57735026919,-0.57735026919,0.57735026919));
#9507 = ORIENTED_EDGE('',*,*,#8032,.F.);
#9508 = PLANE('',#9509);
#9509 = AXIS2_PLACEMENT_3D('',#9510,#9511,#9512);
#9510 = CARTESIAN_POINT('',(0.32,-15.48,-2.92));
#9511 = DIRECTION('',(1.735167508357E-18,0.707106781187,0.707106781187)
  );
#9512 = DIRECTION('',(-1.,1.226948711654E-18,1.226948711654E-18));
#9513 = ADVANCED_FACE('',(#9514),#9539,.T.);
#9514 = FACE_BOUND('',#9515,.F.);
#9515 = EDGE_LOOP('',(#9516,#9524,#9525,#9533));
#9516 = ORIENTED_EDGE('',*,*,#9517,.F.);
#9517 = EDGE_CURVE('',#8055,#9518,#9520,.T.);
#9518 = VERTEX_POINT('',#9519);
#9519 = CARTESIAN_POINT('',(10.04,-12.54,1.11));
#9520 = LINE('',#9521,#9522);
#9521 = CARTESIAN_POINT('',(10.04,-12.54,1.11));
#9522 = VECTOR('',#9523,1.);
#9523 = DIRECTION('',(0.57735026919,-0.57735026919,0.57735026919));
#9524 = ORIENTED_EDGE('',*,*,#8062,.T.);
#9525 = ORIENTED_EDGE('',*,*,#9526,.T.);
#9526 = EDGE_CURVE('',#8063,#9527,#9529,.T.);
#9527 = VERTEX_POINT('',#9528);
#9528 = CARTESIAN_POINT('',(10.04,-12.86,1.11));
#9529 = LINE('',#9530,#9531);
#9530 = CARTESIAN_POINT('',(10.146666666667,-12.75333333333,
    1.216666666667));
#9531 = VECTOR('',#9532,1.);
#9532 = DIRECTION('',(0.57735026919,0.57735026919,0.57735026919));
#9533 = ORIENTED_EDGE('',*,*,#9534,.F.);
#9534 = EDGE_CURVE('',#9518,#9527,#9535,.T.);
#9535 = LINE('',#9536,#9537);
#9536 = CARTESIAN_POINT('',(10.04,-12.38,1.11));
#9537 = VECTOR('',#9538,1.);
#9538 = DIRECTION('',(0.,-1.,0.));
#9539 = PLANE('',#9540);
#9540 = AXIS2_PLACEMENT_3D('',#9541,#9542,#9543);
#9541 = CARTESIAN_POINT('',(9.96,-12.38,1.03));
#9542 = DIRECTION('',(0.707106781187,0.,-0.707106781187));
#9543 = DIRECTION('',(0.,1.,0.));
#9544 = ADVANCED_FACE('',(#9545),#9563,.F.);
#9545 = FACE_BOUND('',#9546,.T.);
#9546 = EDGE_LOOP('',(#9547,#9555,#9556,#9557));
#9547 = ORIENTED_EDGE('',*,*,#9548,.F.);
#9548 = EDGE_CURVE('',#8087,#9549,#9551,.T.);
#9549 = VERTEX_POINT('',#9550);
#9550 = CARTESIAN_POINT('',(10.04,-12.86,1.43));
#9551 = LINE('',#9552,#9553);
#9552 = CARTESIAN_POINT('',(10.04,-12.86,1.43));
#9553 = VECTOR('',#9554,1.);
#9554 = DIRECTION('',(0.57735026919,0.57735026919,-0.57735026919));
#9555 = ORIENTED_EDGE('',*,*,#8094,.T.);
#9556 = ORIENTED_EDGE('',*,*,#9526,.T.);
#9557 = ORIENTED_EDGE('',*,*,#9558,.F.);
#9558 = EDGE_CURVE('',#9549,#9527,#9559,.T.);
#9559 = LINE('',#9560,#9561);
#9560 = CARTESIAN_POINT('',(10.04,-12.86,1.59));
#9561 = VECTOR('',#9562,1.);
#9562 = DIRECTION('',(0.,0.,-1.));
#9563 = PLANE('',#9564);
#9564 = AXIS2_PLACEMENT_3D('',#9565,#9566,#9567);
#9565 = CARTESIAN_POINT('',(9.96,-12.94,1.59));
#9566 = DIRECTION('',(-0.707106781187,0.707106781187,1.735167508357E-18)
  );
#9567 = DIRECTION('',(1.226948711654E-18,-1.226948711654E-18,1.));
#9568 = ADVANCED_FACE('',(#9569),#9587,.T.);
#9569 = FACE_BOUND('',#9570,.T.);
#9570 = EDGE_LOOP('',(#9571,#9579,#9580,#9581));
#9571 = ORIENTED_EDGE('',*,*,#9572,.F.);
#9572 = EDGE_CURVE('',#8110,#9573,#9575,.T.);
#9573 = VERTEX_POINT('',#9574);
#9574 = CARTESIAN_POINT('',(10.04,-12.54,1.43));
#9575 = LINE('',#9576,#9577);
#9576 = CARTESIAN_POINT('',(9.933333333333,-12.43333333333,
    1.536666666667));
#9577 = VECTOR('',#9578,1.);
#9578 = DIRECTION('',(0.57735026919,-0.57735026919,-0.57735026919));
#9579 = ORIENTED_EDGE('',*,*,#8119,.T.);
#9580 = ORIENTED_EDGE('',*,*,#9548,.T.);
#9581 = ORIENTED_EDGE('',*,*,#9582,.F.);
#9582 = EDGE_CURVE('',#9573,#9549,#9583,.T.);
#9583 = LINE('',#9584,#9585);
#9584 = CARTESIAN_POINT('',(10.04,-12.38,1.43));
#9585 = VECTOR('',#9586,1.);
#9586 = DIRECTION('',(0.,-1.,0.));
#9587 = PLANE('',#9588);
#9588 = AXIS2_PLACEMENT_3D('',#9589,#9590,#9591);
#9589 = CARTESIAN_POINT('',(9.96,-12.38,1.51));
#9590 = DIRECTION('',(0.707106781187,-1.735167508357E-18,0.707106781187)
  );
#9591 = DIRECTION('',(-1.226948711654E-18,-1.,-1.226948711654E-18));
#9592 = ADVANCED_FACE('',(#9593),#9604,.T.);
#9593 = FACE_BOUND('',#9594,.F.);
#9594 = EDGE_LOOP('',(#9595,#9596,#9597,#9598));
#9595 = ORIENTED_EDGE('',*,*,#9572,.F.);
#9596 = ORIENTED_EDGE('',*,*,#8135,.T.);
#9597 = ORIENTED_EDGE('',*,*,#9517,.T.);
#9598 = ORIENTED_EDGE('',*,*,#9599,.F.);
#9599 = EDGE_CURVE('',#9573,#9518,#9600,.T.);
#9600 = LINE('',#9601,#9602);
#9601 = CARTESIAN_POINT('',(10.04,-12.54,1.59));
#9602 = VECTOR('',#9603,1.);
#9603 = DIRECTION('',(0.,0.,-1.));
#9604 = PLANE('',#9605);
#9605 = AXIS2_PLACEMENT_3D('',#9606,#9607,#9608);
#9606 = CARTESIAN_POINT('',(9.96,-12.46,1.59));
#9607 = DIRECTION('',(0.707106781187,0.707106781187,-1.735167508357E-18)
  );
#9608 = DIRECTION('',(1.226948711654E-18,1.226948711654E-18,1.));
#9609 = ADVANCED_FACE('',(#9610),#9635,.T.);
#9610 = FACE_BOUND('',#9611,.F.);
#9611 = EDGE_LOOP('',(#9612,#9620,#9621,#9629));
#9612 = ORIENTED_EDGE('',*,*,#9613,.F.);
#9613 = EDGE_CURVE('',#8152,#9614,#9616,.T.);
#9614 = VERTEX_POINT('',#9615);
#9615 = CARTESIAN_POINT('',(10.04,-10.,1.43));
#9616 = LINE('',#9617,#9618);
#9617 = CARTESIAN_POINT('',(9.933333333333,-9.893333333333,
    1.536666666667));
#9618 = VECTOR('',#9619,1.);
#9619 = DIRECTION('',(0.57735026919,-0.57735026919,-0.57735026919));
#9620 = ORIENTED_EDGE('',*,*,#8159,.T.);
#9621 = ORIENTED_EDGE('',*,*,#9622,.T.);
#9622 = EDGE_CURVE('',#8160,#9623,#9625,.T.);
#9623 = VERTEX_POINT('',#9624);
#9624 = CARTESIAN_POINT('',(10.04,-10.,1.11));
#9625 = LINE('',#9626,#9627);
#9626 = CARTESIAN_POINT('',(10.04,-10.,1.11));
#9627 = VECTOR('',#9628,1.);
#9628 = DIRECTION('',(0.57735026919,-0.57735026919,0.57735026919));
#9629 = ORIENTED_EDGE('',*,*,#9630,.F.);
#9630 = EDGE_CURVE('',#9614,#9623,#9631,.T.);
#9631 = LINE('',#9632,#9633);
#9632 = CARTESIAN_POINT('',(10.04,-10.,1.59));
#9633 = VECTOR('',#9634,1.);
#9634 = DIRECTION('',(0.,0.,-1.));
#9635 = PLANE('',#9636);
#9636 = AXIS2_PLACEMENT_3D('',#9637,#9638,#9639);
#9637 = CARTESIAN_POINT('',(9.96,-9.92,1.59));
#9638 = DIRECTION('',(0.707106781187,0.707106781187,-1.735167508357E-18)
  );
#9639 = DIRECTION('',(1.226948711654E-18,1.226948711654E-18,1.));
#9640 = ADVANCED_FACE('',(#9641),#9659,.T.);
#9641 = FACE_BOUND('',#9642,.F.);
#9642 = EDGE_LOOP('',(#9643,#9644,#9645,#9653));
#9643 = ORIENTED_EDGE('',*,*,#9622,.F.);
#9644 = ORIENTED_EDGE('',*,*,#8182,.T.);
#9645 = ORIENTED_EDGE('',*,*,#9646,.T.);
#9646 = EDGE_CURVE('',#8183,#9647,#9649,.T.);
#9647 = VERTEX_POINT('',#9648);
#9648 = CARTESIAN_POINT('',(10.04,-10.32,1.11));
#9649 = LINE('',#9650,#9651);
#9650 = CARTESIAN_POINT('',(10.146666666667,-10.21333333333,
    1.216666666667));
#9651 = VECTOR('',#9652,1.);
#9652 = DIRECTION('',(0.57735026919,0.57735026919,0.57735026919));
#9653 = ORIENTED_EDGE('',*,*,#9654,.F.);
#9654 = EDGE_CURVE('',#9623,#9647,#9655,.T.);
#9655 = LINE('',#9656,#9657);
#9656 = CARTESIAN_POINT('',(10.04,-9.84,1.11));
#9657 = VECTOR('',#9658,1.);
#9658 = DIRECTION('',(0.,-1.,0.));
#9659 = PLANE('',#9660);
#9660 = AXIS2_PLACEMENT_3D('',#9661,#9662,#9663);
#9661 = CARTESIAN_POINT('',(9.96,-9.84,1.03));
#9662 = DIRECTION('',(0.707106781187,0.,-0.707106781187));
#9663 = DIRECTION('',(0.,1.,0.));
#9664 = ADVANCED_FACE('',(#9665),#9683,.F.);
#9665 = FACE_BOUND('',#9666,.T.);
#9666 = EDGE_LOOP('',(#9667,#9675,#9676,#9677));
#9667 = ORIENTED_EDGE('',*,*,#9668,.F.);
#9668 = EDGE_CURVE('',#8207,#9669,#9671,.T.);
#9669 = VERTEX_POINT('',#9670);
#9670 = CARTESIAN_POINT('',(10.04,-10.32,1.43));
#9671 = LINE('',#9672,#9673);
#9672 = CARTESIAN_POINT('',(10.04,-10.32,1.43));
#9673 = VECTOR('',#9674,1.);
#9674 = DIRECTION('',(0.57735026919,0.57735026919,-0.57735026919));
#9675 = ORIENTED_EDGE('',*,*,#8214,.T.);
#9676 = ORIENTED_EDGE('',*,*,#9646,.T.);
#9677 = ORIENTED_EDGE('',*,*,#9678,.F.);
#9678 = EDGE_CURVE('',#9669,#9647,#9679,.T.);
#9679 = LINE('',#9680,#9681);
#9680 = CARTESIAN_POINT('',(10.04,-10.32,1.59));
#9681 = VECTOR('',#9682,1.);
#9682 = DIRECTION('',(0.,0.,-1.));
#9683 = PLANE('',#9684);
#9684 = AXIS2_PLACEMENT_3D('',#9685,#9686,#9687);
#9685 = CARTESIAN_POINT('',(9.96,-10.4,1.59));
#9686 = DIRECTION('',(-0.707106781187,0.707106781187,1.735167508357E-18)
  );
#9687 = DIRECTION('',(1.226948711654E-18,-1.226948711654E-18,1.));
#9688 = ADVANCED_FACE('',(#9689),#9700,.T.);
#9689 = FACE_BOUND('',#9690,.T.);
#9690 = EDGE_LOOP('',(#9691,#9692,#9693,#9694));
#9691 = ORIENTED_EDGE('',*,*,#9613,.F.);
#9692 = ORIENTED_EDGE('',*,*,#8232,.T.);
#9693 = ORIENTED_EDGE('',*,*,#9668,.T.);
#9694 = ORIENTED_EDGE('',*,*,#9695,.F.);
#9695 = EDGE_CURVE('',#9614,#9669,#9696,.T.);
#9696 = LINE('',#9697,#9698);
#9697 = CARTESIAN_POINT('',(10.04,-9.84,1.43));
#9698 = VECTOR('',#9699,1.);
#9699 = DIRECTION('',(0.,-1.,0.));
#9700 = PLANE('',#9701);
#9701 = AXIS2_PLACEMENT_3D('',#9702,#9703,#9704);
#9702 = CARTESIAN_POINT('',(9.96,-9.84,1.51));
#9703 = DIRECTION('',(0.707106781187,-1.735167508357E-18,0.707106781187)
  );
#9704 = DIRECTION('',(-1.226948711654E-18,-1.,-1.226948711654E-18));
#9705 = ADVANCED_FACE('',(#9706),#9731,.T.);
#9706 = FACE_BOUND('',#9707,.T.);
#9707 = EDGE_LOOP('',(#9708,#9716,#9717,#9725));
#9708 = ORIENTED_EDGE('',*,*,#9709,.F.);
#9709 = EDGE_CURVE('',#8247,#9710,#9712,.T.);
#9710 = VERTEX_POINT('',#9711);
#9711 = CARTESIAN_POINT('',(10.04,-7.46,1.43));
#9712 = LINE('',#9713,#9714);
#9713 = CARTESIAN_POINT('',(9.933333333333,-7.353333333333,
    1.536666666667));
#9714 = VECTOR('',#9715,1.);
#9715 = DIRECTION('',(0.57735026919,-0.57735026919,-0.57735026919));
#9716 = ORIENTED_EDGE('',*,*,#8263,.T.);
#9717 = ORIENTED_EDGE('',*,*,#9718,.T.);
#9718 = EDGE_CURVE('',#8256,#9719,#9721,.T.);
#9719 = VERTEX_POINT('',#9720);
#9720 = CARTESIAN_POINT('',(10.04,-7.78,1.43));
#9721 = LINE('',#9722,#9723);
#9722 = CARTESIAN_POINT('',(10.04,-7.78,1.43));
#9723 = VECTOR('',#9724,1.);
#9724 = DIRECTION('',(0.57735026919,0.57735026919,-0.57735026919));
#9725 = ORIENTED_EDGE('',*,*,#9726,.F.);
#9726 = EDGE_CURVE('',#9710,#9719,#9727,.T.);
#9727 = LINE('',#9728,#9729);
#9728 = CARTESIAN_POINT('',(10.04,-7.3,1.43));
#9729 = VECTOR('',#9730,1.);
#9730 = DIRECTION('',(0.,-1.,0.));
#9731 = PLANE('',#9732);
#9732 = AXIS2_PLACEMENT_3D('',#9733,#9734,#9735);
#9733 = CARTESIAN_POINT('',(9.96,-7.3,1.51));
#9734 = DIRECTION('',(0.707106781187,-1.735167508357E-18,0.707106781187)
  );
#9735 = DIRECTION('',(-1.226948711654E-18,-1.,-1.226948711654E-18));
#9736 = ADVANCED_FACE('',(#9737),#9755,.T.);
#9737 = FACE_BOUND('',#9738,.F.);
#9738 = EDGE_LOOP('',(#9739,#9740,#9741,#9749));
#9739 = ORIENTED_EDGE('',*,*,#9709,.F.);
#9740 = ORIENTED_EDGE('',*,*,#8279,.T.);
#9741 = ORIENTED_EDGE('',*,*,#9742,.T.);
#9742 = EDGE_CURVE('',#8280,#9743,#9745,.T.);
#9743 = VERTEX_POINT('',#9744);
#9744 = CARTESIAN_POINT('',(10.04,-7.46,1.11));
#9745 = LINE('',#9746,#9747);
#9746 = CARTESIAN_POINT('',(10.04,-7.46,1.11));
#9747 = VECTOR('',#9748,1.);
#9748 = DIRECTION('',(0.57735026919,-0.57735026919,0.57735026919));
#9749 = ORIENTED_EDGE('',*,*,#9750,.F.);
#9750 = EDGE_CURVE('',#9710,#9743,#9751,.T.);
#9751 = LINE('',#9752,#9753);
#9752 = CARTESIAN_POINT('',(10.04,-7.46,1.59));
#9753 = VECTOR('',#9754,1.);
#9754 = DIRECTION('',(0.,0.,-1.));
#9755 = PLANE('',#9756);
#9756 = AXIS2_PLACEMENT_3D('',#9757,#9758,#9759);
#9757 = CARTESIAN_POINT('',(9.96,-7.38,1.59));
#9758 = DIRECTION('',(0.707106781187,0.707106781187,-1.735167508357E-18)
  );
#9759 = DIRECTION('',(1.226948711654E-18,1.226948711654E-18,1.));
#9760 = ADVANCED_FACE('',(#9761),#9779,.T.);
#9761 = FACE_BOUND('',#9762,.F.);
#9762 = EDGE_LOOP('',(#9763,#9764,#9765,#9773));
#9763 = ORIENTED_EDGE('',*,*,#9742,.F.);
#9764 = ORIENTED_EDGE('',*,*,#8302,.T.);
#9765 = ORIENTED_EDGE('',*,*,#9766,.T.);
#9766 = EDGE_CURVE('',#8303,#9767,#9769,.T.);
#9767 = VERTEX_POINT('',#9768);
#9768 = CARTESIAN_POINT('',(10.04,-7.78,1.11));
#9769 = LINE('',#9770,#9771);
#9770 = CARTESIAN_POINT('',(10.146666666667,-7.673333333333,
    1.216666666667));
#9771 = VECTOR('',#9772,1.);
#9772 = DIRECTION('',(0.57735026919,0.57735026919,0.57735026919));
#9773 = ORIENTED_EDGE('',*,*,#9774,.F.);
#9774 = EDGE_CURVE('',#9743,#9767,#9775,.T.);
#9775 = LINE('',#9776,#9777);
#9776 = CARTESIAN_POINT('',(10.04,-7.3,1.11));
#9777 = VECTOR('',#9778,1.);
#9778 = DIRECTION('',(0.,-1.,0.));
#9779 = PLANE('',#9780);
#9780 = AXIS2_PLACEMENT_3D('',#9781,#9782,#9783);
#9781 = CARTESIAN_POINT('',(9.96,-7.3,1.03));
#9782 = DIRECTION('',(0.707106781187,0.,-0.707106781187));
#9783 = DIRECTION('',(0.,1.,0.));
#9784 = ADVANCED_FACE('',(#9785),#9796,.F.);
#9785 = FACE_BOUND('',#9786,.T.);
#9786 = EDGE_LOOP('',(#9787,#9788,#9789,#9790));
#9787 = ORIENTED_EDGE('',*,*,#9718,.F.);
#9788 = ORIENTED_EDGE('',*,*,#8327,.T.);
#9789 = ORIENTED_EDGE('',*,*,#9766,.T.);
#9790 = ORIENTED_EDGE('',*,*,#9791,.F.);
#9791 = EDGE_CURVE('',#9719,#9767,#9792,.T.);
#9792 = LINE('',#9793,#9794);
#9793 = CARTESIAN_POINT('',(10.04,-7.78,1.59));
#9794 = VECTOR('',#9795,1.);
#9795 = DIRECTION('',(0.,0.,-1.));
#9796 = PLANE('',#9797);
#9797 = AXIS2_PLACEMENT_3D('',#9798,#9799,#9800);
#9798 = CARTESIAN_POINT('',(9.96,-7.86,1.59));
#9799 = DIRECTION('',(-0.707106781187,0.707106781187,1.735167508357E-18)
  );
#9800 = DIRECTION('',(1.226948711654E-18,-1.226948711654E-18,1.));
#9801 = ADVANCED_FACE('',(#9802),#9827,.T.);
#9802 = FACE_BOUND('',#9803,.F.);
#9803 = EDGE_LOOP('',(#9804,#9812,#9813,#9821));
#9804 = ORIENTED_EDGE('',*,*,#9805,.F.);
#9805 = EDGE_CURVE('',#8344,#9806,#9808,.T.);
#9806 = VERTEX_POINT('',#9807);
#9807 = CARTESIAN_POINT('',(10.04,0.16,1.43));
#9808 = LINE('',#9809,#9810);
#9809 = CARTESIAN_POINT('',(9.933333333333,0.266666666667,1.536666666667
    ));
#9810 = VECTOR('',#9811,1.);
#9811 = DIRECTION('',(0.57735026919,-0.57735026919,-0.57735026919));
#9812 = ORIENTED_EDGE('',*,*,#8351,.T.);
#9813 = ORIENTED_EDGE('',*,*,#9814,.T.);
#9814 = EDGE_CURVE('',#8352,#9815,#9817,.T.);
#9815 = VERTEX_POINT('',#9816);
#9816 = CARTESIAN_POINT('',(10.04,0.16,1.11));
#9817 = LINE('',#9818,#9819);
#9818 = CARTESIAN_POINT('',(10.04,0.16,1.11));
#9819 = VECTOR('',#9820,1.);
#9820 = DIRECTION('',(0.57735026919,-0.57735026919,0.57735026919));
#9821 = ORIENTED_EDGE('',*,*,#9822,.F.);
#9822 = EDGE_CURVE('',#9806,#9815,#9823,.T.);
#9823 = LINE('',#9824,#9825);
#9824 = CARTESIAN_POINT('',(10.04,0.16,1.59));
#9825 = VECTOR('',#9826,1.);
#9826 = DIRECTION('',(0.,0.,-1.));
#9827 = PLANE('',#9828);
#9828 = AXIS2_PLACEMENT_3D('',#9829,#9830,#9831);
#9829 = CARTESIAN_POINT('',(9.96,0.24,1.59));
#9830 = DIRECTION('',(0.707106781187,0.707106781187,-1.735167508357E-18)
  );
#9831 = DIRECTION('',(1.226948711654E-18,1.226948711654E-18,1.));
#9832 = ADVANCED_FACE('',(#9833),#9851,.T.);
#9833 = FACE_BOUND('',#9834,.F.);
#9834 = EDGE_LOOP('',(#9835,#9836,#9837,#9845));
#9835 = ORIENTED_EDGE('',*,*,#9814,.F.);
#9836 = ORIENTED_EDGE('',*,*,#8374,.T.);
#9837 = ORIENTED_EDGE('',*,*,#9838,.T.);
#9838 = EDGE_CURVE('',#8375,#9839,#9841,.T.);
#9839 = VERTEX_POINT('',#9840);
#9840 = CARTESIAN_POINT('',(10.04,-0.16,1.11));
#9841 = LINE('',#9842,#9843);
#9842 = CARTESIAN_POINT('',(10.146666666667,-5.333333333333E-02,
    1.216666666667));
#9843 = VECTOR('',#9844,1.);
#9844 = DIRECTION('',(0.57735026919,0.57735026919,0.57735026919));
#9845 = ORIENTED_EDGE('',*,*,#9846,.F.);
#9846 = EDGE_CURVE('',#9815,#9839,#9847,.T.);
#9847 = LINE('',#9848,#9849);
#9848 = CARTESIAN_POINT('',(10.04,0.32,1.11));
#9849 = VECTOR('',#9850,1.);
#9850 = DIRECTION('',(0.,-1.,0.));
#9851 = PLANE('',#9852);
#9852 = AXIS2_PLACEMENT_3D('',#9853,#9854,#9855);
#9853 = CARTESIAN_POINT('',(9.96,0.32,1.03));
#9854 = DIRECTION('',(0.707106781187,0.,-0.707106781187));
#9855 = DIRECTION('',(0.,1.,0.));
#9856 = ADVANCED_FACE('',(#9857),#9875,.F.);
#9857 = FACE_BOUND('',#9858,.T.);
#9858 = EDGE_LOOP('',(#9859,#9867,#9868,#9869));
#9859 = ORIENTED_EDGE('',*,*,#9860,.F.);
#9860 = EDGE_CURVE('',#8399,#9861,#9863,.T.);
#9861 = VERTEX_POINT('',#9862);
#9862 = CARTESIAN_POINT('',(10.04,-0.16,1.43));
#9863 = LINE('',#9864,#9865);
#9864 = CARTESIAN_POINT('',(10.04,-0.16,1.43));
#9865 = VECTOR('',#9866,1.);
#9866 = DIRECTION('',(0.57735026919,0.57735026919,-0.57735026919));
#9867 = ORIENTED_EDGE('',*,*,#8406,.T.);
#9868 = ORIENTED_EDGE('',*,*,#9838,.T.);
#9869 = ORIENTED_EDGE('',*,*,#9870,.F.);
#9870 = EDGE_CURVE('',#9861,#9839,#9871,.T.);
#9871 = LINE('',#9872,#9873);
#9872 = CARTESIAN_POINT('',(10.04,-0.16,1.59));
#9873 = VECTOR('',#9874,1.);
#9874 = DIRECTION('',(0.,0.,-1.));
#9875 = PLANE('',#9876);
#9876 = AXIS2_PLACEMENT_3D('',#9877,#9878,#9879);
#9877 = CARTESIAN_POINT('',(9.96,-0.24,1.59));
#9878 = DIRECTION('',(-0.707106781187,0.707106781187,1.735167508357E-18)
  );
#9879 = DIRECTION('',(1.226948711654E-18,-1.226948711654E-18,1.));
#9880 = ADVANCED_FACE('',(#9881),#9892,.T.);
#9881 = FACE_BOUND('',#9882,.T.);
#9882 = EDGE_LOOP('',(#9883,#9884,#9885,#9886));
#9883 = ORIENTED_EDGE('',*,*,#9805,.F.);
#9884 = ORIENTED_EDGE('',*,*,#8424,.T.);
#9885 = ORIENTED_EDGE('',*,*,#9860,.T.);
#9886 = ORIENTED_EDGE('',*,*,#9887,.F.);
#9887 = EDGE_CURVE('',#9806,#9861,#9888,.T.);
#9888 = LINE('',#9889,#9890);
#9889 = CARTESIAN_POINT('',(10.04,0.32,1.43));
#9890 = VECTOR('',#9891,1.);
#9891 = DIRECTION('',(0.,-1.,0.));
#9892 = PLANE('',#9893);
#9893 = AXIS2_PLACEMENT_3D('',#9894,#9895,#9896);
#9894 = CARTESIAN_POINT('',(9.96,0.32,1.51));
#9895 = DIRECTION('',(0.707106781187,-1.735167508357E-18,0.707106781187)
  );
#9896 = DIRECTION('',(-1.226948711654E-18,-1.,-1.226948711654E-18));
#9897 = ADVANCED_FACE('',(#9898),#9923,.T.);
#9898 = FACE_BOUND('',#9899,.T.);
#9899 = EDGE_LOOP('',(#9900,#9908,#9909,#9917));
#9900 = ORIENTED_EDGE('',*,*,#9901,.F.);
#9901 = EDGE_CURVE('',#8439,#9902,#9904,.T.);
#9902 = VERTEX_POINT('',#9903);
#9903 = CARTESIAN_POINT('',(10.04,-4.92,1.43));
#9904 = LINE('',#9905,#9906);
#9905 = CARTESIAN_POINT('',(9.933333333333,-4.813333333333,
    1.536666666667));
#9906 = VECTOR('',#9907,1.);
#9907 = DIRECTION('',(0.57735026919,-0.57735026919,-0.57735026919));
#9908 = ORIENTED_EDGE('',*,*,#8455,.T.);
#9909 = ORIENTED_EDGE('',*,*,#9910,.T.);
#9910 = EDGE_CURVE('',#8448,#9911,#9913,.T.);
#9911 = VERTEX_POINT('',#9912);
#9912 = CARTESIAN_POINT('',(10.04,-5.24,1.43));
#9913 = LINE('',#9914,#9915);
#9914 = CARTESIAN_POINT('',(10.04,-5.24,1.43));
#9915 = VECTOR('',#9916,1.);
#9916 = DIRECTION('',(0.57735026919,0.57735026919,-0.57735026919));
#9917 = ORIENTED_EDGE('',*,*,#9918,.F.);
#9918 = EDGE_CURVE('',#9902,#9911,#9919,.T.);
#9919 = LINE('',#9920,#9921);
#9920 = CARTESIAN_POINT('',(10.04,-4.76,1.43));
#9921 = VECTOR('',#9922,1.);
#9922 = DIRECTION('',(0.,-1.,0.));
#9923 = PLANE('',#9924);
#9924 = AXIS2_PLACEMENT_3D('',#9925,#9926,#9927);
#9925 = CARTESIAN_POINT('',(9.96,-4.76,1.51));
#9926 = DIRECTION('',(0.707106781187,-1.735167508357E-18,0.707106781187)
  );
#9927 = DIRECTION('',(-1.226948711654E-18,-1.,-1.226948711654E-18));
#9928 = ADVANCED_FACE('',(#9929),#9947,.T.);
#9929 = FACE_BOUND('',#9930,.F.);
#9930 = EDGE_LOOP('',(#9931,#9932,#9933,#9941));
#9931 = ORIENTED_EDGE('',*,*,#9901,.F.);
#9932 = ORIENTED_EDGE('',*,*,#8471,.T.);
#9933 = ORIENTED_EDGE('',*,*,#9934,.T.);
#9934 = EDGE_CURVE('',#8472,#9935,#9937,.T.);
#9935 = VERTEX_POINT('',#9936);
#9936 = CARTESIAN_POINT('',(10.04,-4.92,1.11));
#9937 = LINE('',#9938,#9939);
#9938 = CARTESIAN_POINT('',(10.04,-4.92,1.11));
#9939 = VECTOR('',#9940,1.);
#9940 = DIRECTION('',(0.57735026919,-0.57735026919,0.57735026919));
#9941 = ORIENTED_EDGE('',*,*,#9942,.F.);
#9942 = EDGE_CURVE('',#9902,#9935,#9943,.T.);
#9943 = LINE('',#9944,#9945);
#9944 = CARTESIAN_POINT('',(10.04,-4.92,1.59));
#9945 = VECTOR('',#9946,1.);
#9946 = DIRECTION('',(0.,0.,-1.));
#9947 = PLANE('',#9948);
#9948 = AXIS2_PLACEMENT_3D('',#9949,#9950,#9951);
#9949 = CARTESIAN_POINT('',(9.96,-4.84,1.59));
#9950 = DIRECTION('',(0.707106781187,0.707106781187,-1.735167508357E-18)
  );
#9951 = DIRECTION('',(1.226948711654E-18,1.226948711654E-18,1.));
#9952 = ADVANCED_FACE('',(#9953),#9971,.T.);
#9953 = FACE_BOUND('',#9954,.F.);
#9954 = EDGE_LOOP('',(#9955,#9956,#9957,#9965));
#9955 = ORIENTED_EDGE('',*,*,#9934,.F.);
#9956 = ORIENTED_EDGE('',*,*,#8494,.T.);
#9957 = ORIENTED_EDGE('',*,*,#9958,.T.);
#9958 = EDGE_CURVE('',#8495,#9959,#9961,.T.);
#9959 = VERTEX_POINT('',#9960);
#9960 = CARTESIAN_POINT('',(10.04,-5.24,1.11));
#9961 = LINE('',#9962,#9963);
#9962 = CARTESIAN_POINT('',(10.146666666667,-5.133333333333,
    1.216666666667));
#9963 = VECTOR('',#9964,1.);
#9964 = DIRECTION('',(0.57735026919,0.57735026919,0.57735026919));
#9965 = ORIENTED_EDGE('',*,*,#9966,.F.);
#9966 = EDGE_CURVE('',#9935,#9959,#9967,.T.);
#9967 = LINE('',#9968,#9969);
#9968 = CARTESIAN_POINT('',(10.04,-4.76,1.11));
#9969 = VECTOR('',#9970,1.);
#9970 = DIRECTION('',(0.,-1.,0.));
#9971 = PLANE('',#9972);
#9972 = AXIS2_PLACEMENT_3D('',#9973,#9974,#9975);
#9973 = CARTESIAN_POINT('',(9.96,-4.76,1.03));
#9974 = DIRECTION('',(0.707106781187,0.,-0.707106781187));
#9975 = DIRECTION('',(0.,1.,0.));
#9976 = ADVANCED_FACE('',(#9977),#9988,.F.);
#9977 = FACE_BOUND('',#9978,.T.);
#9978 = EDGE_LOOP('',(#9979,#9980,#9981,#9982));
#9979 = ORIENTED_EDGE('',*,*,#9910,.F.);
#9980 = ORIENTED_EDGE('',*,*,#8519,.T.);
#9981 = ORIENTED_EDGE('',*,*,#9958,.T.);
#9982 = ORIENTED_EDGE('',*,*,#9983,.F.);
#9983 = EDGE_CURVE('',#9911,#9959,#9984,.T.);
#9984 = LINE('',#9985,#9986);
#9985 = CARTESIAN_POINT('',(10.04,-5.24,1.59));
#9986 = VECTOR('',#9987,1.);
#9987 = DIRECTION('',(0.,0.,-1.));
#9988 = PLANE('',#9989);
#9989 = AXIS2_PLACEMENT_3D('',#9990,#9991,#9992);
#9990 = CARTESIAN_POINT('',(9.96,-5.32,1.59));
#9991 = DIRECTION('',(-0.707106781187,0.707106781187,1.735167508357E-18)
  );
#9992 = DIRECTION('',(1.226948711654E-18,-1.226948711654E-18,1.));
#9993 = ADVANCED_FACE('',(#9994),#10019,.T.);
#9994 = FACE_BOUND('',#9995,.F.);
#9995 = EDGE_LOOP('',(#9996,#10004,#10005,#10013));
#9996 = ORIENTED_EDGE('',*,*,#9997,.F.);
#9997 = EDGE_CURVE('',#8536,#9998,#10000,.T.);
#9998 = VERTEX_POINT('',#9999);
#9999 = CARTESIAN_POINT('',(10.04,-2.38,1.43));
#10000 = LINE('',#10001,#10002);
#10001 = CARTESIAN_POINT('',(9.933333333333,-2.273333333333,
    1.536666666667));
#10002 = VECTOR('',#10003,1.);
#10003 = DIRECTION('',(0.57735026919,-0.57735026919,-0.57735026919));
#10004 = ORIENTED_EDGE('',*,*,#8543,.T.);
#10005 = ORIENTED_EDGE('',*,*,#10006,.T.);
#10006 = EDGE_CURVE('',#8544,#10007,#10009,.T.);
#10007 = VERTEX_POINT('',#10008);
#10008 = CARTESIAN_POINT('',(10.04,-2.38,1.11));
#10009 = LINE('',#10010,#10011);
#10010 = CARTESIAN_POINT('',(10.04,-2.38,1.11));
#10011 = VECTOR('',#10012,1.);
#10012 = DIRECTION('',(0.57735026919,-0.57735026919,0.57735026919));
#10013 = ORIENTED_EDGE('',*,*,#10014,.F.);
#10014 = EDGE_CURVE('',#9998,#10007,#10015,.T.);
#10015 = LINE('',#10016,#10017);
#10016 = CARTESIAN_POINT('',(10.04,-2.38,1.59));
#10017 = VECTOR('',#10018,1.);
#10018 = DIRECTION('',(0.,0.,-1.));
#10019 = PLANE('',#10020);
#10020 = AXIS2_PLACEMENT_3D('',#10021,#10022,#10023);
#10021 = CARTESIAN_POINT('',(9.96,-2.3,1.59));
#10022 = DIRECTION('',(0.707106781187,0.707106781187,-1.735167508357E-18
    ));
#10023 = DIRECTION('',(1.226948711654E-18,1.226948711654E-18,1.));
#10024 = ADVANCED_FACE('',(#10025),#10043,.T.);
#10025 = FACE_BOUND('',#10026,.F.);
#10026 = EDGE_LOOP('',(#10027,#10028,#10029,#10037));
#10027 = ORIENTED_EDGE('',*,*,#10006,.F.);
#10028 = ORIENTED_EDGE('',*,*,#8566,.T.);
#10029 = ORIENTED_EDGE('',*,*,#10030,.T.);
#10030 = EDGE_CURVE('',#8567,#10031,#10033,.T.);
#10031 = VERTEX_POINT('',#10032);
#10032 = CARTESIAN_POINT('',(10.04,-2.7,1.11));
#10033 = LINE('',#10034,#10035);
#10034 = CARTESIAN_POINT('',(10.146666666667,-2.593333333333,
    1.216666666667));
#10035 = VECTOR('',#10036,1.);
#10036 = DIRECTION('',(0.57735026919,0.57735026919,0.57735026919));
#10037 = ORIENTED_EDGE('',*,*,#10038,.F.);
#10038 = EDGE_CURVE('',#10007,#10031,#10039,.T.);
#10039 = LINE('',#10040,#10041);
#10040 = CARTESIAN_POINT('',(10.04,-2.22,1.11));
#10041 = VECTOR('',#10042,1.);
#10042 = DIRECTION('',(0.,-1.,0.));
#10043 = PLANE('',#10044);
#10044 = AXIS2_PLACEMENT_3D('',#10045,#10046,#10047);
#10045 = CARTESIAN_POINT('',(9.96,-2.22,1.03));
#10046 = DIRECTION('',(0.707106781187,0.,-0.707106781187));
#10047 = DIRECTION('',(0.,1.,0.));
#10048 = ADVANCED_FACE('',(#10049),#10067,.F.);
#10049 = FACE_BOUND('',#10050,.T.);
#10050 = EDGE_LOOP('',(#10051,#10059,#10060,#10061));
#10051 = ORIENTED_EDGE('',*,*,#10052,.F.);
#10052 = EDGE_CURVE('',#8591,#10053,#10055,.T.);
#10053 = VERTEX_POINT('',#10054);
#10054 = CARTESIAN_POINT('',(10.04,-2.7,1.43));
#10055 = LINE('',#10056,#10057);
#10056 = CARTESIAN_POINT('',(10.04,-2.7,1.43));
#10057 = VECTOR('',#10058,1.);
#10058 = DIRECTION('',(0.57735026919,0.57735026919,-0.57735026919));
#10059 = ORIENTED_EDGE('',*,*,#8598,.T.);
#10060 = ORIENTED_EDGE('',*,*,#10030,.T.);
#10061 = ORIENTED_EDGE('',*,*,#10062,.F.);
#10062 = EDGE_CURVE('',#10053,#10031,#10063,.T.);
#10063 = LINE('',#10064,#10065);
#10064 = CARTESIAN_POINT('',(10.04,-2.7,1.59));
#10065 = VECTOR('',#10066,1.);
#10066 = DIRECTION('',(0.,0.,-1.));
#10067 = PLANE('',#10068);
#10068 = AXIS2_PLACEMENT_3D('',#10069,#10070,#10071);
#10069 = CARTESIAN_POINT('',(9.96,-2.78,1.59));
#10070 = DIRECTION('',(-0.707106781187,0.707106781187,1.735167508357E-18
    ));
#10071 = DIRECTION('',(1.226948711654E-18,-1.226948711654E-18,1.));
#10072 = ADVANCED_FACE('',(#10073),#10084,.T.);
#10073 = FACE_BOUND('',#10074,.T.);
#10074 = EDGE_LOOP('',(#10075,#10076,#10077,#10078));
#10075 = ORIENTED_EDGE('',*,*,#9997,.F.);
#10076 = ORIENTED_EDGE('',*,*,#8616,.T.);
#10077 = ORIENTED_EDGE('',*,*,#10052,.T.);
#10078 = ORIENTED_EDGE('',*,*,#10079,.F.);
#10079 = EDGE_CURVE('',#9998,#10053,#10080,.T.);
#10080 = LINE('',#10081,#10082);
#10081 = CARTESIAN_POINT('',(10.04,-2.22,1.43));
#10082 = VECTOR('',#10083,1.);
#10083 = DIRECTION('',(0.,-1.,0.));
#10084 = PLANE('',#10085);
#10085 = AXIS2_PLACEMENT_3D('',#10086,#10087,#10088);
#10086 = CARTESIAN_POINT('',(9.96,-2.22,1.51));
#10087 = DIRECTION('',(0.707106781187,-1.735167508357E-18,0.707106781187
    ));
#10088 = DIRECTION('',(-1.226948711654E-18,-1.,-1.226948711654E-18));
#10089 = ADVANCED_FACE('',(#10090),#10115,.T.);
#10090 = FACE_BOUND('',#10091,.T.);
#10091 = EDGE_LOOP('',(#10092,#10100,#10101,#10109));
#10092 = ORIENTED_EDGE('',*,*,#10093,.F.);
#10093 = EDGE_CURVE('',#8631,#10094,#10096,.T.);
#10094 = VERTEX_POINT('',#10095);
#10095 = CARTESIAN_POINT('',(10.04,-15.08,1.43));
#10096 = LINE('',#10097,#10098);
#10097 = CARTESIAN_POINT('',(9.933333333333,-14.97333333333,
    1.536666666667));
#10098 = VECTOR('',#10099,1.);
#10099 = DIRECTION('',(0.57735026919,-0.57735026919,-0.57735026919));
#10100 = ORIENTED_EDGE('',*,*,#8647,.T.);
#10101 = ORIENTED_EDGE('',*,*,#10102,.T.);
#10102 = EDGE_CURVE('',#8640,#10103,#10105,.T.);
#10103 = VERTEX_POINT('',#10104);
#10104 = CARTESIAN_POINT('',(10.04,-15.4,1.43));
#10105 = LINE('',#10106,#10107);
#10106 = CARTESIAN_POINT('',(10.04,-15.4,1.43));
#10107 = VECTOR('',#10108,1.);
#10108 = DIRECTION('',(0.57735026919,0.57735026919,-0.57735026919));
#10109 = ORIENTED_EDGE('',*,*,#10110,.F.);
#10110 = EDGE_CURVE('',#10094,#10103,#10111,.T.);
#10111 = LINE('',#10112,#10113);
#10112 = CARTESIAN_POINT('',(10.04,-14.92,1.43));
#10113 = VECTOR('',#10114,1.);
#10114 = DIRECTION('',(0.,-1.,0.));
#10115 = PLANE('',#10116);
#10116 = AXIS2_PLACEMENT_3D('',#10117,#10118,#10119);
#10117 = CARTESIAN_POINT('',(9.96,-14.92,1.51));
#10118 = DIRECTION('',(0.707106781187,-1.735167508357E-18,0.707106781187
    ));
#10119 = DIRECTION('',(-1.226948711654E-18,-1.,-1.226948711654E-18));
#10120 = ADVANCED_FACE('',(#10121),#10139,.T.);
#10121 = FACE_BOUND('',#10122,.F.);
#10122 = EDGE_LOOP('',(#10123,#10124,#10125,#10133));
#10123 = ORIENTED_EDGE('',*,*,#10093,.F.);
#10124 = ORIENTED_EDGE('',*,*,#8663,.T.);
#10125 = ORIENTED_EDGE('',*,*,#10126,.T.);
#10126 = EDGE_CURVE('',#8664,#10127,#10129,.T.);
#10127 = VERTEX_POINT('',#10128);
#10128 = CARTESIAN_POINT('',(10.04,-15.08,1.11));
#10129 = LINE('',#10130,#10131);
#10130 = CARTESIAN_POINT('',(10.04,-15.08,1.11));
#10131 = VECTOR('',#10132,1.);
#10132 = DIRECTION('',(0.57735026919,-0.57735026919,0.57735026919));
#10133 = ORIENTED_EDGE('',*,*,#10134,.F.);
#10134 = EDGE_CURVE('',#10094,#10127,#10135,.T.);
#10135 = LINE('',#10136,#10137);
#10136 = CARTESIAN_POINT('',(10.04,-15.08,1.59));
#10137 = VECTOR('',#10138,1.);
#10138 = DIRECTION('',(0.,0.,-1.));
#10139 = PLANE('',#10140);
#10140 = AXIS2_PLACEMENT_3D('',#10141,#10142,#10143);
#10141 = CARTESIAN_POINT('',(9.96,-15.,1.59));
#10142 = DIRECTION('',(0.707106781187,0.707106781187,-1.735167508357E-18
    ));
#10143 = DIRECTION('',(1.226948711654E-18,1.226948711654E-18,1.));
#10144 = ADVANCED_FACE('',(#10145),#10163,.T.);
#10145 = FACE_BOUND('',#10146,.F.);
#10146 = EDGE_LOOP('',(#10147,#10148,#10149,#10157));
#10147 = ORIENTED_EDGE('',*,*,#10126,.F.);
#10148 = ORIENTED_EDGE('',*,*,#8686,.T.);
#10149 = ORIENTED_EDGE('',*,*,#10150,.T.);
#10150 = EDGE_CURVE('',#8687,#10151,#10153,.T.);
#10151 = VERTEX_POINT('',#10152);
#10152 = CARTESIAN_POINT('',(10.04,-15.4,1.11));
#10153 = LINE('',#10154,#10155);
#10154 = CARTESIAN_POINT('',(10.146666666667,-15.29333333333,
    1.216666666667));
#10155 = VECTOR('',#10156,1.);
#10156 = DIRECTION('',(0.57735026919,0.57735026919,0.57735026919));
#10157 = ORIENTED_EDGE('',*,*,#10158,.F.);
#10158 = EDGE_CURVE('',#10127,#10151,#10159,.T.);
#10159 = LINE('',#10160,#10161);
#10160 = CARTESIAN_POINT('',(10.04,-14.92,1.11));
#10161 = VECTOR('',#10162,1.);
#10162 = DIRECTION('',(0.,-1.,0.));
#10163 = PLANE('',#10164);
#10164 = AXIS2_PLACEMENT_3D('',#10165,#10166,#10167);
#10165 = CARTESIAN_POINT('',(9.96,-14.92,1.03));
#10166 = DIRECTION('',(0.707106781187,0.,-0.707106781187));
#10167 = DIRECTION('',(0.,1.,0.));
#10168 = ADVANCED_FACE('',(#10169),#10180,.F.);
#10169 = FACE_BOUND('',#10170,.T.);
#10170 = EDGE_LOOP('',(#10171,#10172,#10173,#10174));
#10171 = ORIENTED_EDGE('',*,*,#10102,.F.);
#10172 = ORIENTED_EDGE('',*,*,#8711,.T.);
#10173 = ORIENTED_EDGE('',*,*,#10150,.T.);
#10174 = ORIENTED_EDGE('',*,*,#10175,.F.);
#10175 = EDGE_CURVE('',#10103,#10151,#10176,.T.);
#10176 = LINE('',#10177,#10178);
#10177 = CARTESIAN_POINT('',(10.04,-15.4,1.59));
#10178 = VECTOR('',#10179,1.);
#10179 = DIRECTION('',(0.,0.,-1.));
#10180 = PLANE('',#10181);
#10181 = AXIS2_PLACEMENT_3D('',#10182,#10183,#10184);
#10182 = CARTESIAN_POINT('',(9.96,-15.48,1.59));
#10183 = DIRECTION('',(-0.707106781187,0.707106781187,1.735167508357E-18
    ));
#10184 = DIRECTION('',(1.226948711654E-18,-1.226948711654E-18,1.));
#10185 = ADVANCED_FACE('',(#10186),#10197,.T.);
#10186 = FACE_BOUND('',#10187,.F.);
#10187 = EDGE_LOOP('',(#10188,#10189,#10195,#10196));
#10188 = ORIENTED_EDGE('',*,*,#8808,.F.);
#10189 = ORIENTED_EDGE('',*,*,#10190,.T.);
#10190 = EDGE_CURVE('',#8809,#8778,#10191,.T.);
#10191 = LINE('',#10192,#10193);
#10192 = CARTESIAN_POINT('',(0.16,-12.38,-3.));
#10193 = VECTOR('',#10194,1.);
#10194 = DIRECTION('',(0.,-1.,0.));
#10195 = ORIENTED_EDGE('',*,*,#8777,.T.);
#10196 = ORIENTED_EDGE('',*,*,#8729,.F.);
#10197 = PLANE('',#10198);
#10198 = AXIS2_PLACEMENT_3D('',#10199,#10200,#10201);
#10199 = CARTESIAN_POINT('',(0.24,-12.38,-2.92));
#10200 = DIRECTION('',(0.707106781187,1.735167508357E-18,-0.707106781187
    ));
#10201 = DIRECTION('',(-1.226948711654E-18,1.,1.226948711654E-18));
#10202 = ADVANCED_FACE('',(#10203),#10214,.T.);
#10203 = FACE_BOUND('',#10204,.F.);
#10204 = EDGE_LOOP('',(#10205,#10206,#10207,#10208));
#10205 = ORIENTED_EDGE('',*,*,#8817,.F.);
#10206 = ORIENTED_EDGE('',*,*,#8761,.T.);
#10207 = ORIENTED_EDGE('',*,*,#8793,.F.);
#10208 = ORIENTED_EDGE('',*,*,#10209,.F.);
#10209 = EDGE_CURVE('',#8818,#8786,#10210,.T.);
#10210 = LINE('',#10211,#10212);
#10211 = CARTESIAN_POINT('',(-0.16,-12.38,-3.));
#10212 = VECTOR('',#10213,1.);
#10213 = DIRECTION('',(0.,-1.,0.));
#10214 = PLANE('',#10215);
#10215 = AXIS2_PLACEMENT_3D('',#10216,#10217,#10218);
#10216 = CARTESIAN_POINT('',(-0.24,-12.38,-2.92));
#10217 = DIRECTION('',(-0.707106781187,-1.735167508357E-18,
    -0.707106781187));
#10218 = DIRECTION('',(-1.226948711654E-18,1.,-1.226948711654E-18));
#10219 = ADVANCED_FACE('',(#10220),#10226,.T.);
#10220 = FACE_BOUND('',#10221,.T.);
#10221 = EDGE_LOOP('',(#10222,#10223,#10224,#10225));
#10222 = ORIENTED_EDGE('',*,*,#8785,.T.);
#10223 = ORIENTED_EDGE('',*,*,#10209,.F.);
#10224 = ORIENTED_EDGE('',*,*,#8825,.F.);
#10225 = ORIENTED_EDGE('',*,*,#10190,.T.);
#10226 = PLANE('',#10227);
#10227 = AXIS2_PLACEMENT_3D('',#10228,#10229,#10230);
#10228 = CARTESIAN_POINT('',(0.32,-12.38,-3.));
#10229 = DIRECTION('',(-0.,-0.,-1.));
#10230 = DIRECTION('',(-1.,0.,0.));
#10231 = ADVANCED_FACE('',(#10232),#10243,.T.);
#10232 = FACE_BOUND('',#10233,.F.);
#10233 = EDGE_LOOP('',(#10234,#10235,#10236,#10237));
#10234 = ORIENTED_EDGE('',*,*,#8882,.F.);
#10235 = ORIENTED_EDGE('',*,*,#8857,.T.);
#10236 = ORIENTED_EDGE('',*,*,#8937,.F.);
#10237 = ORIENTED_EDGE('',*,*,#10238,.F.);
#10238 = EDGE_CURVE('',#8883,#8930,#10239,.T.);
#10239 = LINE('',#10240,#10241);
#10240 = CARTESIAN_POINT('',(-0.16,-9.84,-3.));
#10241 = VECTOR('',#10242,1.);
#10242 = DIRECTION('',(0.,-1.,0.));
#10243 = PLANE('',#10244);
#10244 = AXIS2_PLACEMENT_3D('',#10245,#10246,#10247);
#10245 = CARTESIAN_POINT('',(-0.24,-9.84,-2.92));
#10246 = DIRECTION('',(-0.707106781187,-1.735167508357E-18,
    -0.707106781187));
#10247 = DIRECTION('',(-1.226948711654E-18,1.,-1.226948711654E-18));
#10248 = ADVANCED_FACE('',(#10249),#10260,.T.);
#10249 = FACE_BOUND('',#10250,.F.);
#10250 = EDGE_LOOP('',(#10251,#10252,#10258,#10259));
#10251 = ORIENTED_EDGE('',*,*,#8873,.F.);
#10252 = ORIENTED_EDGE('',*,*,#10253,.T.);
#10253 = EDGE_CURVE('',#8874,#8922,#10254,.T.);
#10254 = LINE('',#10255,#10256);
#10255 = CARTESIAN_POINT('',(0.16,-9.84,-3.));
#10256 = VECTOR('',#10257,1.);
#10257 = DIRECTION('',(0.,-1.,0.));
#10258 = ORIENTED_EDGE('',*,*,#8921,.T.);
#10259 = ORIENTED_EDGE('',*,*,#8907,.F.);
#10260 = PLANE('',#10261);
#10261 = AXIS2_PLACEMENT_3D('',#10262,#10263,#10264);
#10262 = CARTESIAN_POINT('',(0.24,-9.84,-2.92));
#10263 = DIRECTION('',(0.707106781187,1.735167508357E-18,-0.707106781187
    ));
#10264 = DIRECTION('',(-1.226948711654E-18,1.,1.226948711654E-18));
#10265 = ADVANCED_FACE('',(#10266),#10272,.T.);
#10266 = FACE_BOUND('',#10267,.T.);
#10267 = EDGE_LOOP('',(#10268,#10269,#10270,#10271));
#10268 = ORIENTED_EDGE('',*,*,#8929,.T.);
#10269 = ORIENTED_EDGE('',*,*,#10238,.F.);
#10270 = ORIENTED_EDGE('',*,*,#8890,.F.);
#10271 = ORIENTED_EDGE('',*,*,#10253,.T.);
#10272 = PLANE('',#10273);
#10273 = AXIS2_PLACEMENT_3D('',#10274,#10275,#10276);
#10274 = CARTESIAN_POINT('',(0.32,-9.84,-3.));
#10275 = DIRECTION('',(-0.,-0.,-1.));
#10276 = DIRECTION('',(-1.,0.,0.));
#10277 = ADVANCED_FACE('',(#10278),#10289,.T.);
#10278 = FACE_BOUND('',#10279,.F.);
#10279 = EDGE_LOOP('',(#10280,#10281,#10282,#10283));
#10280 = ORIENTED_EDGE('',*,*,#8995,.F.);
#10281 = ORIENTED_EDGE('',*,*,#8970,.T.);
#10282 = ORIENTED_EDGE('',*,*,#9050,.F.);
#10283 = ORIENTED_EDGE('',*,*,#10284,.F.);
#10284 = EDGE_CURVE('',#8996,#9043,#10285,.T.);
#10285 = LINE('',#10286,#10287);
#10286 = CARTESIAN_POINT('',(-0.16,-7.3,-3.));
#10287 = VECTOR('',#10288,1.);
#10288 = DIRECTION('',(0.,-1.,0.));
#10289 = PLANE('',#10290);
#10290 = AXIS2_PLACEMENT_3D('',#10291,#10292,#10293);
#10291 = CARTESIAN_POINT('',(-0.24,-7.3,-2.92));
#10292 = DIRECTION('',(-0.707106781187,-1.735167508357E-18,
    -0.707106781187));
#10293 = DIRECTION('',(-1.226948711654E-18,1.,-1.226948711654E-18));
#10294 = ADVANCED_FACE('',(#10295),#10306,.T.);
#10295 = FACE_BOUND('',#10296,.F.);
#10296 = EDGE_LOOP('',(#10297,#10298,#10304,#10305));
#10297 = ORIENTED_EDGE('',*,*,#8986,.F.);
#10298 = ORIENTED_EDGE('',*,*,#10299,.T.);
#10299 = EDGE_CURVE('',#8987,#9035,#10300,.T.);
#10300 = LINE('',#10301,#10302);
#10301 = CARTESIAN_POINT('',(0.16,-7.3,-3.));
#10302 = VECTOR('',#10303,1.);
#10303 = DIRECTION('',(0.,-1.,0.));
#10304 = ORIENTED_EDGE('',*,*,#9034,.T.);
#10305 = ORIENTED_EDGE('',*,*,#9020,.F.);
#10306 = PLANE('',#10307);
#10307 = AXIS2_PLACEMENT_3D('',#10308,#10309,#10310);
#10308 = CARTESIAN_POINT('',(0.24,-7.3,-2.92));
#10309 = DIRECTION('',(0.707106781187,1.735167508357E-18,-0.707106781187
    ));
#10310 = DIRECTION('',(-1.226948711654E-18,1.,1.226948711654E-18));
#10311 = ADVANCED_FACE('',(#10312),#10318,.T.);
#10312 = FACE_BOUND('',#10313,.T.);
#10313 = EDGE_LOOP('',(#10314,#10315,#10316,#10317));
#10314 = ORIENTED_EDGE('',*,*,#9042,.T.);
#10315 = ORIENTED_EDGE('',*,*,#10284,.F.);
#10316 = ORIENTED_EDGE('',*,*,#9003,.F.);
#10317 = ORIENTED_EDGE('',*,*,#10299,.T.);
#10318 = PLANE('',#10319);
#10319 = AXIS2_PLACEMENT_3D('',#10320,#10321,#10322);
#10320 = CARTESIAN_POINT('',(0.32,-7.3,-3.));
#10321 = DIRECTION('',(-0.,-0.,-1.));
#10322 = DIRECTION('',(-1.,0.,0.));
#10323 = ADVANCED_FACE('',(#10324),#10335,.T.);
#10324 = FACE_BOUND('',#10325,.F.);
#10325 = EDGE_LOOP('',(#10326,#10327,#10328,#10329));
#10326 = ORIENTED_EDGE('',*,*,#9108,.F.);
#10327 = ORIENTED_EDGE('',*,*,#9083,.T.);
#10328 = ORIENTED_EDGE('',*,*,#9163,.F.);
#10329 = ORIENTED_EDGE('',*,*,#10330,.F.);
#10330 = EDGE_CURVE('',#9109,#9156,#10331,.T.);
#10331 = LINE('',#10332,#10333);
#10332 = CARTESIAN_POINT('',(-0.16,0.32,-3.));
#10333 = VECTOR('',#10334,1.);
#10334 = DIRECTION('',(0.,-1.,0.));
#10335 = PLANE('',#10336);
#10336 = AXIS2_PLACEMENT_3D('',#10337,#10338,#10339);
#10337 = CARTESIAN_POINT('',(-0.24,0.32,-2.92));
#10338 = DIRECTION('',(-0.707106781187,-1.735167508357E-18,
    -0.707106781187));
#10339 = DIRECTION('',(-1.226948711654E-18,1.,-1.226948711654E-18));
#10340 = ADVANCED_FACE('',(#10341),#10352,.T.);
#10341 = FACE_BOUND('',#10342,.F.);
#10342 = EDGE_LOOP('',(#10343,#10344,#10350,#10351));
#10343 = ORIENTED_EDGE('',*,*,#9099,.F.);
#10344 = ORIENTED_EDGE('',*,*,#10345,.T.);
#10345 = EDGE_CURVE('',#9100,#9148,#10346,.T.);
#10346 = LINE('',#10347,#10348);
#10347 = CARTESIAN_POINT('',(0.16,0.32,-3.));
#10348 = VECTOR('',#10349,1.);
#10349 = DIRECTION('',(0.,-1.,0.));
#10350 = ORIENTED_EDGE('',*,*,#9147,.T.);
#10351 = ORIENTED_EDGE('',*,*,#9133,.F.);
#10352 = PLANE('',#10353);
#10353 = AXIS2_PLACEMENT_3D('',#10354,#10355,#10356);
#10354 = CARTESIAN_POINT('',(0.24,0.32,-2.92));
#10355 = DIRECTION('',(0.707106781187,1.735167508357E-18,-0.707106781187
    ));
#10356 = DIRECTION('',(-1.226948711654E-18,1.,1.226948711654E-18));
#10357 = ADVANCED_FACE('',(#10358),#10364,.T.);
#10358 = FACE_BOUND('',#10359,.T.);
#10359 = EDGE_LOOP('',(#10360,#10361,#10362,#10363));
#10360 = ORIENTED_EDGE('',*,*,#9155,.T.);
#10361 = ORIENTED_EDGE('',*,*,#10330,.F.);
#10362 = ORIENTED_EDGE('',*,*,#9116,.F.);
#10363 = ORIENTED_EDGE('',*,*,#10345,.T.);
#10364 = PLANE('',#10365);
#10365 = AXIS2_PLACEMENT_3D('',#10366,#10367,#10368);
#10366 = CARTESIAN_POINT('',(0.32,0.32,-3.));
#10367 = DIRECTION('',(-0.,-0.,-1.));
#10368 = DIRECTION('',(-1.,0.,0.));
#10369 = ADVANCED_FACE('',(#10370),#10381,.T.);
#10370 = FACE_BOUND('',#10371,.F.);
#10371 = EDGE_LOOP('',(#10372,#10373,#10374,#10375));
#10372 = ORIENTED_EDGE('',*,*,#9221,.F.);
#10373 = ORIENTED_EDGE('',*,*,#9196,.T.);
#10374 = ORIENTED_EDGE('',*,*,#9276,.F.);
#10375 = ORIENTED_EDGE('',*,*,#10376,.F.);
#10376 = EDGE_CURVE('',#9222,#9269,#10377,.T.);
#10377 = LINE('',#10378,#10379);
#10378 = CARTESIAN_POINT('',(-0.16,-4.76,-3.));
#10379 = VECTOR('',#10380,1.);
#10380 = DIRECTION('',(0.,-1.,0.));
#10381 = PLANE('',#10382);
#10382 = AXIS2_PLACEMENT_3D('',#10383,#10384,#10385);
#10383 = CARTESIAN_POINT('',(-0.24,-4.76,-2.92));
#10384 = DIRECTION('',(-0.707106781187,-1.735167508357E-18,
    -0.707106781187));
#10385 = DIRECTION('',(-1.226948711654E-18,1.,-1.226948711654E-18));
#10386 = ADVANCED_FACE('',(#10387),#10398,.T.);
#10387 = FACE_BOUND('',#10388,.F.);
#10388 = EDGE_LOOP('',(#10389,#10390,#10396,#10397));
#10389 = ORIENTED_EDGE('',*,*,#9212,.F.);
#10390 = ORIENTED_EDGE('',*,*,#10391,.T.);
#10391 = EDGE_CURVE('',#9213,#9261,#10392,.T.);
#10392 = LINE('',#10393,#10394);
#10393 = CARTESIAN_POINT('',(0.16,-4.76,-3.));
#10394 = VECTOR('',#10395,1.);
#10395 = DIRECTION('',(0.,-1.,0.));
#10396 = ORIENTED_EDGE('',*,*,#9260,.T.);
#10397 = ORIENTED_EDGE('',*,*,#9246,.F.);
#10398 = PLANE('',#10399);
#10399 = AXIS2_PLACEMENT_3D('',#10400,#10401,#10402);
#10400 = CARTESIAN_POINT('',(0.24,-4.76,-2.92));
#10401 = DIRECTION('',(0.707106781187,1.735167508357E-18,-0.707106781187
    ));
#10402 = DIRECTION('',(-1.226948711654E-18,1.,1.226948711654E-18));
#10403 = ADVANCED_FACE('',(#10404),#10410,.T.);
#10404 = FACE_BOUND('',#10405,.T.);
#10405 = EDGE_LOOP('',(#10406,#10407,#10408,#10409));
#10406 = ORIENTED_EDGE('',*,*,#9268,.T.);
#10407 = ORIENTED_EDGE('',*,*,#10376,.F.);
#10408 = ORIENTED_EDGE('',*,*,#9229,.F.);
#10409 = ORIENTED_EDGE('',*,*,#10391,.T.);
#10410 = PLANE('',#10411);
#10411 = AXIS2_PLACEMENT_3D('',#10412,#10413,#10414);
#10412 = CARTESIAN_POINT('',(0.32,-4.76,-3.));
#10413 = DIRECTION('',(-0.,-0.,-1.));
#10414 = DIRECTION('',(-1.,0.,0.));
#10415 = ADVANCED_FACE('',(#10416),#10427,.T.);
#10416 = FACE_BOUND('',#10417,.F.);
#10417 = EDGE_LOOP('',(#10418,#10419,#10420,#10421));
#10418 = ORIENTED_EDGE('',*,*,#9334,.F.);
#10419 = ORIENTED_EDGE('',*,*,#9309,.T.);
#10420 = ORIENTED_EDGE('',*,*,#9389,.F.);
#10421 = ORIENTED_EDGE('',*,*,#10422,.F.);
#10422 = EDGE_CURVE('',#9335,#9382,#10423,.T.);
#10423 = LINE('',#10424,#10425);
#10424 = CARTESIAN_POINT('',(-0.16,-2.22,-3.));
#10425 = VECTOR('',#10426,1.);
#10426 = DIRECTION('',(0.,-1.,0.));
#10427 = PLANE('',#10428);
#10428 = AXIS2_PLACEMENT_3D('',#10429,#10430,#10431);
#10429 = CARTESIAN_POINT('',(-0.24,-2.22,-2.92));
#10430 = DIRECTION('',(-0.707106781187,-1.735167508357E-18,
    -0.707106781187));
#10431 = DIRECTION('',(-1.226948711654E-18,1.,-1.226948711654E-18));
#10432 = ADVANCED_FACE('',(#10433),#10444,.T.);
#10433 = FACE_BOUND('',#10434,.F.);
#10434 = EDGE_LOOP('',(#10435,#10436,#10442,#10443));
#10435 = ORIENTED_EDGE('',*,*,#9325,.F.);
#10436 = ORIENTED_EDGE('',*,*,#10437,.T.);
#10437 = EDGE_CURVE('',#9326,#9374,#10438,.T.);
#10438 = LINE('',#10439,#10440);
#10439 = CARTESIAN_POINT('',(0.16,-2.22,-3.));
#10440 = VECTOR('',#10441,1.);
#10441 = DIRECTION('',(0.,-1.,0.));
#10442 = ORIENTED_EDGE('',*,*,#9373,.T.);
#10443 = ORIENTED_EDGE('',*,*,#9359,.F.);
#10444 = PLANE('',#10445);
#10445 = AXIS2_PLACEMENT_3D('',#10446,#10447,#10448);
#10446 = CARTESIAN_POINT('',(0.24,-2.22,-2.92));
#10447 = DIRECTION('',(0.707106781187,1.735167508357E-18,-0.707106781187
    ));
#10448 = DIRECTION('',(-1.226948711654E-18,1.,1.226948711654E-18));
#10449 = ADVANCED_FACE('',(#10450),#10456,.T.);
#10450 = FACE_BOUND('',#10451,.T.);
#10451 = EDGE_LOOP('',(#10452,#10453,#10454,#10455));
#10452 = ORIENTED_EDGE('',*,*,#9381,.T.);
#10453 = ORIENTED_EDGE('',*,*,#10422,.F.);
#10454 = ORIENTED_EDGE('',*,*,#9342,.F.);
#10455 = ORIENTED_EDGE('',*,*,#10437,.T.);
#10456 = PLANE('',#10457);
#10457 = AXIS2_PLACEMENT_3D('',#10458,#10459,#10460);
#10458 = CARTESIAN_POINT('',(0.32,-2.22,-3.));
#10459 = DIRECTION('',(-0.,-0.,-1.));
#10460 = DIRECTION('',(-1.,0.,0.));
#10461 = ADVANCED_FACE('',(#10462),#10473,.T.);
#10462 = FACE_BOUND('',#10463,.F.);
#10463 = EDGE_LOOP('',(#10464,#10465,#10466,#10467));
#10464 = ORIENTED_EDGE('',*,*,#9447,.F.);
#10465 = ORIENTED_EDGE('',*,*,#9422,.T.);
#10466 = ORIENTED_EDGE('',*,*,#9502,.F.);
#10467 = ORIENTED_EDGE('',*,*,#10468,.F.);
#10468 = EDGE_CURVE('',#9448,#9495,#10469,.T.);
#10469 = LINE('',#10470,#10471);
#10470 = CARTESIAN_POINT('',(-0.16,-14.92,-3.));
#10471 = VECTOR('',#10472,1.);
#10472 = DIRECTION('',(0.,-1.,0.));
#10473 = PLANE('',#10474);
#10474 = AXIS2_PLACEMENT_3D('',#10475,#10476,#10477);
#10475 = CARTESIAN_POINT('',(-0.24,-14.92,-2.92));
#10476 = DIRECTION('',(-0.707106781187,-1.735167508357E-18,
    -0.707106781187));
#10477 = DIRECTION('',(-1.226948711654E-18,1.,-1.226948711654E-18));
#10478 = ADVANCED_FACE('',(#10479),#10490,.T.);
#10479 = FACE_BOUND('',#10480,.F.);
#10480 = EDGE_LOOP('',(#10481,#10482,#10488,#10489));
#10481 = ORIENTED_EDGE('',*,*,#9438,.F.);
#10482 = ORIENTED_EDGE('',*,*,#10483,.T.);
#10483 = EDGE_CURVE('',#9439,#9487,#10484,.T.);
#10484 = LINE('',#10485,#10486);
#10485 = CARTESIAN_POINT('',(0.16,-14.92,-3.));
#10486 = VECTOR('',#10487,1.);
#10487 = DIRECTION('',(0.,-1.,0.));
#10488 = ORIENTED_EDGE('',*,*,#9486,.T.);
#10489 = ORIENTED_EDGE('',*,*,#9472,.F.);
#10490 = PLANE('',#10491);
#10491 = AXIS2_PLACEMENT_3D('',#10492,#10493,#10494);
#10492 = CARTESIAN_POINT('',(0.24,-14.92,-2.92));
#10493 = DIRECTION('',(0.707106781187,1.735167508357E-18,-0.707106781187
    ));
#10494 = DIRECTION('',(-1.226948711654E-18,1.,1.226948711654E-18));
#10495 = ADVANCED_FACE('',(#10496),#10502,.T.);
#10496 = FACE_BOUND('',#10497,.T.);
#10497 = EDGE_LOOP('',(#10498,#10499,#10500,#10501));
#10498 = ORIENTED_EDGE('',*,*,#9494,.T.);
#10499 = ORIENTED_EDGE('',*,*,#10468,.F.);
#10500 = ORIENTED_EDGE('',*,*,#9455,.F.);
#10501 = ORIENTED_EDGE('',*,*,#10483,.T.);
#10502 = PLANE('',#10503);
#10503 = AXIS2_PLACEMENT_3D('',#10504,#10505,#10506);
#10504 = CARTESIAN_POINT('',(0.32,-14.92,-3.));
#10505 = DIRECTION('',(-0.,-0.,-1.));
#10506 = DIRECTION('',(-1.,0.,0.));
#10507 = ADVANCED_FACE('',(#10508),#10514,.T.);
#10508 = FACE_BOUND('',#10509,.T.);
#10509 = EDGE_LOOP('',(#10510,#10511,#10512,#10513));
#10510 = ORIENTED_EDGE('',*,*,#9558,.T.);
#10511 = ORIENTED_EDGE('',*,*,#9534,.F.);
#10512 = ORIENTED_EDGE('',*,*,#9599,.F.);
#10513 = ORIENTED_EDGE('',*,*,#9582,.T.);
#10514 = PLANE('',#10515);
#10515 = AXIS2_PLACEMENT_3D('',#10516,#10517,#10518);
#10516 = CARTESIAN_POINT('',(10.04,-12.38,1.59));
#10517 = DIRECTION('',(1.,0.,0.));
#10518 = DIRECTION('',(0.,0.,-1.));
#10519 = ADVANCED_FACE('',(#10520),#10526,.T.);
#10520 = FACE_BOUND('',#10521,.T.);
#10521 = EDGE_LOOP('',(#10522,#10523,#10524,#10525));
#10522 = ORIENTED_EDGE('',*,*,#9678,.T.);
#10523 = ORIENTED_EDGE('',*,*,#9654,.F.);
#10524 = ORIENTED_EDGE('',*,*,#9630,.F.);
#10525 = ORIENTED_EDGE('',*,*,#9695,.T.);
#10526 = PLANE('',#10527);
#10527 = AXIS2_PLACEMENT_3D('',#10528,#10529,#10530);
#10528 = CARTESIAN_POINT('',(10.04,-9.84,1.59));
#10529 = DIRECTION('',(1.,0.,0.));
#10530 = DIRECTION('',(0.,0.,-1.));
#10531 = ADVANCED_FACE('',(#10532),#10538,.T.);
#10532 = FACE_BOUND('',#10533,.T.);
#10533 = EDGE_LOOP('',(#10534,#10535,#10536,#10537));
#10534 = ORIENTED_EDGE('',*,*,#9791,.T.);
#10535 = ORIENTED_EDGE('',*,*,#9774,.F.);
#10536 = ORIENTED_EDGE('',*,*,#9750,.F.);
#10537 = ORIENTED_EDGE('',*,*,#9726,.T.);
#10538 = PLANE('',#10539);
#10539 = AXIS2_PLACEMENT_3D('',#10540,#10541,#10542);
#10540 = CARTESIAN_POINT('',(10.04,-7.3,1.59));
#10541 = DIRECTION('',(1.,0.,0.));
#10542 = DIRECTION('',(0.,0.,-1.));
#10543 = ADVANCED_FACE('',(#10544),#10550,.T.);
#10544 = FACE_BOUND('',#10545,.T.);
#10545 = EDGE_LOOP('',(#10546,#10547,#10548,#10549));
#10546 = ORIENTED_EDGE('',*,*,#9870,.T.);
#10547 = ORIENTED_EDGE('',*,*,#9846,.F.);
#10548 = ORIENTED_EDGE('',*,*,#9822,.F.);
#10549 = ORIENTED_EDGE('',*,*,#9887,.T.);
#10550 = PLANE('',#10551);
#10551 = AXIS2_PLACEMENT_3D('',#10552,#10553,#10554);
#10552 = CARTESIAN_POINT('',(10.04,0.32,1.59));
#10553 = DIRECTION('',(1.,0.,0.));
#10554 = DIRECTION('',(0.,0.,-1.));
#10555 = ADVANCED_FACE('',(#10556),#10562,.T.);
#10556 = FACE_BOUND('',#10557,.T.);
#10557 = EDGE_LOOP('',(#10558,#10559,#10560,#10561));
#10558 = ORIENTED_EDGE('',*,*,#9983,.T.);
#10559 = ORIENTED_EDGE('',*,*,#9966,.F.);
#10560 = ORIENTED_EDGE('',*,*,#9942,.F.);
#10561 = ORIENTED_EDGE('',*,*,#9918,.T.);
#10562 = PLANE('',#10563);
#10563 = AXIS2_PLACEMENT_3D('',#10564,#10565,#10566);
#10564 = CARTESIAN_POINT('',(10.04,-4.76,1.59));
#10565 = DIRECTION('',(1.,0.,0.));
#10566 = DIRECTION('',(0.,0.,-1.));
#10567 = ADVANCED_FACE('',(#10568),#10574,.T.);
#10568 = FACE_BOUND('',#10569,.T.);
#10569 = EDGE_LOOP('',(#10570,#10571,#10572,#10573));
#10570 = ORIENTED_EDGE('',*,*,#10062,.T.);
#10571 = ORIENTED_EDGE('',*,*,#10038,.F.);
#10572 = ORIENTED_EDGE('',*,*,#10014,.F.);
#10573 = ORIENTED_EDGE('',*,*,#10079,.T.);
#10574 = PLANE('',#10575);
#10575 = AXIS2_PLACEMENT_3D('',#10576,#10577,#10578);
#10576 = CARTESIAN_POINT('',(10.04,-2.22,1.59));
#10577 = DIRECTION('',(1.,0.,0.));
#10578 = DIRECTION('',(0.,0.,-1.));
#10579 = ADVANCED_FACE('',(#10580),#10586,.T.);
#10580 = FACE_BOUND('',#10581,.T.);
#10581 = EDGE_LOOP('',(#10582,#10583,#10584,#10585));
#10582 = ORIENTED_EDGE('',*,*,#10175,.T.);
#10583 = ORIENTED_EDGE('',*,*,#10158,.F.);
#10584 = ORIENTED_EDGE('',*,*,#10134,.F.);
#10585 = ORIENTED_EDGE('',*,*,#10110,.T.);
#10586 = PLANE('',#10587);
#10587 = AXIS2_PLACEMENT_3D('',#10588,#10589,#10590);
#10588 = CARTESIAN_POINT('',(10.04,-14.92,1.59));
#10589 = DIRECTION('',(1.,0.,0.));
#10590 = DIRECTION('',(0.,0.,-1.));
#10591 = ( GEOMETRIC_REPRESENTATION_CONTEXT(3) 
GLOBAL_UNCERTAINTY_ASSIGNED_CONTEXT((#10595)) 
GLOBAL_UNIT_ASSIGNED_CONTEXT((#10592,#10593,#10594)) 
REPRESENTATION_CONTEXT('Context #1',
  '3D Context with UNIT and UNCERTAINTY') );
#10592 = ( LENGTH_UNIT() NAMED_UNIT(*) SI_UNIT(.MILLI.,.METRE.) );
#10593 = ( NAMED_UNIT(*) PLANE_ANGLE_UNIT() SI_UNIT($,.RADIAN.) );
#10594 = ( NAMED_UNIT(*) SI_UNIT($,.STERADIAN.) SOLID_ANGLE_UNIT() );
#10595 = UNCERTAINTY_MEASURE_WITH_UNIT(LENGTH_MEASURE(1.E-07),#10592,
  'distance_accuracy_value','confusion accuracy');
#10596 = CONTEXT_DEPENDENT_SHAPE_REPRESENTATION(#10597,#10599);
#10597 = ( REPRESENTATION_RELATIONSHIP('','',#5081,#10) 
REPRESENTATION_RELATIONSHIP_WITH_TRANSFORMATION(#10598) 
SHAPE_REPRESENTATION_RELATIONSHIP() );
#10598 = ITEM_DEFINED_TRANSFORMATION('','',#11,#83);
#10599 = PRODUCT_DEFINITION_SHAPE('Placement','Placement of an item',
  #10600);
#10600 = NEXT_ASSEMBLY_USAGE_OCCURRENCE('23','J1','',#5,#5076,$);
#10601 = PRODUCT_RELATED_PRODUCT_CATEGORY('part',$,(#5078));
#10602 = SHAPE_DEFINITION_REPRESENTATION(#10603,#10609);
#10603 = PRODUCT_DEFINITION_SHAPE('','',#10604);
#10604 = PRODUCT_DEFINITION('design','',#10605,#10608);
#10605 = PRODUCT_DEFINITION_FORMATION('','',#10606);
#10606 = PRODUCT('CP_Radial_D5.0mm_P2.50mm','CP_Radial_D5.0mm_P2.50mm',
  '',(#10607));
#10607 = PRODUCT_CONTEXT('',#2,'mechanical');
#10608 = PRODUCT_DEFINITION_CONTEXT('part definition',#2,'design');
#10609 = ADVANCED_BREP_SHAPE_REPRESENTATION('',(#11,#10610),#12650);
#10610 = BREP_WITH_VOIDS('',#10611,(#12528));
#10611 = CLOSED_SHELL('',(#10612,#10629,#10654,#10703,#10736,#10754,
    #10779,#10811,#10829,#10838,#10876,#10898,#10958,#10986,#11152,
    #11218,#11284,#11402,#11568,#11648,#11682,#11762,#11794,#11860,
    #11937,#11971,#11986,#12004,#12036,#12054,#12197,#12249,#12273,
    #12297,#12321,#12383,#12400,#12424,#12440,#12464,#12476,#12492,
    #12504,#12516));
#10612 = ADVANCED_FACE('',(#10613),#10624,.F.);
#10613 = FACE_BOUND('',#10614,.F.);
#10614 = EDGE_LOOP('',(#10615));
#10615 = ORIENTED_EDGE('',*,*,#10616,.T.);
#10616 = EDGE_CURVE('',#10617,#10617,#10619,.T.);
#10617 = VERTEX_POINT('',#10618);
#10618 = CARTESIAN_POINT('',(2.25,-1.224646799147E-16,-1.9));
#10619 = CIRCLE('',#10620,0.25);
#10620 = AXIS2_PLACEMENT_3D('',#10621,#10622,#10623);
#10621 = CARTESIAN_POINT('',(2.5,-1.530808498934E-16,-1.9));
#10622 = DIRECTION('',(0.,0.,1.));
#10623 = DIRECTION('',(-1.,1.224646799147E-16,0.));
#10624 = PLANE('',#10625);
#10625 = AXIS2_PLACEMENT_3D('',#10626,#10627,#10628);
#10626 = CARTESIAN_POINT('',(2.5,-1.749248380069E-16,-1.9));
#10627 = DIRECTION('',(4.108650548026E-33,4.08046586736E-33,1.));
#10628 = DIRECTION('',(-1.,1.224646799147E-16,4.108650548026E-33));
#10629 = ADVANCED_FACE('',(#10630),#10649,.T.);
#10630 = FACE_BOUND('',#10631,.T.);
#10631 = EDGE_LOOP('',(#10632,#10641,#10647,#10648));
#10632 = ORIENTED_EDGE('',*,*,#10633,.F.);
#10633 = EDGE_CURVE('',#10634,#10634,#10636,.T.);
#10634 = VERTEX_POINT('',#10635);
#10635 = CARTESIAN_POINT('',(2.25,-1.224646799147E-16,0.2));
#10636 = CIRCLE('',#10637,0.25);
#10637 = AXIS2_PLACEMENT_3D('',#10638,#10639,#10640);
#10638 = CARTESIAN_POINT('',(2.5,-1.530808498934E-16,0.2));
#10639 = DIRECTION('',(0.,0.,1.));
#10640 = DIRECTION('',(-1.,1.224646799147E-16,0.));
#10641 = ORIENTED_EDGE('',*,*,#10642,.T.);
#10642 = EDGE_CURVE('',#10634,#10617,#10643,.T.);
#10643 = LINE('',#10644,#10645);
#10644 = CARTESIAN_POINT('',(2.25,-1.224646799147E-16,0.3));
#10645 = VECTOR('',#10646,1.);
#10646 = DIRECTION('',(0.,0.,-1.));
#10647 = ORIENTED_EDGE('',*,*,#10616,.T.);
#10648 = ORIENTED_EDGE('',*,*,#10642,.F.);
#10649 = CYLINDRICAL_SURFACE('',#10650,0.25);
#10650 = AXIS2_PLACEMENT_3D('',#10651,#10652,#10653);
#10651 = CARTESIAN_POINT('',(2.5,-1.530808498934E-16,0.3));
#10652 = DIRECTION('',(0.,0.,1.));
#10653 = DIRECTION('',(-1.,1.224646799147E-16,0.));
#10654 = ADVANCED_FACE('',(#10655,#10684,#10687),#10698,.F.);
#10655 = FACE_BOUND('',#10656,.F.);
#10656 = EDGE_LOOP('',(#10657,#10668,#10677));
#10657 = ORIENTED_EDGE('',*,*,#10658,.T.);
#10658 = EDGE_CURVE('',#10659,#10661,#10663,.T.);
#10659 = VERTEX_POINT('',#10660);
#10660 = CARTESIAN_POINT('',(-0.5,2.143131898508E-16,0.2));
#10661 = VERTEX_POINT('',#10662);
#10662 = CARTESIAN_POINT('',(2.866789181895,-0.669696006639,0.2));
#10663 = CIRCLE('',#10664,1.75);
#10664 = AXIS2_PLACEMENT_3D('',#10665,#10666,#10667);
#10665 = CARTESIAN_POINT('',(1.25,0.,0.2));
#10666 = DIRECTION('',(0.,0.,1.));
#10667 = DIRECTION('',(-1.,1.224646799147E-16,0.));
#10668 = ORIENTED_EDGE('',*,*,#10669,.T.);
#10669 = EDGE_CURVE('',#10661,#10670,#10672,.T.);
#10670 = VERTEX_POINT('',#10671);
#10671 = CARTESIAN_POINT('',(2.866789181895,0.669696006639,0.2));
#10672 = CIRCLE('',#10673,1.75);
#10673 = AXIS2_PLACEMENT_3D('',#10674,#10675,#10676);
#10674 = CARTESIAN_POINT('',(1.25,0.,0.2));
#10675 = DIRECTION('',(0.,0.,1.));
#10676 = DIRECTION('',(-1.,1.224646799147E-16,0.));
#10677 = ORIENTED_EDGE('',*,*,#10678,.T.);
#10678 = EDGE_CURVE('',#10670,#10659,#10679,.T.);
#10679 = CIRCLE('',#10680,1.75);
#10680 = AXIS2_PLACEMENT_3D('',#10681,#10682,#10683);
#10681 = CARTESIAN_POINT('',(1.25,0.,0.2));
#10682 = DIRECTION('',(0.,0.,1.));
#10683 = DIRECTION('',(-1.,1.224646799147E-16,0.));
#10684 = FACE_BOUND('',#10685,.F.);
#10685 = EDGE_LOOP('',(#10686));
#10686 = ORIENTED_EDGE('',*,*,#10633,.F.);
#10687 = FACE_BOUND('',#10688,.F.);
#10688 = EDGE_LOOP('',(#10689));
#10689 = ORIENTED_EDGE('',*,*,#10690,.F.);
#10690 = EDGE_CURVE('',#10691,#10691,#10693,.T.);
#10691 = VERTEX_POINT('',#10692);
#10692 = CARTESIAN_POINT('',(-0.25,1.836970198721E-16,0.2));
#10693 = CIRCLE('',#10694,0.25);
#10694 = AXIS2_PLACEMENT_3D('',#10695,#10696,#10697);
#10695 = CARTESIAN_POINT('',(0.,1.530808498934E-16,0.2));
#10696 = DIRECTION('',(0.,0.,1.));
#10697 = DIRECTION('',(-1.,1.224646799147E-16,0.));
#10698 = PLANE('',#10699);
#10699 = AXIS2_PLACEMENT_3D('',#10700,#10701,#10702);
#10700 = CARTESIAN_POINT('',(1.25,-1.239108604125E-16,0.2));
#10701 = DIRECTION('',(0.,0.,1.));
#10702 = DIRECTION('',(-1.,1.224646799147E-16,0.));
#10703 = ADVANCED_FACE('',(#10704),#10731,.F.);
#10704 = FACE_BOUND('',#10705,.F.);
#10705 = EDGE_LOOP('',(#10706,#10714,#10715,#10716,#10724));
#10706 = ORIENTED_EDGE('',*,*,#10707,.F.);
#10707 = EDGE_CURVE('',#10661,#10708,#10710,.T.);
#10708 = VERTEX_POINT('',#10709);
#10709 = CARTESIAN_POINT('',(2.866789181895,-0.669696006639,0.));
#10710 = LINE('',#10711,#10712);
#10711 = CARTESIAN_POINT('',(2.866789181895,-0.669696006639,0.3));
#10712 = VECTOR('',#10713,1.);
#10713 = DIRECTION('',(0.,0.,-1.));
#10714 = ORIENTED_EDGE('',*,*,#10658,.F.);
#10715 = ORIENTED_EDGE('',*,*,#10678,.F.);
#10716 = ORIENTED_EDGE('',*,*,#10717,.T.);
#10717 = EDGE_CURVE('',#10670,#10718,#10720,.T.);
#10718 = VERTEX_POINT('',#10719);
#10719 = CARTESIAN_POINT('',(2.866789181895,0.669696006639,0.));
#10720 = LINE('',#10721,#10722);
#10721 = CARTESIAN_POINT('',(2.866789181895,0.669696006639,0.3));
#10722 = VECTOR('',#10723,1.);
#10723 = DIRECTION('',(0.,0.,-1.));
#10724 = ORIENTED_EDGE('',*,*,#10725,.F.);
#10725 = EDGE_CURVE('',#10708,#10718,#10726,.T.);
#10726 = CIRCLE('',#10727,1.75);
#10727 = AXIS2_PLACEMENT_3D('',#10728,#10729,#10730);
#10728 = CARTESIAN_POINT('',(1.25,0.,0.));
#10729 = DIRECTION('',(0.,-0.,-1.));
#10730 = DIRECTION('',(0.923879532511,-0.382683432365,0.));
#10731 = CYLINDRICAL_SURFACE('',#10732,1.75);
#10732 = AXIS2_PLACEMENT_3D('',#10733,#10734,#10735);
#10733 = CARTESIAN_POINT('',(1.25,0.,0.3));
#10734 = DIRECTION('',(0.,0.,-1.));
#10735 = DIRECTION('',(0.923879532511,-0.382683432365,0.));
#10736 = ADVANCED_FACE('',(#10737),#10749,.F.);
#10737 = FACE_BOUND('',#10738,.F.);
#10738 = EDGE_LOOP('',(#10739,#10740,#10741,#10742));
#10739 = ORIENTED_EDGE('',*,*,#10717,.F.);
#10740 = ORIENTED_EDGE('',*,*,#10669,.F.);
#10741 = ORIENTED_EDGE('',*,*,#10707,.T.);
#10742 = ORIENTED_EDGE('',*,*,#10743,.F.);
#10743 = EDGE_CURVE('',#10718,#10708,#10744,.T.);
#10744 = CIRCLE('',#10745,1.75);
#10745 = AXIS2_PLACEMENT_3D('',#10746,#10747,#10748);
#10746 = CARTESIAN_POINT('',(1.25,0.,0.));
#10747 = DIRECTION('',(0.,0.,-1.));
#10748 = DIRECTION('',(0.923879532511,0.382683432365,0.));
#10749 = CYLINDRICAL_SURFACE('',#10750,1.75);
#10750 = AXIS2_PLACEMENT_3D('',#10751,#10752,#10753);
#10751 = CARTESIAN_POINT('',(1.25,0.,0.3));
#10752 = DIRECTION('',(0.,0.,-1.));
#10753 = DIRECTION('',(0.923879532511,0.382683432365,0.));
#10754 = ADVANCED_FACE('',(#10755),#10774,.T.);
#10755 = FACE_BOUND('',#10756,.T.);
#10756 = EDGE_LOOP('',(#10757,#10758,#10766,#10773));
#10757 = ORIENTED_EDGE('',*,*,#10690,.F.);
#10758 = ORIENTED_EDGE('',*,*,#10759,.T.);
#10759 = EDGE_CURVE('',#10691,#10760,#10762,.T.);
#10760 = VERTEX_POINT('',#10761);
#10761 = CARTESIAN_POINT('',(-0.25,1.836970198721E-16,-2.));
#10762 = LINE('',#10763,#10764);
#10763 = CARTESIAN_POINT('',(-0.25,1.836970198721E-16,0.3));
#10764 = VECTOR('',#10765,1.);
#10765 = DIRECTION('',(0.,0.,-1.));
#10766 = ORIENTED_EDGE('',*,*,#10767,.T.);
#10767 = EDGE_CURVE('',#10760,#10760,#10768,.T.);
#10768 = CIRCLE('',#10769,0.25);
#10769 = AXIS2_PLACEMENT_3D('',#10770,#10771,#10772);
#10770 = CARTESIAN_POINT('',(0.,1.530808498934E-16,-2.));
#10771 = DIRECTION('',(0.,0.,1.));
#10772 = DIRECTION('',(-1.,1.224646799147E-16,0.));
#10773 = ORIENTED_EDGE('',*,*,#10759,.F.);
#10774 = CYLINDRICAL_SURFACE('',#10775,0.25);
#10775 = AXIS2_PLACEMENT_3D('',#10776,#10777,#10778);
#10776 = CARTESIAN_POINT('',(0.,1.530808498934E-16,0.3));
#10777 = DIRECTION('',(0.,0.,1.));
#10778 = DIRECTION('',(-1.,1.224646799147E-16,0.));
#10779 = ADVANCED_FACE('',(#10780),#10806,.T.);
#10780 = FACE_BOUND('',#10781,.F.);
#10781 = EDGE_LOOP('',(#10782,#10783,#10791,#10800));
#10782 = ORIENTED_EDGE('',*,*,#10725,.T.);
#10783 = ORIENTED_EDGE('',*,*,#10784,.T.);
#10784 = EDGE_CURVE('',#10718,#10785,#10787,.T.);
#10785 = VERTEX_POINT('',#10786);
#10786 = CARTESIAN_POINT('',(3.374922924776,0.88017189444,
    1.387778780781E-17));
#10787 = LINE('',#10788,#10789);
#10788 = CARTESIAN_POINT('',(2.866789181895,0.669696006639,0.));
#10789 = VECTOR('',#10790,1.);
#10790 = DIRECTION('',(0.923879532511,0.382683432365,0.));
#10791 = ORIENTED_EDGE('',*,*,#10792,.F.);
#10792 = EDGE_CURVE('',#10793,#10785,#10795,.T.);
#10793 = VERTEX_POINT('',#10794);
#10794 = CARTESIAN_POINT('',(3.374922924776,-0.88017189444,
    1.387778780781E-17));
#10795 = CIRCLE('',#10796,2.3);
#10796 = AXIS2_PLACEMENT_3D('',#10797,#10798,#10799);
#10797 = CARTESIAN_POINT('',(1.25,0.,1.387778780781E-17));
#10798 = DIRECTION('',(0.,-0.,-1.));
#10799 = DIRECTION('',(0.923879532511,-0.382683432365,0.));
#10800 = ORIENTED_EDGE('',*,*,#10801,.F.);
#10801 = EDGE_CURVE('',#10708,#10793,#10802,.T.);
#10802 = LINE('',#10803,#10804);
#10803 = CARTESIAN_POINT('',(2.866789181895,-0.669696006639,0.));
#10804 = VECTOR('',#10805,1.);
#10805 = DIRECTION('',(0.923879532511,-0.382683432365,0.));
#10806 = PLANE('',#10807);
#10807 = AXIS2_PLACEMENT_3D('',#10808,#10809,#10810);
#10808 = CARTESIAN_POINT('',(1.25,0.,0.));
#10809 = DIRECTION('',(0.,0.,-1.));
#10810 = DIRECTION('',(0.923879532511,-0.382683432365,0.));
#10811 = ADVANCED_FACE('',(#10812),#10824,.T.);
#10812 = FACE_BOUND('',#10813,.F.);
#10813 = EDGE_LOOP('',(#10814,#10815,#10816,#10823));
#10814 = ORIENTED_EDGE('',*,*,#10743,.T.);
#10815 = ORIENTED_EDGE('',*,*,#10801,.T.);
#10816 = ORIENTED_EDGE('',*,*,#10817,.F.);
#10817 = EDGE_CURVE('',#10785,#10793,#10818,.T.);
#10818 = CIRCLE('',#10819,2.3);
#10819 = AXIS2_PLACEMENT_3D('',#10820,#10821,#10822);
#10820 = CARTESIAN_POINT('',(1.25,0.,1.387778780781E-17));
#10821 = DIRECTION('',(0.,0.,-1.));
#10822 = DIRECTION('',(0.923879532511,0.382683432365,0.));
#10823 = ORIENTED_EDGE('',*,*,#10784,.F.);
#10824 = PLANE('',#10825);
#10825 = AXIS2_PLACEMENT_3D('',#10826,#10827,#10828);
#10826 = CARTESIAN_POINT('',(1.25,0.,0.));
#10827 = DIRECTION('',(0.,0.,-1.));
#10828 = DIRECTION('',(0.923879532511,0.382683432365,0.));
#10829 = ADVANCED_FACE('',(#10830),#10833,.F.);
#10830 = FACE_BOUND('',#10831,.F.);
#10831 = EDGE_LOOP('',(#10832));
#10832 = ORIENTED_EDGE('',*,*,#10767,.T.);
#10833 = PLANE('',#10834);
#10834 = AXIS2_PLACEMENT_3D('',#10835,#10836,#10837);
#10835 = CARTESIAN_POINT('',(-2.22044604925E-16,1.312368617799E-16,-2.)
  );
#10836 = DIRECTION('',(2.013238768533E-31,4.08046586736E-33,1.));
#10837 = DIRECTION('',(-1.,1.224646799147E-16,2.013238768533E-31));
#10838 = ADVANCED_FACE('',(#10839),#10867,.F.);
#10839 = FACE_BOUND('',#10840,.F.);
#10840 = EDGE_LOOP('',(#10841,#10842,#10851,#10860));
#10841 = ORIENTED_EDGE('',*,*,#10792,.T.);
#10842 = ORIENTED_EDGE('',*,*,#10843,.T.);
#10843 = EDGE_CURVE('',#10785,#10844,#10846,.T.);
#10844 = VERTEX_POINT('',#10845);
#10845 = CARTESIAN_POINT('',(3.559698831278,0.956708580913,0.2));
#10846 = CIRCLE('',#10847,0.2);
#10847 = AXIS2_PLACEMENT_3D('',#10848,#10849,#10850);
#10848 = CARTESIAN_POINT('',(3.374922924776,0.88017189444,0.2));
#10849 = DIRECTION('',(0.382683432365,-0.923879532511,0.));
#10850 = DIRECTION('',(0.,0.,-1.));
#10851 = ORIENTED_EDGE('',*,*,#10852,.F.);
#10852 = EDGE_CURVE('',#10853,#10844,#10855,.T.);
#10853 = VERTEX_POINT('',#10854);
#10854 = CARTESIAN_POINT('',(3.559698831278,-0.956708580913,0.2));
#10855 = CIRCLE('',#10856,2.5);
#10856 = AXIS2_PLACEMENT_3D('',#10857,#10858,#10859);
#10857 = CARTESIAN_POINT('',(1.25,0.,0.2));
#10858 = DIRECTION('',(0.,-0.,-1.));
#10859 = DIRECTION('',(0.923879532511,-0.382683432365,0.));
#10860 = ORIENTED_EDGE('',*,*,#10861,.F.);
#10861 = EDGE_CURVE('',#10793,#10853,#10862,.T.);
#10862 = CIRCLE('',#10863,0.2);
#10863 = AXIS2_PLACEMENT_3D('',#10864,#10865,#10866);
#10864 = CARTESIAN_POINT('',(3.374922924776,-0.88017189444,0.2));
#10865 = DIRECTION('',(-0.382683432365,-0.923879532511,-0.));
#10866 = DIRECTION('',(0.,0.,-1.));
#10867 = SURFACE_OF_REVOLUTION('',#10868,#10873);
#10868 = CIRCLE('',#10869,0.2);
#10869 = AXIS2_PLACEMENT_3D('',#10870,#10871,#10872);
#10870 = CARTESIAN_POINT('',(3.374922924776,-0.88017189444,0.2));
#10871 = DIRECTION('',(-0.382683432365,-0.923879532511,-0.));
#10872 = DIRECTION('',(0.,0.,-1.));
#10873 = AXIS1_PLACEMENT('',#10874,#10875);
#10874 = CARTESIAN_POINT('',(1.25,0.,0.));
#10875 = DIRECTION('',(0.,0.,-1.));
#10876 = ADVANCED_FACE('',(#10877),#10889,.F.);
#10877 = FACE_BOUND('',#10878,.F.);
#10878 = EDGE_LOOP('',(#10879,#10880,#10881,#10888));
#10879 = ORIENTED_EDGE('',*,*,#10817,.T.);
#10880 = ORIENTED_EDGE('',*,*,#10861,.T.);
#10881 = ORIENTED_EDGE('',*,*,#10882,.F.);
#10882 = EDGE_CURVE('',#10844,#10853,#10883,.T.);
#10883 = CIRCLE('',#10884,2.5);
#10884 = AXIS2_PLACEMENT_3D('',#10885,#10886,#10887);
#10885 = CARTESIAN_POINT('',(1.25,0.,0.2));
#10886 = DIRECTION('',(0.,0.,-1.));
#10887 = DIRECTION('',(0.923879532511,0.382683432365,0.));
#10888 = ORIENTED_EDGE('',*,*,#10843,.F.);
#10889 = SURFACE_OF_REVOLUTION('',#10890,#10895);
#10890 = CIRCLE('',#10891,0.2);
#10891 = AXIS2_PLACEMENT_3D('',#10892,#10893,#10894);
#10892 = CARTESIAN_POINT('',(3.374922924776,0.88017189444,0.2));
#10893 = DIRECTION('',(0.382683432365,-0.923879532511,0.));
#10894 = DIRECTION('',(0.,0.,-1.));
#10895 = AXIS1_PLACEMENT('',#10896,#10897);
#10896 = CARTESIAN_POINT('',(1.25,0.,0.));
#10897 = DIRECTION('',(0.,0.,-1.));
#10898 = ADVANCED_FACE('',(#10899),#10953,.T.);
#10899 = FACE_BOUND('',#10900,.T.);
#10900 = EDGE_LOOP('',(#10901,#10940,#10946,#10947));
#10901 = ORIENTED_EDGE('',*,*,#10902,.T.);
#10902 = EDGE_CURVE('',#10903,#10905,#10907,.T.);
#10903 = VERTEX_POINT('',#10904);
#10904 = CARTESIAN_POINT('',(3.559698831278,-0.956708580913,
    1.064979142851));
#10905 = VERTEX_POINT('',#10906);
#10906 = CARTESIAN_POINT('',(3.559698831278,0.956708580913,
    1.064979142851));
#10907 = B_SPLINE_CURVE_WITH_KNOTS('',11,(#10908,#10909,#10910,#10911,
    #10912,#10913,#10914,#10915,#10916,#10917,#10918,#10919,#10920,
    #10921,#10922,#10923,#10924,#10925,#10926,#10927,#10928,#10929,
    #10930,#10931,#10932,#10933,#10934,#10935,#10936,#10937,#10938,
    #10939),.UNSPECIFIED.,.F.,.F.,(12,10,10,12),(-0.585615641583,
    2.874910026413E-15,13.744467859455,14.330083501039),.UNSPECIFIED.);
#10908 = CARTESIAN_POINT('',(3.783804235046,-0.415670275735,
    1.064979142851));
#10909 = CARTESIAN_POINT('',(3.763289829604,-0.465196431576,
    1.064979142851));
#10910 = CARTESIAN_POINT('',(3.742803661547,-0.514654416342,
    1.064979142851));
#10911 = CARTESIAN_POINT('',(3.722345730872,-0.564044230035,
    1.064979142851));
#10912 = CARTESIAN_POINT('',(3.701916037581,-0.613365872653,
    1.064979142851));
#10913 = CARTESIAN_POINT('',(3.681514581673,-0.662619344198,
    1.064979142851));
#10914 = CARTESIAN_POINT('',(3.661141363149,-0.711804644669,
    1.064979142851));
#10915 = CARTESIAN_POINT('',(3.640796382008,-0.760921774065,
    1.064979142851));
#10916 = CARTESIAN_POINT('',(3.620479638251,-0.809970732388,
    1.064979142851));
#10917 = CARTESIAN_POINT('',(3.600191131876,-0.858951519637,
    1.064979142851));
#10918 = CARTESIAN_POINT('',(3.579930862886,-0.907864135812,
    1.064979142851));
#10919 = CARTESIAN_POINT('',(3.084850674205,-2.103093441787,
    1.064979142851));
#10920 = CARTESIAN_POINT('',(1.977586252494,-3.009448724487,
    1.064979062911));
#10921 = CARTESIAN_POINT('',(0.355855011951,-3.257464103804,
    1.064979307428));
#10922 = CARTESIAN_POINT('',(-1.225741298782,-2.506760000403,
    1.064978963603));
#10923 = CARTESIAN_POINT('',(-2.338653308495,-1.059860959896,
    1.064979218435));
#10924 = CARTESIAN_POINT('',(-2.338653308509,1.059860959896,
    1.064979218442));
#10925 = CARTESIAN_POINT('',(-1.225741298772,2.506760000402,
    1.064978963597));
#10926 = CARTESIAN_POINT('',(0.355855011945,3.257464103804,
    1.064979307432));
#10927 = CARTESIAN_POINT('',(1.977586252497,3.009448724487,
    1.064979062909));
#10928 = CARTESIAN_POINT('',(3.084850674204,2.103093441788,
    1.064979142851));
#10929 = CARTESIAN_POINT('',(3.579930862886,0.907864135812,
    1.064979142851));
#10930 = CARTESIAN_POINT('',(3.600191131876,0.858951519637,
    1.064979142851));
#10931 = CARTESIAN_POINT('',(3.620479638251,0.809970732388,
    1.064979142851));
#10932 = CARTESIAN_POINT('',(3.640796382008,0.760921774065,
    1.064979142851));
#10933 = CARTESIAN_POINT('',(3.661141363149,0.711804644669,
    1.064979142851));
#10934 = CARTESIAN_POINT('',(3.681514581673,0.662619344198,
    1.064979142851));
#10935 = CARTESIAN_POINT('',(3.701916037581,0.613365872653,
    1.064979142851));
#10936 = CARTESIAN_POINT('',(3.722345730872,0.564044230035,
    1.064979142851));
#10937 = CARTESIAN_POINT('',(3.742803661547,0.514654416342,
    1.064979142851));
#10938 = CARTESIAN_POINT('',(3.763289829605,0.465196431576,
    1.064979142851));
#10939 = CARTESIAN_POINT('',(3.783804235046,0.415670275736,
    1.064979142851));
#10940 = ORIENTED_EDGE('',*,*,#10941,.F.);
#10941 = EDGE_CURVE('',#10844,#10905,#10942,.T.);
#10942 = LINE('',#10943,#10944);
#10943 = CARTESIAN_POINT('',(3.559698831278,0.956708580913,0.2));
#10944 = VECTOR('',#10945,1.);
#10945 = DIRECTION('',(0.,0.,1.));
#10946 = ORIENTED_EDGE('',*,*,#10852,.F.);
#10947 = ORIENTED_EDGE('',*,*,#10948,.T.);
#10948 = EDGE_CURVE('',#10853,#10903,#10949,.T.);
#10949 = LINE('',#10950,#10951);
#10950 = CARTESIAN_POINT('',(3.559698831278,-0.956708580913,0.2));
#10951 = VECTOR('',#10952,1.);
#10952 = DIRECTION('',(0.,0.,1.));
#10953 = CYLINDRICAL_SURFACE('',#10954,2.5);
#10954 = AXIS2_PLACEMENT_3D('',#10955,#10956,#10957);
#10955 = CARTESIAN_POINT('',(1.25,0.,0.2));
#10956 = DIRECTION('',(0.,0.,1.));
#10957 = DIRECTION('',(0.923879532511,-0.382683432365,0.));
#10958 = ADVANCED_FACE('',(#10959),#10981,.T.);
#10959 = FACE_BOUND('',#10960,.T.);
#10960 = EDGE_LOOP('',(#10961,#10978,#10979,#10980));
#10961 = ORIENTED_EDGE('',*,*,#10962,.T.);
#10962 = EDGE_CURVE('',#10905,#10903,#10963,.T.);
#10963 = B_SPLINE_CURVE_WITH_KNOTS('',5,(#10964,#10965,#10966,#10967,
    #10968,#10969,#10970,#10971,#10972,#10973,#10974,#10975,#10976,
    #10977),.UNSPECIFIED.,.F.,.F.,(6,4,4,6),(-0.119413470026,
    -1.353371911114E-07,1.96349554383,2.08290869425),.UNSPECIFIED.);
#10964 = CARTESIAN_POINT('',(3.514001325546,1.067032118743,
    1.064979142851));
#10965 = CARTESIAN_POINT('',(3.523140829292,1.0449674049,1.064979142851)
  );
#10966 = CARTESIAN_POINT('',(3.532280331654,1.0229026944,1.064979142851)
  );
#10967 = CARTESIAN_POINT('',(3.541419832631,1.000837987243,
    1.064979142851));
#10968 = CARTESIAN_POINT('',(3.550559332224,0.978773283428,
    1.064979142851));
#10969 = CARTESIAN_POINT('',(3.70997823841,0.593901998977,1.064979142851
    ));
#10970 = CARTESIAN_POINT('',(3.789038746156,0.201591257513,
    1.064979142851));
#10971 = CARTESIAN_POINT('',(3.789039291386,-0.201589955698,
    1.064979142851));
#10972 = CARTESIAN_POINT('',(3.70997851584,-0.593901329202,
    1.064979142851));
#10973 = CARTESIAN_POINT('',(3.550559329455,-0.978773290113,
    1.064979142851));
#10974 = CARTESIAN_POINT('',(3.541419828478,-1.00083799727,
    1.064979142851));
#10975 = CARTESIAN_POINT('',(3.5322803275,-1.022902704428,1.064979142851
    ));
#10976 = CARTESIAN_POINT('',(3.523140826523,-1.044967411585,
    1.064979142851));
#10977 = CARTESIAN_POINT('',(3.514001325546,-1.067032118743,
    1.064979142851));
#10978 = ORIENTED_EDGE('',*,*,#10948,.F.);
#10979 = ORIENTED_EDGE('',*,*,#10882,.F.);
#10980 = ORIENTED_EDGE('',*,*,#10941,.T.);
#10981 = CYLINDRICAL_SURFACE('',#10982,2.5);
#10982 = AXIS2_PLACEMENT_3D('',#10983,#10984,#10985);
#10983 = CARTESIAN_POINT('',(1.25,0.,0.2));
#10984 = DIRECTION('',(0.,0.,1.));
#10985 = DIRECTION('',(0.923879532511,0.382683432365,-0.));
#10986 = ADVANCED_FACE('',(#10987),#11055,.T.);
#10987 = FACE_BOUND('',#10988,.T.);
#10988 = EDGE_LOOP('',(#10989,#11004,#11041,#11054));
#10989 = ORIENTED_EDGE('',*,*,#10990,.T.);
#10990 = EDGE_CURVE('',#10903,#10991,#10993,.T.);
#10991 = VERTEX_POINT('',#10992);
#10992 = CARTESIAN_POINT('',(3.485446538439,-0.925952274181,
    1.269338405373));
#10993 = B_SPLINE_CURVE_WITH_KNOTS('',5,(#10994,#10995,#10996,#10997,
    #10998,#10999,#11000,#11001,#11002,#11003),.UNSPECIFIED.,.F.,.F.,(6,
    4,6),(0.,0.5,1.),.UNSPECIFIED.);
#10994 = CARTESIAN_POINT('',(3.559698831278,-0.956708580913,
    1.064979142851));
#10995 = CARTESIAN_POINT('',(3.55969883117,-0.956708580868,
    1.086946886076));
#10996 = CARTESIAN_POINT('',(3.557841659805,-0.955939315301,
    1.109289585017));
#10997 = CARTESIAN_POINT('',(3.553997166347,-0.95434687397,
    1.131655175667));
#10998 = CARTESIAN_POINT('',(3.548159251937,-0.951928730645,
    1.153610443506));
#10999 = CARTESIAN_POINT('',(3.532778034968,-0.945557621971,
    1.195943064308));
#11000 = CARTESIAN_POINT('',(3.523234543788,-0.941604578492,1.2163209364
    ));
#11001 = CARTESIAN_POINT('',(3.511973435419,-0.936940074678,
    1.235529410754));
#11002 = CARTESIAN_POINT('',(3.499271815997,-0.93167889165,
    1.253255827993));
#11003 = CARTESIAN_POINT('',(3.485446538439,-0.925952274181,
    1.269338405373));
#11004 = ORIENTED_EDGE('',*,*,#11005,.T.);
#11005 = EDGE_CURVE('',#10991,#11006,#11008,.T.);
#11006 = VERTEX_POINT('',#11007);
#11007 = CARTESIAN_POINT('',(3.485446538439,0.925952274181,
    1.269338405373));
#11008 = B_SPLINE_CURVE_WITH_KNOTS('',11,(#11009,#11010,#11011,#11012,
    #11013,#11014,#11015,#11016,#11017,#11018,#11019,#11020,#11021,
    #11022,#11023,#11024,#11025,#11026,#11027,#11028,#11029,#11030,
    #11031,#11032,#11033,#11034,#11035,#11036,#11037,#11038,#11039,
    #11040),.UNSPECIFIED.,.F.,.F.,(12,10,10,12),(-0.585615641583,
    2.874910026413E-15,13.744467859455,14.330083501039),.UNSPECIFIED.);
#11009 = CARTESIAN_POINT('',(3.709551942206,-0.384913969004,
    1.269338405373));
#11010 = CARTESIAN_POINT('',(3.688387116582,-0.43601037807,
    1.269338405373));
#11011 = CARTESIAN_POINT('',(3.667380612378,-0.486724565418,
    1.269338405373));
#11012 = CARTESIAN_POINT('',(3.646532429594,-0.537056531046,
    1.269338405373));
#11013 = CARTESIAN_POINT('',(3.62584256823,-0.587006274955,
    1.269338405373));
#11014 = CARTESIAN_POINT('',(3.605311028286,-0.636573797145,
    1.269338405373));
#11015 = CARTESIAN_POINT('',(3.584937809761,-0.685759097616,
    1.269338405373));
#11016 = CARTESIAN_POINT('',(3.564722912657,-0.734562176367,
    1.269338405373));
#11017 = CARTESIAN_POINT('',(3.544666336973,-0.782983033399,
    1.269338405373));
#11018 = CARTESIAN_POINT('',(3.524768082708,-0.831021668713,
    1.269338405373));
#11019 = CARTESIAN_POINT('',(3.505028149863,-0.878678082306,
    1.269338405373));
#11020 = CARTESIAN_POINT('',(3.025863819411,-2.03548310749,
    1.269338405373));
#11021 = CARTESIAN_POINT('',(1.954091980563,-2.912929929979,
    1.269338420699));
#11022 = CARTESIAN_POINT('',(0.384360577618,-3.152280979089,
    1.26933837382));
#11023 = CARTESIAN_POINT('',(-1.145396108631,-2.426388868524,
    1.26933843974));
#11024 = CARTESIAN_POINT('',(-2.223728053044,-1.02623416819,
    1.269338390878));
#11025 = CARTESIAN_POINT('',(-2.223728053057,1.026234168191,
    1.269338390886));
#11026 = CARTESIAN_POINT('',(-1.145396108622,2.426388868523,
    1.269338439734));
#11027 = CARTESIAN_POINT('',(0.384360577613,3.152280979089,
    1.269338373823));
#11028 = CARTESIAN_POINT('',(1.954091980565,2.912929929979,
    1.269338420697));
#11029 = CARTESIAN_POINT('',(3.025863819411,2.03548310749,1.269338405373
    ));
#11030 = CARTESIAN_POINT('',(3.505028149863,0.878678082306,
    1.269338405373));
#11031 = CARTESIAN_POINT('',(3.524768082708,0.831021668713,
    1.269338405373));
#11032 = CARTESIAN_POINT('',(3.544666336973,0.782983033399,
    1.269338405373));
#11033 = CARTESIAN_POINT('',(3.564722912657,0.734562176367,
    1.269338405373));
#11034 = CARTESIAN_POINT('',(3.584937809762,0.685759097616,
    1.269338405373));
#11035 = CARTESIAN_POINT('',(3.605311028286,0.636573797145,
    1.269338405373));
#11036 = CARTESIAN_POINT('',(3.62584256823,0.587006274955,1.269338405373
    ));
#11037 = CARTESIAN_POINT('',(3.646532429594,0.537056531046,
    1.269338405373));
#11038 = CARTESIAN_POINT('',(3.667380612378,0.486724565418,
    1.269338405373));
#11039 = CARTESIAN_POINT('',(3.688387116583,0.436010378071,
    1.269338405373));
#11040 = CARTESIAN_POINT('',(3.709551942206,0.384913969004,
    1.269338405373));
#11041 = ORIENTED_EDGE('',*,*,#11042,.F.);
#11042 = EDGE_CURVE('',#10905,#11006,#11043,.T.);
#11043 = B_SPLINE_CURVE_WITH_KNOTS('',5,(#11044,#11045,#11046,#11047,
    #11048,#11049,#11050,#11051,#11052,#11053),.UNSPECIFIED.,.F.,.F.,(6,
    4,6),(0.,0.5,1.),.UNSPECIFIED.);
#11044 = CARTESIAN_POINT('',(3.559698831278,0.956708580913,
    1.064979142851));
#11045 = CARTESIAN_POINT('',(3.55969883117,0.956708580868,1.086946886076
    ));
#11046 = CARTESIAN_POINT('',(3.557841659805,0.955939315301,
    1.109289585017));
#11047 = CARTESIAN_POINT('',(3.553997166347,0.95434687397,1.131655175667
    ));
#11048 = CARTESIAN_POINT('',(3.548159251937,0.951928730645,
    1.153610443506));
#11049 = CARTESIAN_POINT('',(3.532778034968,0.945557621971,
    1.195943064308));
#11050 = CARTESIAN_POINT('',(3.523234543788,0.941604578492,1.2163209364)
  );
#11051 = CARTESIAN_POINT('',(3.511973435419,0.936940074678,
    1.235529410754));
#11052 = CARTESIAN_POINT('',(3.499271815997,0.93167889165,1.253255827993
    ));
#11053 = CARTESIAN_POINT('',(3.485446538439,0.925952274181,
    1.269338405373));
#11054 = ORIENTED_EDGE('',*,*,#10902,.F.);
#11055 = ( BOUNDED_SURFACE() B_SPLINE_SURFACE(2,11,(
    (#11056,#11057,#11058,#11059,#11060,#11061,#11062,#11063,#11064
      ,#11065,#11066,#11067,#11068,#11069,#11070,#11071,#11072,#11073
      ,#11074,#11075,#11076,#11077,#11078,#11079,#11080,#11081,#11082
      ,#11083,#11084,#11085,#11086,#11087)
    ,(#11088,#11089,#11090,#11091,#11092,#11093,#11094,#11095,#11096
      ,#11097,#11098,#11099,#11100,#11101,#11102,#11103,#11104,#11105
      ,#11106,#11107,#11108,#11109,#11110,#11111,#11112,#11113,#11114
      ,#11115,#11116,#11117,#11118,#11119)
    ,(#11120,#11121,#11122,#11123,#11124,#11125,#11126,#11127,#11128
      ,#11129,#11130,#11131,#11132,#11133,#11134,#11135,#11136,#11137
      ,#11138,#11139,#11140,#11141,#11142,#11143,#11144,#11145,#11146
      ,#11147,#11148,#11149,#11150,#11151
)),.UNSPECIFIED.,.F.,.F.,.F.) B_SPLINE_SURFACE_WITH_KNOTS((3,3),(12,10,
    10,12),(0.,13.744467859455),(-0.585615641583,2.874910026413E-15,
    13.744467859455,14.330083501039),.UNSPECIFIED.) 
GEOMETRIC_REPRESENTATION_ITEM() RATIONAL_B_SPLINE_SURFACE((
    (1.,1.,1.,1.,1.,1.,1.,1.,1.,1.,1.,1.,1.,1.,1.,1.,1.,1.,1.,1.,1.,1.
      ,1.,1.,1.,1.,1.,1.,1.,1.,1.,1.)
    ,(0.93061798229,0.93061798229,0.93061798229,0.93061798229
      ,0.93061798229,0.93061798229,0.93061798229,0.93061798229
      ,0.93061798229,0.93061798229,0.93061798229,0.93061798229
      ,0.930617902914,0.930618145704,0.930617804307,0.93061805734
      ,0.930618057346,0.930617804303,0.930618145707,0.930617902913
      ,0.93061798229,0.93061798229,0.93061798229,0.93061798229
      ,0.93061798229,0.93061798229,0.93061798229,0.93061798229
      ,0.93061798229,0.93061798229,0.93061798229,0.93061798229)
    ,(1.,1.,1.,1.,1.,1.,1.,1.,1.,1.,1.,1.,1.,1.,1.,1.,1.,1.,1.,1.,1.,1.
,1.,1.,1.,1.,1.,1.,1.,1.,1.,1.))) REPRESENTATION_ITEM('') SURFACE() );
#11056 = CARTESIAN_POINT('',(3.783804235046,-0.415670275735,
    1.064979142851));
#11057 = CARTESIAN_POINT('',(3.763289829604,-0.465196431576,
    1.064979142851));
#11058 = CARTESIAN_POINT('',(3.742803661547,-0.514654416342,
    1.064979142851));
#11059 = CARTESIAN_POINT('',(3.722345730872,-0.564044230035,
    1.064979142851));
#11060 = CARTESIAN_POINT('',(3.701916037581,-0.613365872653,
    1.064979142851));
#11061 = CARTESIAN_POINT('',(3.681514581673,-0.662619344198,
    1.064979142851));
#11062 = CARTESIAN_POINT('',(3.661141363149,-0.711804644669,
    1.064979142851));
#11063 = CARTESIAN_POINT('',(3.640796382008,-0.760921774065,
    1.064979142851));
#11064 = CARTESIAN_POINT('',(3.620479638251,-0.809970732388,
    1.064979142851));
#11065 = CARTESIAN_POINT('',(3.600191131876,-0.858951519637,
    1.064979142851));
#11066 = CARTESIAN_POINT('',(3.579930862886,-0.907864135812,
    1.064979142851));
#11067 = CARTESIAN_POINT('',(3.084850674205,-2.103093441787,
    1.064979142851));
#11068 = CARTESIAN_POINT('',(1.977586252494,-3.009448724487,
    1.064979062911));
#11069 = CARTESIAN_POINT('',(0.355855011951,-3.257464103804,
    1.064979307428));
#11070 = CARTESIAN_POINT('',(-1.225741298782,-2.506760000403,
    1.064978963603));
#11071 = CARTESIAN_POINT('',(-2.338653308495,-1.059860959896,
    1.064979218435));
#11072 = CARTESIAN_POINT('',(-2.338653308509,1.059860959896,
    1.064979218442));
#11073 = CARTESIAN_POINT('',(-1.225741298772,2.506760000402,
    1.064978963597));
#11074 = CARTESIAN_POINT('',(0.355855011945,3.257464103804,
    1.064979307432));
#11075 = CARTESIAN_POINT('',(1.977586252497,3.009448724487,
    1.064979062909));
#11076 = CARTESIAN_POINT('',(3.084850674204,2.103093441788,
    1.064979142851));
#11077 = CARTESIAN_POINT('',(3.579930862886,0.907864135812,
    1.064979142851));
#11078 = CARTESIAN_POINT('',(3.600191131876,0.858951519637,
    1.064979142851));
#11079 = CARTESIAN_POINT('',(3.620479638251,0.809970732388,
    1.064979142851));
#11080 = CARTESIAN_POINT('',(3.640796382008,0.760921774065,
    1.064979142851));
#11081 = CARTESIAN_POINT('',(3.661141363149,0.711804644669,
    1.064979142851));
#11082 = CARTESIAN_POINT('',(3.681514581673,0.662619344198,
    1.064979142851));
#11083 = CARTESIAN_POINT('',(3.701916037581,0.613365872653,
    1.064979142851));
#11084 = CARTESIAN_POINT('',(3.722345730872,0.564044230035,
    1.064979142851));
#11085 = CARTESIAN_POINT('',(3.742803661547,0.514654416342,
    1.064979142851));
#11086 = CARTESIAN_POINT('',(3.763289829605,0.465196431576,
    1.064979142851));
#11087 = CARTESIAN_POINT('',(3.783804235046,0.415670275736,
    1.064979142851));
#11088 = CARTESIAN_POINT('',(3.783804235046,-0.415670275735,
    1.182962690499));
#11089 = CARTESIAN_POINT('',(3.763289829604,-0.465196431576,
    1.182962690499));
#11090 = CARTESIAN_POINT('',(3.742803661547,-0.514654416342,
    1.182962690499));
#11091 = CARTESIAN_POINT('',(3.722345730872,-0.564044230035,
    1.182962690499));
#11092 = CARTESIAN_POINT('',(3.701916037581,-0.613365872653,
    1.182962690499));
#11093 = CARTESIAN_POINT('',(3.681514581673,-0.662619344198,
    1.182962690499));
#11094 = CARTESIAN_POINT('',(3.661141363149,-0.711804644669,
    1.182962690499));
#11095 = CARTESIAN_POINT('',(3.640796382008,-0.760921774065,
    1.182962690499));
#11096 = CARTESIAN_POINT('',(3.62047963825,-0.809970732388,
    1.182962690499));
#11097 = CARTESIAN_POINT('',(3.600191131876,-0.858951519637,
    1.182962690499));
#11098 = CARTESIAN_POINT('',(3.579930862886,-0.907864135812,
    1.182962690499));
#11099 = CARTESIAN_POINT('',(3.084850674205,-2.103093441788,
    1.182962690499));
#11100 = CARTESIAN_POINT('',(1.977586214542,-3.009448936943,
    1.182962685685));
#11101 = CARTESIAN_POINT('',(0.355855341319,-3.257463206685,
    1.18296270041));
#11102 = CARTESIAN_POINT('',(-1.225741895234,-2.506761759151,
    1.182962679705));
#11103 = CARTESIAN_POINT('',(-2.338652975416,-1.059858637809,
    1.182962695051));
#11104 = CARTESIAN_POINT('',(-2.338652975407,1.059858637802,
    1.182962695051));
#11105 = CARTESIAN_POINT('',(-1.225741895235,2.506761759163,
    1.182962679705));
#11106 = CARTESIAN_POINT('',(0.355855341315,3.257463206676,1.18296270041
    ));
#11107 = CARTESIAN_POINT('',(1.977586214545,3.009448936947,
    1.182962685685));
#11108 = CARTESIAN_POINT('',(3.084850674204,2.103093441787,
    1.182962690499));
#11109 = CARTESIAN_POINT('',(3.579930862886,0.907864135812,
    1.182962690499));
#11110 = CARTESIAN_POINT('',(3.600191131876,0.858951519637,
    1.182962690499));
#11111 = CARTESIAN_POINT('',(3.620479638251,0.809970732388,
    1.182962690499));
#11112 = CARTESIAN_POINT('',(3.640796382008,0.760921774065,
    1.182962690499));
#11113 = CARTESIAN_POINT('',(3.661141363149,0.711804644669,
    1.182962690499));
#11114 = CARTESIAN_POINT('',(3.681514581674,0.662619344198,
    1.182962690499));
#11115 = CARTESIAN_POINT('',(3.701916037581,0.613365872653,
    1.182962690499));
#11116 = CARTESIAN_POINT('',(3.722345730872,0.564044230035,
    1.182962690499));
#11117 = CARTESIAN_POINT('',(3.742803661547,0.514654416342,
    1.182962690499));
#11118 = CARTESIAN_POINT('',(3.763289829605,0.465196431576,
    1.182962690499));
#11119 = CARTESIAN_POINT('',(3.783804235046,0.415670275736,
    1.182962690499));
#11120 = CARTESIAN_POINT('',(3.709551942206,-0.384913969004,
    1.269338405373));
#11121 = CARTESIAN_POINT('',(3.688387116582,-0.43601037807,
    1.269338405373));
#11122 = CARTESIAN_POINT('',(3.667380612378,-0.486724565418,
    1.269338405373));
#11123 = CARTESIAN_POINT('',(3.646532429594,-0.537056531046,
    1.269338405373));
#11124 = CARTESIAN_POINT('',(3.62584256823,-0.587006274955,
    1.269338405373));
#11125 = CARTESIAN_POINT('',(3.605311028286,-0.636573797145,
    1.269338405373));
#11126 = CARTESIAN_POINT('',(3.584937809761,-0.685759097616,
    1.269338405373));
#11127 = CARTESIAN_POINT('',(3.564722912657,-0.734562176367,
    1.269338405373));
#11128 = CARTESIAN_POINT('',(3.544666336973,-0.782983033399,
    1.269338405373));
#11129 = CARTESIAN_POINT('',(3.524768082708,-0.831021668713,
    1.269338405373));
#11130 = CARTESIAN_POINT('',(3.505028149863,-0.878678082306,
    1.269338405373));
#11131 = CARTESIAN_POINT('',(3.025863819411,-2.03548310749,
    1.269338405373));
#11132 = CARTESIAN_POINT('',(1.954091980563,-2.912929929979,
    1.269338420699));
#11133 = CARTESIAN_POINT('',(0.384360577618,-3.152280979089,
    1.26933837382));
#11134 = CARTESIAN_POINT('',(-1.145396108631,-2.426388868524,
    1.26933843974));
#11135 = CARTESIAN_POINT('',(-2.223728053044,-1.02623416819,
    1.269338390878));
#11136 = CARTESIAN_POINT('',(-2.223728053057,1.026234168191,
    1.269338390886));
#11137 = CARTESIAN_POINT('',(-1.145396108622,2.426388868523,
    1.269338439734));
#11138 = CARTESIAN_POINT('',(0.384360577613,3.152280979089,
    1.269338373823));
#11139 = CARTESIAN_POINT('',(1.954091980565,2.912929929979,
    1.269338420697));
#11140 = CARTESIAN_POINT('',(3.025863819411,2.03548310749,1.269338405373
    ));
#11141 = CARTESIAN_POINT('',(3.505028149863,0.878678082306,
    1.269338405373));
#11142 = CARTESIAN_POINT('',(3.524768082708,0.831021668713,
    1.269338405373));
#11143 = CARTESIAN_POINT('',(3.544666336973,0.782983033399,
    1.269338405373));
#11144 = CARTESIAN_POINT('',(3.564722912657,0.734562176367,
    1.269338405373));
#11145 = CARTESIAN_POINT('',(3.584937809762,0.685759097616,
    1.269338405373));
#11146 = CARTESIAN_POINT('',(3.605311028286,0.636573797145,
    1.269338405373));
#11147 = CARTESIAN_POINT('',(3.62584256823,0.587006274955,1.269338405373
    ));
#11148 = CARTESIAN_POINT('',(3.646532429594,0.537056531046,
    1.269338405373));
#11149 = CARTESIAN_POINT('',(3.667380612378,0.486724565418,
    1.269338405373));
#11150 = CARTESIAN_POINT('',(3.688387116583,0.436010378071,
    1.269338405373));
#11151 = CARTESIAN_POINT('',(3.709551942206,0.384913969004,
    1.269338405373));
#11152 = ADVANCED_FACE('',(#11153),#11175,.T.);
#11153 = FACE_BOUND('',#11154,.T.);
#11154 = EDGE_LOOP('',(#11155,#11156,#11173,#11174));
#11155 = ORIENTED_EDGE('',*,*,#11042,.T.);
#11156 = ORIENTED_EDGE('',*,*,#11157,.T.);
#11157 = EDGE_CURVE('',#11006,#10991,#11158,.T.);
#11158 = B_SPLINE_CURVE_WITH_KNOTS('',5,(#11159,#11160,#11161,#11162,
    #11163,#11164,#11165,#11166,#11167,#11168,#11169,#11170,#11171,
    #11172),.UNSPECIFIED.,.F.,.F.,(6,4,4,6),(-0.119413470026,
    -1.353371911114E-07,1.96349554383,2.08290869425),.UNSPECIFIED.);
#11159 = CARTESIAN_POINT('',(3.439749034566,1.036275808073,
    1.269338405373));
#11160 = CARTESIAN_POINT('',(3.449182355483,1.013501756721,
    1.269338405373));
#11161 = CARTESIAN_POINT('',(3.45846876641,0.991082377458,1.269338405373
    ));
#11162 = CARTESIAN_POINT('',(3.467608267348,0.969017670284,
    1.269338405373));
#11163 = CARTESIAN_POINT('',(3.476600858298,0.9473076352,1.269338405373)
  );
#11164 = CARTESIAN_POINT('',(3.630894753976,0.574809218729,
    1.269338405373));
#11165 = CARTESIAN_POINT('',(3.707413628123,0.195110560338,
    1.269338405373));
#11166 = CARTESIAN_POINT('',(3.707414134116,-0.1951093668,1.269338405373
    ));
#11167 = CARTESIAN_POINT('',(3.630895040325,-0.574808527422,
    1.269338405373));
#11168 = CARTESIAN_POINT('',(3.476600854533,-0.947307644289,
    1.269338405373));
#11169 = CARTESIAN_POINT('',(3.467608261701,-0.969017683918,
    1.269338405373));
#11170 = CARTESIAN_POINT('',(3.458468760763,-0.991082391091,
    1.269338405373));
#11171 = CARTESIAN_POINT('',(3.449182351718,-1.01350176581,
    1.269338405373));
#11172 = CARTESIAN_POINT('',(3.439749034566,-1.036275808073,
    1.269338405373));
#11173 = ORIENTED_EDGE('',*,*,#10990,.F.);
#11174 = ORIENTED_EDGE('',*,*,#10962,.F.);
#11175 = ( BOUNDED_SURFACE() B_SPLINE_SURFACE(2,5,(
    (#11176,#11177,#11178,#11179,#11180,#11181,#11182,#11183,#11184
      ,#11185,#11186,#11187,#11188,#11189)
    ,(#11190,#11191,#11192,#11193,#11194,#11195,#11196,#11197,#11198
      ,#11199,#11200,#11201,#11202,#11203)
    ,(#11204,#11205,#11206,#11207,#11208,#11209,#11210,#11211,#11212
      ,#11213,#11214,#11215,#11216,#11217
)),.UNSPECIFIED.,.F.,.F.,.F.) B_SPLINE_SURFACE_WITH_KNOTS((3,3),(6,4,4,6
    ),(0.,1.963495679168),(-0.119413470026,-1.353371911114E-07,
    1.96349554383,2.08290869425),.UNSPECIFIED.) 
GEOMETRIC_REPRESENTATION_ITEM() RATIONAL_B_SPLINE_SURFACE((
    (1.,1.,1.,1.,1.,1.,1.,1.,1.,1.,1.,1.,1.,1.)
    ,(0.93061798229,0.93061798229,0.93061798229,0.93061798229
      ,0.93061798229,0.93061798229,0.93061798229,0.93061798229
      ,0.93061798229,0.93061798229,0.93061798229,0.93061798229
      ,0.93061798229,0.93061798229)
,(1.,1.,1.,1.,1.,1.,1.,1.,1.,1.,1.,1.,1.,1.
))) REPRESENTATION_ITEM('') SURFACE() );
#11176 = CARTESIAN_POINT('',(3.514001325546,1.067032118743,
    1.064979142851));
#11177 = CARTESIAN_POINT('',(3.523140829292,1.0449674049,1.064979142851)
  );
#11178 = CARTESIAN_POINT('',(3.532280331654,1.0229026944,1.064979142851)
  );
#11179 = CARTESIAN_POINT('',(3.541419832631,1.000837987243,
    1.064979142851));
#11180 = CARTESIAN_POINT('',(3.550559332224,0.978773283428,
    1.064979142851));
#11181 = CARTESIAN_POINT('',(3.70997823841,0.593901998977,1.064979142851
    ));
#11182 = CARTESIAN_POINT('',(3.789038746156,0.201591257513,
    1.064979142851));
#11183 = CARTESIAN_POINT('',(3.789039291386,-0.201589955698,
    1.064979142851));
#11184 = CARTESIAN_POINT('',(3.70997851584,-0.593901329202,
    1.064979142851));
#11185 = CARTESIAN_POINT('',(3.550559329455,-0.978773290113,
    1.064979142851));
#11186 = CARTESIAN_POINT('',(3.541419828478,-1.00083799727,
    1.064979142851));
#11187 = CARTESIAN_POINT('',(3.5322803275,-1.022902704428,1.064979142851
    ));
#11188 = CARTESIAN_POINT('',(3.523140826523,-1.044967411585,
    1.064979142851));
#11189 = CARTESIAN_POINT('',(3.514001325546,-1.067032118743,
    1.064979142851));
#11190 = CARTESIAN_POINT('',(3.514001325546,1.067032118743,
    1.182962690499));
#11191 = CARTESIAN_POINT('',(3.523140829292,1.0449674049,1.182962690499)
  );
#11192 = CARTESIAN_POINT('',(3.532280331654,1.0229026944,1.182962690499)
  );
#11193 = CARTESIAN_POINT('',(3.541419832631,1.000837987243,
    1.182962690499));
#11194 = CARTESIAN_POINT('',(3.550559332224,0.978773283428,
    1.182962690499));
#11195 = CARTESIAN_POINT('',(3.70997823841,0.593901998977,1.182962690499
    ));
#11196 = CARTESIAN_POINT('',(3.789038746156,0.201591257513,
    1.182962690499));
#11197 = CARTESIAN_POINT('',(3.789039291386,-0.201589955698,
    1.182962690499));
#11198 = CARTESIAN_POINT('',(3.70997851584,-0.593901329202,
    1.182962690499));
#11199 = CARTESIAN_POINT('',(3.550559329455,-0.978773290113,
    1.182962690499));
#11200 = CARTESIAN_POINT('',(3.541419828478,-1.00083799727,
    1.182962690499));
#11201 = CARTESIAN_POINT('',(3.5322803275,-1.022902704428,1.182962690499
    ));
#11202 = CARTESIAN_POINT('',(3.523140826523,-1.044967411585,
    1.182962690499));
#11203 = CARTESIAN_POINT('',(3.514001325546,-1.067032118743,
    1.182962690499));
#11204 = CARTESIAN_POINT('',(3.439749034566,1.036275808073,
    1.269338405373));
#11205 = CARTESIAN_POINT('',(3.449182355483,1.013501756721,
    1.269338405373));
#11206 = CARTESIAN_POINT('',(3.45846876641,0.991082377458,1.269338405373
    ));
#11207 = CARTESIAN_POINT('',(3.467608267348,0.969017670284,
    1.269338405373));
#11208 = CARTESIAN_POINT('',(3.476600858298,0.9473076352,1.269338405373)
  );
#11209 = CARTESIAN_POINT('',(3.630894753976,0.574809218729,
    1.269338405373));
#11210 = CARTESIAN_POINT('',(3.707413628123,0.195110560338,
    1.269338405373));
#11211 = CARTESIAN_POINT('',(3.707414134116,-0.1951093668,1.269338405373
    ));
#11212 = CARTESIAN_POINT('',(3.630895040325,-0.574808527422,
    1.269338405373));
#11213 = CARTESIAN_POINT('',(3.476600854533,-0.947307644289,
    1.269338405373));
#11214 = CARTESIAN_POINT('',(3.467608261701,-0.969017683918,
    1.269338405373));
#11215 = CARTESIAN_POINT('',(3.458468760763,-0.991082391091,
    1.269338405373));
#11216 = CARTESIAN_POINT('',(3.449182351718,-1.01350176581,
    1.269338405373));
#11217 = CARTESIAN_POINT('',(3.439749034566,-1.036275808073,
    1.269338405373));
#11218 = ADVANCED_FACE('',(#11219),#11275,.F.);
#11219 = FACE_BOUND('',#11220,.F.);
#11220 = EDGE_LOOP('',(#11221,#11230,#11231,#11240));
#11221 = ORIENTED_EDGE('',*,*,#11222,.F.);
#11222 = EDGE_CURVE('',#10991,#11223,#11225,.T.);
#11223 = VERTEX_POINT('',#11224);
#11224 = CARTESIAN_POINT('',(3.485446538439,-0.925952274181,
    1.930661594627));
#11225 = CIRCLE('',#11226,0.485412195974);
#11226 = AXIS2_PLACEMENT_3D('',#11227,#11228,#11229);
#11227 = CARTESIAN_POINT('',(3.813765702719,-1.061946524813,1.6));
#11228 = DIRECTION('',(0.382683432365,0.923879532511,2.775557561563E-17)
  );
#11229 = DIRECTION('',(-0.523404384043,0.216801194476,-0.824041924199));
#11230 = ORIENTED_EDGE('',*,*,#11005,.T.);
#11231 = ORIENTED_EDGE('',*,*,#11232,.T.);
#11232 = EDGE_CURVE('',#11006,#11233,#11235,.T.);
#11233 = VERTEX_POINT('',#11234);
#11234 = CARTESIAN_POINT('',(3.485446538439,0.925952274181,
    1.930661594627));
#11235 = CIRCLE('',#11236,0.485412195974);
#11236 = AXIS2_PLACEMENT_3D('',#11237,#11238,#11239);
#11237 = CARTESIAN_POINT('',(3.813765702719,1.061946524813,1.6));
#11238 = DIRECTION('',(-0.382683432365,0.923879532511,
    -2.775557561563E-17));
#11239 = DIRECTION('',(-0.523404384043,-0.216801194476,-0.824041924199)
  );
#11240 = ORIENTED_EDGE('',*,*,#11241,.F.);
#11241 = EDGE_CURVE('',#11223,#11233,#11242,.T.);
#11242 = B_SPLINE_CURVE_WITH_KNOTS('',11,(#11243,#11244,#11245,#11246,
    #11247,#11248,#11249,#11250,#11251,#11252,#11253,#11254,#11255,
    #11256,#11257,#11258,#11259,#11260,#11261,#11262,#11263,#11264,
    #11265,#11266,#11267,#11268,#11269,#11270,#11271,#11272,#11273,
    #11274),.UNSPECIFIED.,.F.,.F.,(12,10,10,12),(-0.585615641583,
    2.901255980386E-15,13.744467859455,14.330083501039),.UNSPECIFIED.);
#11243 = CARTESIAN_POINT('',(3.709551942206,-0.384913969004,
    1.930661594627));
#11244 = CARTESIAN_POINT('',(3.688387116582,-0.43601037807,
    1.930661594627));
#11245 = CARTESIAN_POINT('',(3.667380612378,-0.486724565418,
    1.930661594627));
#11246 = CARTESIAN_POINT('',(3.646532429594,-0.537056531046,
    1.930661594627));
#11247 = CARTESIAN_POINT('',(3.62584256823,-0.587006274955,
    1.930661594627));
#11248 = CARTESIAN_POINT('',(3.605311028286,-0.636573797145,
    1.930661594627));
#11249 = CARTESIAN_POINT('',(3.584937809762,-0.685759097616,
    1.930661594627));
#11250 = CARTESIAN_POINT('',(3.564722912657,-0.734562176367,
    1.930661594627));
#11251 = CARTESIAN_POINT('',(3.544666336973,-0.782983033399,
    1.930661594627));
#11252 = CARTESIAN_POINT('',(3.524768082708,-0.831021668713,
    1.930661594627));
#11253 = CARTESIAN_POINT('',(3.505028149863,-0.878678082306,
    1.930661594627));
#11254 = CARTESIAN_POINT('',(3.025863819411,-2.03548310749,
    1.930661594627));
#11255 = CARTESIAN_POINT('',(1.954091980563,-2.912929929979,
    1.930661579303));
#11256 = CARTESIAN_POINT('',(0.384360577617,-3.15228097909,
    1.930661626176));
#11257 = CARTESIAN_POINT('',(-1.145396108631,-2.426388868523,
    1.930661560267));
#11258 = CARTESIAN_POINT('',(-2.223728053045,-1.026234168191,
    1.930661609113));
#11259 = CARTESIAN_POINT('',(-2.223728053056,1.026234168191,
    1.930661609123));
#11260 = CARTESIAN_POINT('',(-1.145396108622,2.426388868523,
    1.93066156026));
#11261 = CARTESIAN_POINT('',(0.384360577613,3.15228097909,1.93066162618)
  );
#11262 = CARTESIAN_POINT('',(1.954091980565,2.912929929979,
    1.930661579301));
#11263 = CARTESIAN_POINT('',(3.025863819411,2.03548310749,1.930661594627
    ));
#11264 = CARTESIAN_POINT('',(3.505028149863,0.878678082306,
    1.930661594627));
#11265 = CARTESIAN_POINT('',(3.524768082708,0.831021668713,
    1.930661594627));
#11266 = CARTESIAN_POINT('',(3.544666336973,0.782983033399,
    1.930661594627));
#11267 = CARTESIAN_POINT('',(3.564722912657,0.734562176367,
    1.930661594627));
#11268 = CARTESIAN_POINT('',(3.584937809762,0.685759097616,
    1.930661594627));
#11269 = CARTESIAN_POINT('',(3.605311028286,0.636573797145,
    1.930661594627));
#11270 = CARTESIAN_POINT('',(3.62584256823,0.587006274955,1.930661594627
    ));
#11271 = CARTESIAN_POINT('',(3.646532429594,0.537056531046,
    1.930661594627));
#11272 = CARTESIAN_POINT('',(3.667380612378,0.486724565418,
    1.930661594627));
#11273 = CARTESIAN_POINT('',(3.688387116582,0.436010378071,
    1.930661594627));
#11274 = CARTESIAN_POINT('',(3.709551942206,0.384913969004,
    1.930661594627));
#11275 = SURFACE_OF_REVOLUTION('',#11276,#11281);
#11276 = CIRCLE('',#11277,0.485412195974);
#11277 = AXIS2_PLACEMENT_3D('',#11278,#11279,#11280);
#11278 = CARTESIAN_POINT('',(3.813765702719,-1.061946524813,1.6));
#11279 = DIRECTION('',(0.382683432365,0.923879532511,0.));
#11280 = DIRECTION('',(-0.523404384043,0.216801194476,-0.824041924199));
#11281 = AXIS1_PLACEMENT('',#11282,#11283);
#11282 = CARTESIAN_POINT('',(1.25,0.,0.));
#11283 = DIRECTION('',(0.,0.,-1.));
#11284 = ADVANCED_FACE('',(#11285),#11393,.F.);
#11285 = FACE_BOUND('',#11286,.F.);
#11286 = EDGE_LOOP('',(#11287,#11306,#11307,#11308,#11309,#11328,#11339,
    #11358,#11365,#11384));
#11287 = ORIENTED_EDGE('',*,*,#11288,.F.);
#11288 = EDGE_CURVE('',#11233,#11289,#11291,.T.);
#11289 = VERTEX_POINT('',#11290);
#11290 = CARTESIAN_POINT('',(3.65667978278,0.25,1.930661594627));
#11291 = B_SPLINE_CURVE_WITH_KNOTS('',5,(#11292,#11293,#11294,#11295,
    #11296,#11297,#11298,#11299,#11300,#11301,#11302,#11303,#11304,
    #11305),.UNSPECIFIED.,.F.,.F.,(6,4,4,6),(-0.119413470026,
    -1.353371911203E-07,1.96349554383,2.08290869425),.UNSPECIFIED.);
#11292 = CARTESIAN_POINT('',(3.439749034566,1.036275808073,
    1.930661594627));
#11293 = CARTESIAN_POINT('',(3.449182355483,1.013501756721,
    1.930661594627));
#11294 = CARTESIAN_POINT('',(3.45846876641,0.991082377458,1.930661594627
    ));
#11295 = CARTESIAN_POINT('',(3.467608267348,0.969017670284,
    1.930661594627));
#11296 = CARTESIAN_POINT('',(3.476600858298,0.9473076352,1.930661594627)
  );
#11297 = CARTESIAN_POINT('',(3.630894753976,0.574809218729,
    1.930661594627));
#11298 = CARTESIAN_POINT('',(3.707413628123,0.195110560338,
    1.930661594627));
#11299 = CARTESIAN_POINT('',(3.707414134116,-0.1951093668,1.930661594627
    ));
#11300 = CARTESIAN_POINT('',(3.630895040325,-0.574808527422,
    1.930661594627));
#11301 = CARTESIAN_POINT('',(3.476600854533,-0.947307644289,
    1.930661594627));
#11302 = CARTESIAN_POINT('',(3.467608261701,-0.969017683918,
    1.930661594627));
#11303 = CARTESIAN_POINT('',(3.458468760763,-0.991082391091,
    1.930661594627));
#11304 = CARTESIAN_POINT('',(3.449182351718,-1.01350176581,
    1.930661594627));
#11305 = CARTESIAN_POINT('',(3.439749034566,-1.036275808073,
    1.930661594627));
#11306 = ORIENTED_EDGE('',*,*,#11232,.F.);
#11307 = ORIENTED_EDGE('',*,*,#11157,.T.);
#11308 = ORIENTED_EDGE('',*,*,#11222,.T.);
#11309 = ORIENTED_EDGE('',*,*,#11310,.F.);
#11310 = EDGE_CURVE('',#11311,#11223,#11313,.T.);
#11311 = VERTEX_POINT('',#11312);
#11312 = CARTESIAN_POINT('',(3.656679829997,-0.25,1.930661594627));
#11313 = B_SPLINE_CURVE_WITH_KNOTS('',5,(#11314,#11315,#11316,#11317,
    #11318,#11319,#11320,#11321,#11322,#11323,#11324,#11325,#11326,
    #11327),.UNSPECIFIED.,.F.,.F.,(6,4,4,6),(-0.119413470026,
    -1.353371911203E-07,1.96349554383,2.08290869425),.UNSPECIFIED.);
#11314 = CARTESIAN_POINT('',(3.439749034566,1.036275808073,
    1.930661594627));
#11315 = CARTESIAN_POINT('',(3.449182355483,1.013501756721,
    1.930661594627));
#11316 = CARTESIAN_POINT('',(3.45846876641,0.991082377458,1.930661594627
    ));
#11317 = CARTESIAN_POINT('',(3.467608267348,0.969017670284,
    1.930661594627));
#11318 = CARTESIAN_POINT('',(3.476600858298,0.9473076352,1.930661594627)
  );
#11319 = CARTESIAN_POINT('',(3.630894753976,0.574809218729,
    1.930661594627));
#11320 = CARTESIAN_POINT('',(3.707413628123,0.195110560338,
    1.930661594627));
#11321 = CARTESIAN_POINT('',(3.707414134116,-0.1951093668,1.930661594627
    ));
#11322 = CARTESIAN_POINT('',(3.630895040325,-0.574808527422,
    1.930661594627));
#11323 = CARTESIAN_POINT('',(3.476600854533,-0.947307644289,
    1.930661594627));
#11324 = CARTESIAN_POINT('',(3.467608261701,-0.969017683918,
    1.930661594627));
#11325 = CARTESIAN_POINT('',(3.458468760763,-0.991082391091,
    1.930661594627));
#11326 = CARTESIAN_POINT('',(3.449182351718,-1.01350176581,
    1.930661594627));
#11327 = CARTESIAN_POINT('',(3.439749034566,-1.036275808073,
    1.930661594627));
#11328 = ORIENTED_EDGE('',*,*,#11329,.F.);
#11329 = EDGE_CURVE('',#11330,#11311,#11332,.T.);
#11330 = VERTEX_POINT('',#11331);
#11331 = CARTESIAN_POINT('',(3.549471489861,-0.25,1.749));
#11332 = B_SPLINE_CURVE_WITH_KNOTS('',5,(#11333,#11334,#11335,#11336,
    #11337,#11338),.UNSPECIFIED.,.F.,.F.,(6,6),(0.,1.),
  .PIECEWISE_BEZIER_KNOTS.);
#11333 = CARTESIAN_POINT('',(3.549471489861,-0.25,1.749));
#11334 = CARTESIAN_POINT('',(3.562587202196,-0.25,1.789427365424));
#11335 = CARTESIAN_POINT('',(3.58014872115,-0.25,1.828424172249));
#11336 = CARTESIAN_POINT('',(3.601941636815,-0.25,1.865341021624));
#11337 = CARTESIAN_POINT('',(3.627608548406,-0.25,1.899584994083));
#11338 = CARTESIAN_POINT('',(3.65668024473,-0.25,1.930661807849));
#11339 = ORIENTED_EDGE('',*,*,#11340,.T.);
#11340 = EDGE_CURVE('',#11330,#11341,#11343,.T.);
#11341 = VERTEX_POINT('',#11342);
#11342 = CARTESIAN_POINT('',(3.549999782609,-1.E-03,1.5));
#11343 = B_SPLINE_CURVE_WITH_KNOTS('',7,(#11344,#11345,#11346,#11347,
    #11348,#11349,#11350,#11351,#11352,#11353,#11354,#11355,#11356,
    #11357),.UNSPECIFIED.,.F.,.F.,(8,6,8),(0.,0.656899903514,1.),
  .UNSPECIFIED.);
#11344 = CARTESIAN_POINT('',(3.549471489861,-0.25,1.749));
#11345 = CARTESIAN_POINT('',(3.538903887063,-0.25,1.716426818984));
#11346 = CARTESIAN_POINT('',(3.531699509879,-0.245028477564,
    1.683385522006));
#11347 = CARTESIAN_POINT('',(3.528045828963,-0.234830048078,
    1.650728113424));
#11348 = CARTESIAN_POINT('',(3.527713110475,-0.219290375561,
    1.619367410059));
#11349 = CARTESIAN_POINT('',(3.530087341319,-0.198436579318,
    1.590251266333));
#11350 = CARTESIAN_POINT('',(3.534149886785,-0.172302430004,
    1.564384728938));
#11351 = CARTESIAN_POINT('',(3.54090216963,-0.124770531607,
    1.532041582647));
#11352 = CARTESIAN_POINT('',(3.543310489781,-0.107148532185,
    1.522255641965));
#11353 = CARTESIAN_POINT('',(3.545638205192,-8.813505246606E-02,
    1.513869244735));
#11354 = CARTESIAN_POINT('',(3.547696231285,-6.772624403228E-02,
    1.507131244826));
#11355 = CARTESIAN_POINT('',(3.5492147289,-4.608658790058E-02,
    1.502401965702));
#11356 = CARTESIAN_POINT('',(3.549989938095,-2.364237892977E-02,1.5));
#11357 = CARTESIAN_POINT('',(3.549999782609,-1.E-03,1.5));
#11358 = ORIENTED_EDGE('',*,*,#11359,.T.);
#11359 = EDGE_CURVE('',#11341,#11360,#11362,.T.);
#11360 = VERTEX_POINT('',#11361);
#11361 = CARTESIAN_POINT('',(3.549999782609,9.999999999998E-04,1.5));
#11362 = B_SPLINE_CURVE_WITH_KNOTS('',1,(#11363,#11364),.UNSPECIFIED.,
  .F.,.F.,(2,2),(0.,1.),.PIECEWISE_BEZIER_KNOTS.);
#11363 = CARTESIAN_POINT('',(3.549999782609,-1.E-03,1.5));
#11364 = CARTESIAN_POINT('',(3.549999782609,9.999999999998E-04,1.5));
#11365 = ORIENTED_EDGE('',*,*,#11366,.T.);
#11366 = EDGE_CURVE('',#11360,#11367,#11369,.T.);
#11367 = VERTEX_POINT('',#11368);
#11368 = CARTESIAN_POINT('',(3.549471489861,0.25,1.749));
#11369 = B_SPLINE_CURVE_WITH_KNOTS('',7,(#11370,#11371,#11372,#11373,
    #11374,#11375,#11376,#11377,#11378,#11379,#11380,#11381,#11382,
    #11383),.UNSPECIFIED.,.F.,.F.,(8,6,8),(0.,0.343710672019,1.),
  .UNSPECIFIED.);
#11370 = CARTESIAN_POINT('',(3.549999782609,9.999999999997E-04,1.5));
#11371 = CARTESIAN_POINT('',(3.549989920585,2.368265119001E-02,1.5));
#11372 = CARTESIAN_POINT('',(3.549211971008,4.616604948054E-02,
    1.502410516981));
#11373 = CARTESIAN_POINT('',(3.547688162784,6.784108201107E-02,
    1.507156358887));
#11374 = CARTESIAN_POINT('',(3.545623636424,8.827968087268E-02,
    1.513916973069));
#11375 = CARTESIAN_POINT('',(3.543289812594,0.10731720987,1.522330091337
    ));
#11376 = CARTESIAN_POINT('',(3.540876523628,0.124958092937,
    1.532145912779));
#11377 = CARTESIAN_POINT('',(3.534127396232,0.172447200062,
    1.564528141918));
#11378 = CARTESIAN_POINT('',(3.530076399241,0.198532790636,
    1.590385718193));
#11379 = CARTESIAN_POINT('',(3.527714368661,0.21934776166,1.619483238628
    ));
#11380 = CARTESIAN_POINT('',(3.528055943653,0.234858301632,
    1.650818612401));
#11381 = CARTESIAN_POINT('',(3.531712830825,0.245037663177,
    1.683446586849));
#11382 = CARTESIAN_POINT('',(3.538913652378,0.25,1.716456919224));
#11383 = CARTESIAN_POINT('',(3.549471489861,0.25,1.749));
#11384 = ORIENTED_EDGE('',*,*,#11385,.T.);
#11385 = EDGE_CURVE('',#11367,#11289,#11386,.T.);
#11386 = B_SPLINE_CURVE_WITH_KNOTS('',5,(#11387,#11388,#11389,#11390,
    #11391,#11392),.UNSPECIFIED.,.F.,.F.,(6,6),(0.,1.),
  .PIECEWISE_BEZIER_KNOTS.);
#11387 = CARTESIAN_POINT('',(3.549471489861,0.25,1.749));
#11388 = CARTESIAN_POINT('',(3.562587202196,0.25,1.789427365424));
#11389 = CARTESIAN_POINT('',(3.58014872115,0.25,1.828424172249));
#11390 = CARTESIAN_POINT('',(3.601941636815,0.25,1.865341021624));
#11391 = CARTESIAN_POINT('',(3.627608548406,0.25,1.899584994083));
#11392 = CARTESIAN_POINT('',(3.65668024473,0.25,1.930661807849));
#11393 = SURFACE_OF_REVOLUTION('',#11394,#11399);
#11394 = CIRCLE('',#11395,0.485412195974);
#11395 = AXIS2_PLACEMENT_3D('',#11396,#11397,#11398);
#11396 = CARTESIAN_POINT('',(3.813765702719,1.061946524813,1.6));
#11397 = DIRECTION('',(-0.382683432365,0.923879532511,0.));
#11398 = DIRECTION('',(-0.523404384043,-0.216801194476,-0.824041924199)
  );
#11399 = AXIS1_PLACEMENT('',#11400,#11401);
#11400 = CARTESIAN_POINT('',(1.25,0.,0.));
#11401 = DIRECTION('',(0.,0.,-1.));
#11402 = ADVANCED_FACE('',(#11403),#11471,.T.);
#11403 = FACE_BOUND('',#11404,.T.);
#11404 = EDGE_LOOP('',(#11405,#11420,#11457,#11470));
#11405 = ORIENTED_EDGE('',*,*,#11406,.T.);
#11406 = EDGE_CURVE('',#11223,#11407,#11409,.T.);
#11407 = VERTEX_POINT('',#11408);
#11408 = CARTESIAN_POINT('',(3.559698831278,-0.956708580913,
    2.135020857149));
#11409 = B_SPLINE_CURVE_WITH_KNOTS('',5,(#11410,#11411,#11412,#11413,
    #11414,#11415,#11416,#11417,#11418,#11419),.UNSPECIFIED.,.F.,.F.,(6,
    4,6),(0.,0.5,1.),.UNSPECIFIED.);
#11410 = CARTESIAN_POINT('',(3.485446538439,-0.925952274181,
    1.930661594627));
#11411 = CARTESIAN_POINT('',(3.499271815997,-0.93167889165,
    1.946744172007));
#11412 = CARTESIAN_POINT('',(3.511973435419,-0.936940074678,
    1.964470589246));
#11413 = CARTESIAN_POINT('',(3.523234543788,-0.941604578492,1.9836790636
    ));
#11414 = CARTESIAN_POINT('',(3.532778034968,-0.945557621971,
    2.004056935692));
#11415 = CARTESIAN_POINT('',(3.548159251937,-0.951928730645,
    2.046389556494));
#11416 = CARTESIAN_POINT('',(3.553997166347,-0.95434687397,
    2.068344824333));
#11417 = CARTESIAN_POINT('',(3.557841659805,-0.955939315301,
    2.090710414983));
#11418 = CARTESIAN_POINT('',(3.55969883117,-0.956708580868,
    2.113053113924));
#11419 = CARTESIAN_POINT('',(3.559698831278,-0.956708580913,
    2.135020857149));
#11420 = ORIENTED_EDGE('',*,*,#11421,.T.);
#11421 = EDGE_CURVE('',#11407,#11422,#11424,.T.);
#11422 = VERTEX_POINT('',#11423);
#11423 = CARTESIAN_POINT('',(3.559698831278,0.956708580913,
    2.135020857149));
#11424 = B_SPLINE_CURVE_WITH_KNOTS('',11,(#11425,#11426,#11427,#11428,
    #11429,#11430,#11431,#11432,#11433,#11434,#11435,#11436,#11437,
    #11438,#11439,#11440,#11441,#11442,#11443,#11444,#11445,#11446,
    #11447,#11448,#11449,#11450,#11451,#11452,#11453,#11454,#11455,
    #11456),.UNSPECIFIED.,.F.,.F.,(12,10,10,12),(-0.585615641583,
    2.901255980386E-15,13.744467859455,14.330083501039),.UNSPECIFIED.);
#11425 = CARTESIAN_POINT('',(3.783804235046,-0.415670275735,
    2.135020857149));
#11426 = CARTESIAN_POINT('',(3.763289829604,-0.465196431576,
    2.135020857149));
#11427 = CARTESIAN_POINT('',(3.742803661547,-0.514654416342,
    2.135020857149));
#11428 = CARTESIAN_POINT('',(3.722345730872,-0.564044230035,
    2.135020857149));
#11429 = CARTESIAN_POINT('',(3.701916037581,-0.613365872653,
    2.135020857149));
#11430 = CARTESIAN_POINT('',(3.681514581673,-0.662619344198,
    2.135020857149));
#11431 = CARTESIAN_POINT('',(3.661141363149,-0.711804644669,
    2.135020857149));
#11432 = CARTESIAN_POINT('',(3.640796382008,-0.760921774065,
    2.135020857149));
#11433 = CARTESIAN_POINT('',(3.620479638251,-0.809970732388,
    2.135020857149));
#11434 = CARTESIAN_POINT('',(3.600191131876,-0.858951519637,
    2.135020857149));
#11435 = CARTESIAN_POINT('',(3.579930862886,-0.907864135812,
    2.135020857149));
#11436 = CARTESIAN_POINT('',(3.084850674205,-2.103093441788,
    2.135020857149));
#11437 = CARTESIAN_POINT('',(1.977586252495,-3.009448724487,
    2.135020937091));
#11438 = CARTESIAN_POINT('',(0.35585501195,-3.257464103805,
    2.135020692567));
#11439 = CARTESIAN_POINT('',(-1.225741298782,-2.5067600004,
    2.135021036405));
#11440 = CARTESIAN_POINT('',(-2.338653308495,-1.059860959899,
    2.135020781556));
#11441 = CARTESIAN_POINT('',(-2.338653308509,1.059860959899,
    2.135020781567));
#11442 = CARTESIAN_POINT('',(-1.225741298771,2.5067600004,2.135021036396
    ));
#11443 = CARTESIAN_POINT('',(0.355855011945,3.257464103806,
    2.135020692572));
#11444 = CARTESIAN_POINT('',(1.977586252497,3.009448724487,
    2.135020937089));
#11445 = CARTESIAN_POINT('',(3.084850674204,2.103093441788,
    2.135020857149));
#11446 = CARTESIAN_POINT('',(3.579930862886,0.907864135812,
    2.135020857149));
#11447 = CARTESIAN_POINT('',(3.600191131876,0.858951519637,
    2.135020857149));
#11448 = CARTESIAN_POINT('',(3.620479638251,0.809970732388,
    2.135020857149));
#11449 = CARTESIAN_POINT('',(3.640796382008,0.760921774065,
    2.135020857149));
#11450 = CARTESIAN_POINT('',(3.661141363149,0.711804644669,
    2.135020857149));
#11451 = CARTESIAN_POINT('',(3.681514581673,0.662619344198,
    2.135020857149));
#11452 = CARTESIAN_POINT('',(3.701916037581,0.613365872653,
    2.135020857149));
#11453 = CARTESIAN_POINT('',(3.722345730872,0.564044230035,
    2.135020857149));
#11454 = CARTESIAN_POINT('',(3.742803661547,0.514654416342,
    2.135020857149));
#11455 = CARTESIAN_POINT('',(3.763289829605,0.465196431576,
    2.135020857149));
#11456 = CARTESIAN_POINT('',(3.783804235046,0.415670275736,
    2.135020857149));
#11457 = ORIENTED_EDGE('',*,*,#11458,.F.);
#11458 = EDGE_CURVE('',#11233,#11422,#11459,.T.);
#11459 = B_SPLINE_CURVE_WITH_KNOTS('',5,(#11460,#11461,#11462,#11463,
    #11464,#11465,#11466,#11467,#11468,#11469),.UNSPECIFIED.,.F.,.F.,(6,
    4,6),(0.,0.5,1.),.UNSPECIFIED.);
#11460 = CARTESIAN_POINT('',(3.485446538439,0.925952274181,
    1.930661594627));
#11461 = CARTESIAN_POINT('',(3.499271815997,0.93167889165,1.946744172007
    ));
#11462 = CARTESIAN_POINT('',(3.511973435419,0.936940074678,
    1.964470589246));
#11463 = CARTESIAN_POINT('',(3.523234543788,0.941604578492,1.9836790636)
  );
#11464 = CARTESIAN_POINT('',(3.532778034968,0.945557621971,
    2.004056935692));
#11465 = CARTESIAN_POINT('',(3.548159251937,0.951928730645,
    2.046389556494));
#11466 = CARTESIAN_POINT('',(3.553997166347,0.95434687397,2.068344824333
    ));
#11467 = CARTESIAN_POINT('',(3.557841659805,0.955939315301,
    2.090710414983));
#11468 = CARTESIAN_POINT('',(3.55969883117,0.956708580868,2.113053113924
    ));
#11469 = CARTESIAN_POINT('',(3.559698831278,0.956708580913,
    2.135020857149));
#11470 = ORIENTED_EDGE('',*,*,#11241,.F.);
#11471 = ( BOUNDED_SURFACE() B_SPLINE_SURFACE(2,11,(
    (#11472,#11473,#11474,#11475,#11476,#11477,#11478,#11479,#11480
      ,#11481,#11482,#11483,#11484,#11485,#11486,#11487,#11488,#11489
      ,#11490,#11491,#11492,#11493,#11494,#11495,#11496,#11497,#11498
      ,#11499,#11500,#11501,#11502,#11503)
    ,(#11504,#11505,#11506,#11507,#11508,#11509,#11510,#11511,#11512
      ,#11513,#11514,#11515,#11516,#11517,#11518,#11519,#11520,#11521
      ,#11522,#11523,#11524,#11525,#11526,#11527,#11528,#11529,#11530
      ,#11531,#11532,#11533,#11534,#11535)
    ,(#11536,#11537,#11538,#11539,#11540,#11541,#11542,#11543,#11544
      ,#11545,#11546,#11547,#11548,#11549,#11550,#11551,#11552,#11553
      ,#11554,#11555,#11556,#11557,#11558,#11559,#11560,#11561,#11562
      ,#11563,#11564,#11565,#11566,#11567
)),.UNSPECIFIED.,.F.,.F.,.F.) B_SPLINE_SURFACE_WITH_KNOTS((3,3),(12,10,
    10,12),(0.,13.744467859455),(-0.585615641583,2.901255980386E-15,
    13.744467859455,14.330083501039),.UNSPECIFIED.) 
GEOMETRIC_REPRESENTATION_ITEM() RATIONAL_B_SPLINE_SURFACE((
    (1.,1.,1.,1.,1.,1.,1.,1.,1.,1.,1.,1.,1.,1.,1.,1.,1.,1.,1.,1.,1.,1.
      ,1.,1.,1.,1.,1.,1.,1.,1.,1.,1.)
    ,(0.93061798229,0.93061798229,0.93061798229,0.93061798229
      ,0.93061798229,0.93061798229,0.93061798229,0.93061798229
      ,0.93061798229,0.93061798229,0.93061798229,0.93061798229
      ,0.930617902914,0.930618145705,0.930617804307,0.93061805734
      ,0.930618057345,0.930617804303,0.930618145707,0.930617902913
      ,0.93061798229,0.93061798229,0.93061798229,0.93061798229
      ,0.93061798229,0.93061798229,0.93061798229,0.93061798229
      ,0.93061798229,0.93061798229,0.93061798229,0.93061798229)
    ,(1.,1.,1.,1.,1.,1.,1.,1.,1.,1.,1.,1.,1.,1.,1.,1.,1.,1.,1.,1.,1.,1.
,1.,1.,1.,1.,1.,1.,1.,1.,1.,1.))) REPRESENTATION_ITEM('') SURFACE() );
#11472 = CARTESIAN_POINT('',(3.709551942206,-0.384913969004,
    1.930661594627));
#11473 = CARTESIAN_POINT('',(3.688387116582,-0.43601037807,
    1.930661594627));
#11474 = CARTESIAN_POINT('',(3.667380612378,-0.486724565418,
    1.930661594627));
#11475 = CARTESIAN_POINT('',(3.646532429594,-0.537056531046,
    1.930661594627));
#11476 = CARTESIAN_POINT('',(3.62584256823,-0.587006274955,
    1.930661594627));
#11477 = CARTESIAN_POINT('',(3.605311028286,-0.636573797145,
    1.930661594627));
#11478 = CARTESIAN_POINT('',(3.584937809762,-0.685759097616,
    1.930661594627));
#11479 = CARTESIAN_POINT('',(3.564722912657,-0.734562176367,
    1.930661594627));
#11480 = CARTESIAN_POINT('',(3.544666336973,-0.782983033399,
    1.930661594627));
#11481 = CARTESIAN_POINT('',(3.524768082708,-0.831021668713,
    1.930661594627));
#11482 = CARTESIAN_POINT('',(3.505028149863,-0.878678082306,
    1.930661594627));
#11483 = CARTESIAN_POINT('',(3.025863819411,-2.03548310749,
    1.930661594627));
#11484 = CARTESIAN_POINT('',(1.954091980563,-2.912929929979,
    1.930661579303));
#11485 = CARTESIAN_POINT('',(0.384360577617,-3.15228097909,
    1.930661626176));
#11486 = CARTESIAN_POINT('',(-1.145396108631,-2.426388868523,
    1.930661560267));
#11487 = CARTESIAN_POINT('',(-2.223728053045,-1.026234168191,
    1.930661609113));
#11488 = CARTESIAN_POINT('',(-2.223728053056,1.026234168191,
    1.930661609123));
#11489 = CARTESIAN_POINT('',(-1.145396108622,2.426388868523,
    1.93066156026));
#11490 = CARTESIAN_POINT('',(0.384360577613,3.15228097909,1.93066162618)
  );
#11491 = CARTESIAN_POINT('',(1.954091980565,2.912929929979,
    1.930661579301));
#11492 = CARTESIAN_POINT('',(3.025863819411,2.03548310749,1.930661594627
    ));
#11493 = CARTESIAN_POINT('',(3.505028149863,0.878678082306,
    1.930661594627));
#11494 = CARTESIAN_POINT('',(3.524768082708,0.831021668713,
    1.930661594627));
#11495 = CARTESIAN_POINT('',(3.544666336973,0.782983033399,
    1.930661594627));
#11496 = CARTESIAN_POINT('',(3.564722912657,0.734562176367,
    1.930661594627));
#11497 = CARTESIAN_POINT('',(3.584937809762,0.685759097616,
    1.930661594627));
#11498 = CARTESIAN_POINT('',(3.605311028286,0.636573797145,
    1.930661594627));
#11499 = CARTESIAN_POINT('',(3.62584256823,0.587006274955,1.930661594627
    ));
#11500 = CARTESIAN_POINT('',(3.646532429594,0.537056531046,
    1.930661594627));
#11501 = CARTESIAN_POINT('',(3.667380612378,0.486724565418,
    1.930661594627));
#11502 = CARTESIAN_POINT('',(3.688387116582,0.436010378071,
    1.930661594627));
#11503 = CARTESIAN_POINT('',(3.709551942206,0.384913969004,
    1.930661594627));
#11504 = CARTESIAN_POINT('',(3.783804235046,-0.415670275735,
    2.017037309501));
#11505 = CARTESIAN_POINT('',(3.763289829604,-0.465196431576,
    2.017037309501));
#11506 = CARTESIAN_POINT('',(3.742803661547,-0.514654416342,
    2.017037309501));
#11507 = CARTESIAN_POINT('',(3.722345730872,-0.564044230035,
    2.017037309501));
#11508 = CARTESIAN_POINT('',(3.701916037581,-0.613365872653,
    2.017037309501));
#11509 = CARTESIAN_POINT('',(3.681514581673,-0.662619344198,
    2.017037309501));
#11510 = CARTESIAN_POINT('',(3.661141363149,-0.711804644669,
    2.017037309501));
#11511 = CARTESIAN_POINT('',(3.640796382008,-0.760921774065,
    2.017037309501));
#11512 = CARTESIAN_POINT('',(3.62047963825,-0.809970732388,
    2.017037309501));
#11513 = CARTESIAN_POINT('',(3.600191131876,-0.858951519637,
    2.017037309501));
#11514 = CARTESIAN_POINT('',(3.579930862886,-0.907864135812,
    2.017037309501));
#11515 = CARTESIAN_POINT('',(3.084850674205,-2.103093441788,
    2.017037309501));
#11516 = CARTESIAN_POINT('',(1.977586214542,-3.009448936944,
    2.017037314315));
#11517 = CARTESIAN_POINT('',(0.355855341319,-3.257463206685,
    2.01703729959));
#11518 = CARTESIAN_POINT('',(-1.225741895236,-2.506761759151,
    2.017037320295));
#11519 = CARTESIAN_POINT('',(-2.338652975413,-1.05985863781,
    2.017037304949));
#11520 = CARTESIAN_POINT('',(-2.33865297541,1.059858637805,
    2.017037304949));
#11521 = CARTESIAN_POINT('',(-1.225741895234,2.506761759161,
    2.017037320295));
#11522 = CARTESIAN_POINT('',(0.355855341315,3.257463206678,2.01703729959
    ));
#11523 = CARTESIAN_POINT('',(1.977586214545,3.009448936946,
    2.017037314315));
#11524 = CARTESIAN_POINT('',(3.084850674204,2.103093441787,
    2.017037309501));
#11525 = CARTESIAN_POINT('',(3.579930862886,0.907864135812,
    2.017037309501));
#11526 = CARTESIAN_POINT('',(3.600191131876,0.858951519637,
    2.017037309501));
#11527 = CARTESIAN_POINT('',(3.620479638251,0.809970732388,
    2.017037309501));
#11528 = CARTESIAN_POINT('',(3.640796382008,0.760921774065,
    2.017037309501));
#11529 = CARTESIAN_POINT('',(3.661141363149,0.711804644669,
    2.017037309501));
#11530 = CARTESIAN_POINT('',(3.681514581674,0.662619344198,
    2.017037309501));
#11531 = CARTESIAN_POINT('',(3.701916037581,0.613365872653,
    2.017037309501));
#11532 = CARTESIAN_POINT('',(3.722345730872,0.564044230035,
    2.017037309501));
#11533 = CARTESIAN_POINT('',(3.742803661547,0.514654416342,
    2.017037309501));
#11534 = CARTESIAN_POINT('',(3.763289829605,0.465196431576,
    2.017037309501));
#11535 = CARTESIAN_POINT('',(3.783804235046,0.415670275736,
    2.017037309501));
#11536 = CARTESIAN_POINT('',(3.783804235046,-0.415670275735,
    2.135020857149));
#11537 = CARTESIAN_POINT('',(3.763289829604,-0.465196431576,
    2.135020857149));
#11538 = CARTESIAN_POINT('',(3.742803661547,-0.514654416342,
    2.135020857149));
#11539 = CARTESIAN_POINT('',(3.722345730872,-0.564044230035,
    2.135020857149));
#11540 = CARTESIAN_POINT('',(3.701916037581,-0.613365872653,
    2.135020857149));
#11541 = CARTESIAN_POINT('',(3.681514581673,-0.662619344198,
    2.135020857149));
#11542 = CARTESIAN_POINT('',(3.661141363149,-0.711804644669,
    2.135020857149));
#11543 = CARTESIAN_POINT('',(3.640796382008,-0.760921774065,
    2.135020857149));
#11544 = CARTESIAN_POINT('',(3.620479638251,-0.809970732388,
    2.135020857149));
#11545 = CARTESIAN_POINT('',(3.600191131876,-0.858951519637,
    2.135020857149));
#11546 = CARTESIAN_POINT('',(3.579930862886,-0.907864135812,
    2.135020857149));
#11547 = CARTESIAN_POINT('',(3.084850674205,-2.103093441788,
    2.135020857149));
#11548 = CARTESIAN_POINT('',(1.977586252495,-3.009448724487,
    2.135020937091));
#11549 = CARTESIAN_POINT('',(0.35585501195,-3.257464103805,
    2.135020692567));
#11550 = CARTESIAN_POINT('',(-1.225741298782,-2.5067600004,
    2.135021036405));
#11551 = CARTESIAN_POINT('',(-2.338653308495,-1.059860959899,
    2.135020781556));
#11552 = CARTESIAN_POINT('',(-2.338653308509,1.059860959899,
    2.135020781567));
#11553 = CARTESIAN_POINT('',(-1.225741298771,2.5067600004,2.135021036396
    ));
#11554 = CARTESIAN_POINT('',(0.355855011945,3.257464103806,
    2.135020692572));
#11555 = CARTESIAN_POINT('',(1.977586252497,3.009448724487,
    2.135020937089));
#11556 = CARTESIAN_POINT('',(3.084850674204,2.103093441788,
    2.135020857149));
#11557 = CARTESIAN_POINT('',(3.579930862886,0.907864135812,
    2.135020857149));
#11558 = CARTESIAN_POINT('',(3.600191131876,0.858951519637,
    2.135020857149));
#11559 = CARTESIAN_POINT('',(3.620479638251,0.809970732388,
    2.135020857149));
#11560 = CARTESIAN_POINT('',(3.640796382008,0.760921774065,
    2.135020857149));
#11561 = CARTESIAN_POINT('',(3.661141363149,0.711804644669,
    2.135020857149));
#11562 = CARTESIAN_POINT('',(3.681514581673,0.662619344198,
    2.135020857149));
#11563 = CARTESIAN_POINT('',(3.701916037581,0.613365872653,
    2.135020857149));
#11564 = CARTESIAN_POINT('',(3.722345730872,0.564044230035,
    2.135020857149));
#11565 = CARTESIAN_POINT('',(3.742803661547,0.514654416342,
    2.135020857149));
#11566 = CARTESIAN_POINT('',(3.763289829605,0.465196431576,
    2.135020857149));
#11567 = CARTESIAN_POINT('',(3.783804235046,0.415670275736,
    2.135020857149));
#11568 = ADVANCED_FACE('',(#11569),#11605,.T.);
#11569 = FACE_BOUND('',#11570,.T.);
#11570 = EDGE_LOOP('',(#11571,#11572,#11573,#11592));
#11571 = ORIENTED_EDGE('',*,*,#11288,.F.);
#11572 = ORIENTED_EDGE('',*,*,#11458,.T.);
#11573 = ORIENTED_EDGE('',*,*,#11574,.T.);
#11574 = EDGE_CURVE('',#11422,#11575,#11577,.T.);
#11575 = VERTEX_POINT('',#11576);
#11576 = CARTESIAN_POINT('',(3.737468271461,0.25,2.135020857149));
#11577 = B_SPLINE_CURVE_WITH_KNOTS('',5,(#11578,#11579,#11580,#11581,
    #11582,#11583,#11584,#11585,#11586,#11587,#11588,#11589,#11590,
    #11591),.UNSPECIFIED.,.F.,.F.,(6,4,4,6),(-0.119413470026,
    -1.353371911203E-07,1.96349554383,2.08290869425),.UNSPECIFIED.);
#11578 = CARTESIAN_POINT('',(3.514001325546,1.067032118743,
    2.135020857149));
#11579 = CARTESIAN_POINT('',(3.523140829292,1.0449674049,2.135020857149)
  );
#11580 = CARTESIAN_POINT('',(3.532280331654,1.0229026944,2.135020857149)
  );
#11581 = CARTESIAN_POINT('',(3.541419832631,1.000837987243,
    2.135020857149));
#11582 = CARTESIAN_POINT('',(3.550559332224,0.978773283428,
    2.135020857149));
#11583 = CARTESIAN_POINT('',(3.70997823841,0.593901998977,2.135020857149
    ));
#11584 = CARTESIAN_POINT('',(3.789038746156,0.201591257513,
    2.135020857149));
#11585 = CARTESIAN_POINT('',(3.789039291386,-0.201589955698,
    2.135020857149));
#11586 = CARTESIAN_POINT('',(3.70997851584,-0.593901329202,
    2.135020857149));
#11587 = CARTESIAN_POINT('',(3.550559329455,-0.978773290113,
    2.135020857149));
#11588 = CARTESIAN_POINT('',(3.541419828478,-1.00083799727,
    2.135020857149));
#11589 = CARTESIAN_POINT('',(3.5322803275,-1.022902704428,2.135020857149
    ));
#11590 = CARTESIAN_POINT('',(3.523140826523,-1.044967411585,
    2.135020857149));
#11591 = CARTESIAN_POINT('',(3.514001325546,-1.067032118743,
    2.135020857149));
#11592 = ORIENTED_EDGE('',*,*,#11593,.T.);
#11593 = EDGE_CURVE('',#11575,#11289,#11594,.T.);
#11594 = B_SPLINE_CURVE_WITH_KNOTS('',5,(#11595,#11596,#11597,#11598,
    #11599,#11600,#11601,#11602,#11603,#11604),.UNSPECIFIED.,.F.,.F.,(6,
    4,6),(0.,0.48758179705,1.),.UNSPECIFIED.);
#11595 = CARTESIAN_POINT('',(3.737468271461,0.25,2.135020857149));
#11596 = CARTESIAN_POINT('',(3.737468270657,0.25,2.113553317448));
#11597 = CARTESIAN_POINT('',(3.735538793119,0.25,2.091758528998));
#11598 = CARTESIAN_POINT('',(3.731559474663,0.25,2.069958867169));
#11599 = CARTESIAN_POINT('',(3.725526468276,0.25,2.048540658581));
#11600 = CARTESIAN_POINT('',(3.709209148069,0.25,2.006097182303));
#11601 = CARTESIAN_POINT('',(3.698723867052,0.25,1.985147071589));
#11602 = CARTESIAN_POINT('',(3.686260723432,0.25,1.965395047985));
#11603 = CARTESIAN_POINT('',(3.672126648559,0.25,1.947173883242));
#11604 = CARTESIAN_POINT('',(3.65667978278,0.25,1.930661594627));
#11605 = ( BOUNDED_SURFACE() B_SPLINE_SURFACE(2,5,(
    (#11606,#11607,#11608,#11609,#11610,#11611,#11612,#11613,#11614
      ,#11615,#11616,#11617,#11618,#11619)
    ,(#11620,#11621,#11622,#11623,#11624,#11625,#11626,#11627,#11628
      ,#11629,#11630,#11631,#11632,#11633)
    ,(#11634,#11635,#11636,#11637,#11638,#11639,#11640,#11641,#11642
      ,#11643,#11644,#11645,#11646,#11647
)),.UNSPECIFIED.,.F.,.F.,.F.) B_SPLINE_SURFACE_WITH_KNOTS((3,3),(6,4,4,6
    ),(0.,1.963495679168),(-0.119413470026,-1.353371911203E-07,
    1.96349554383,2.08290869425),.UNSPECIFIED.) 
GEOMETRIC_REPRESENTATION_ITEM() RATIONAL_B_SPLINE_SURFACE((
    (1.,1.,1.,1.,1.,1.,1.,1.,1.,1.,1.,1.,1.,1.)
    ,(0.93061798229,0.93061798229,0.93061798229,0.93061798229
      ,0.93061798229,0.93061798229,0.93061798229,0.93061798229
      ,0.93061798229,0.93061798229,0.93061798229,0.93061798229
      ,0.93061798229,0.93061798229)
,(1.,1.,1.,1.,1.,1.,1.,1.,1.,1.,1.,1.,1.,1.
))) REPRESENTATION_ITEM('') SURFACE() );
#11606 = CARTESIAN_POINT('',(3.439749034566,1.036275808073,
    1.930661594627));
#11607 = CARTESIAN_POINT('',(3.449182355483,1.013501756721,
    1.930661594627));
#11608 = CARTESIAN_POINT('',(3.45846876641,0.991082377458,1.930661594627
    ));
#11609 = CARTESIAN_POINT('',(3.467608267348,0.969017670284,
    1.930661594627));
#11610 = CARTESIAN_POINT('',(3.476600858298,0.9473076352,1.930661594627)
  );
#11611 = CARTESIAN_POINT('',(3.630894753976,0.574809218729,
    1.930661594627));
#11612 = CARTESIAN_POINT('',(3.707413628123,0.195110560338,
    1.930661594627));
#11613 = CARTESIAN_POINT('',(3.707414134116,-0.1951093668,1.930661594627
    ));
#11614 = CARTESIAN_POINT('',(3.630895040325,-0.574808527422,
    1.930661594627));
#11615 = CARTESIAN_POINT('',(3.476600854533,-0.947307644289,
    1.930661594627));
#11616 = CARTESIAN_POINT('',(3.467608261701,-0.969017683918,
    1.930661594627));
#11617 = CARTESIAN_POINT('',(3.458468760763,-0.991082391091,
    1.930661594627));
#11618 = CARTESIAN_POINT('',(3.449182351718,-1.01350176581,
    1.930661594627));
#11619 = CARTESIAN_POINT('',(3.439749034566,-1.036275808073,
    1.930661594627));
#11620 = CARTESIAN_POINT('',(3.514001325546,1.067032118743,
    2.017037309501));
#11621 = CARTESIAN_POINT('',(3.523140829292,1.0449674049,2.017037309501)
  );
#11622 = CARTESIAN_POINT('',(3.532280331654,1.0229026944,2.017037309501)
  );
#11623 = CARTESIAN_POINT('',(3.541419832631,1.000837987243,
    2.017037309501));
#11624 = CARTESIAN_POINT('',(3.550559332224,0.978773283428,
    2.017037309501));
#11625 = CARTESIAN_POINT('',(3.70997823841,0.593901998977,2.017037309501
    ));
#11626 = CARTESIAN_POINT('',(3.789038746156,0.201591257513,
    2.017037309501));
#11627 = CARTESIAN_POINT('',(3.789039291386,-0.201589955698,
    2.017037309501));
#11628 = CARTESIAN_POINT('',(3.70997851584,-0.593901329202,
    2.017037309501));
#11629 = CARTESIAN_POINT('',(3.550559329455,-0.978773290113,
    2.017037309501));
#11630 = CARTESIAN_POINT('',(3.541419828478,-1.00083799727,
    2.017037309501));
#11631 = CARTESIAN_POINT('',(3.5322803275,-1.022902704428,2.017037309501
    ));
#11632 = CARTESIAN_POINT('',(3.523140826523,-1.044967411585,
    2.017037309501));
#11633 = CARTESIAN_POINT('',(3.514001325546,-1.067032118743,
    2.017037309501));
#11634 = CARTESIAN_POINT('',(3.514001325546,1.067032118743,
    2.135020857149));
#11635 = CARTESIAN_POINT('',(3.523140829292,1.0449674049,2.135020857149)
  );
#11636 = CARTESIAN_POINT('',(3.532280331654,1.0229026944,2.135020857149)
  );
#11637 = CARTESIAN_POINT('',(3.541419832631,1.000837987243,
    2.135020857149));
#11638 = CARTESIAN_POINT('',(3.550559332224,0.978773283428,
    2.135020857149));
#11639 = CARTESIAN_POINT('',(3.70997823841,0.593901998977,2.135020857149
    ));
#11640 = CARTESIAN_POINT('',(3.789038746156,0.201591257513,
    2.135020857149));
#11641 = CARTESIAN_POINT('',(3.789039291386,-0.201589955698,
    2.135020857149));
#11642 = CARTESIAN_POINT('',(3.70997851584,-0.593901329202,
    2.135020857149));
#11643 = CARTESIAN_POINT('',(3.550559329455,-0.978773290113,
    2.135020857149));
#11644 = CARTESIAN_POINT('',(3.541419828478,-1.00083799727,
    2.135020857149));
#11645 = CARTESIAN_POINT('',(3.5322803275,-1.022902704428,2.135020857149
    ));
#11646 = CARTESIAN_POINT('',(3.523140826523,-1.044967411585,
    2.135020857149));
#11647 = CARTESIAN_POINT('',(3.514001325546,-1.067032118743,
    2.135020857149));
#11648 = ADVANCED_FACE('',(#11649),#11673,.F.);
#11649 = FACE_BOUND('',#11650,.F.);
#11650 = EDGE_LOOP('',(#11651,#11668,#11669,#11670,#11671,#11672));
#11651 = ORIENTED_EDGE('',*,*,#11652,.F.);
#11652 = EDGE_CURVE('',#11289,#11311,#11653,.T.);
#11653 = B_SPLINE_CURVE_WITH_KNOTS('',5,(#11654,#11655,#11656,#11657,
    #11658,#11659,#11660,#11661,#11662,#11663,#11664,#11665,#11666,
    #11667),.UNSPECIFIED.,.F.,.F.,(6,4,4,6),(-0.119413470026,
    -1.353371911203E-07,1.96349554383,2.08290869425),.UNSPECIFIED.);
#11654 = CARTESIAN_POINT('',(3.439749034566,1.036275808073,
    1.930661594627));
#11655 = CARTESIAN_POINT('',(3.449182355483,1.013501756721,
    1.930661594627));
#11656 = CARTESIAN_POINT('',(3.45846876641,0.991082377458,1.930661594627
    ));
#11657 = CARTESIAN_POINT('',(3.467608267348,0.969017670284,
    1.930661594627));
#11658 = CARTESIAN_POINT('',(3.476600858298,0.9473076352,1.930661594627)
  );
#11659 = CARTESIAN_POINT('',(3.630894753976,0.574809218729,
    1.930661594627));
#11660 = CARTESIAN_POINT('',(3.707413628123,0.195110560338,
    1.930661594627));
#11661 = CARTESIAN_POINT('',(3.707414134116,-0.1951093668,1.930661594627
    ));
#11662 = CARTESIAN_POINT('',(3.630895040325,-0.574808527422,
    1.930661594627));
#11663 = CARTESIAN_POINT('',(3.476600854533,-0.947307644289,
    1.930661594627));
#11664 = CARTESIAN_POINT('',(3.467608261701,-0.969017683918,
    1.930661594627));
#11665 = CARTESIAN_POINT('',(3.458468760763,-0.991082391091,
    1.930661594627));
#11666 = CARTESIAN_POINT('',(3.449182351718,-1.01350176581,
    1.930661594627));
#11667 = CARTESIAN_POINT('',(3.439749034566,-1.036275808073,
    1.930661594627));
#11668 = ORIENTED_EDGE('',*,*,#11385,.F.);
#11669 = ORIENTED_EDGE('',*,*,#11366,.F.);
#11670 = ORIENTED_EDGE('',*,*,#11359,.F.);
#11671 = ORIENTED_EDGE('',*,*,#11340,.F.);
#11672 = ORIENTED_EDGE('',*,*,#11329,.T.);
#11673 = SURFACE_OF_REVOLUTION('',#11674,#11679);
#11674 = CIRCLE('',#11675,0.485412195974);
#11675 = AXIS2_PLACEMENT_3D('',#11676,#11677,#11678);
#11676 = CARTESIAN_POINT('',(3.813765702719,1.061946524813,1.6));
#11677 = DIRECTION('',(-0.382683432365,0.923879532511,0.));
#11678 = DIRECTION('',(-0.523404384043,-0.216801194476,-0.824041924199)
  );
#11679 = AXIS1_PLACEMENT('',#11680,#11681);
#11680 = CARTESIAN_POINT('',(1.25,0.,0.));
#11681 = DIRECTION('',(0.,0.,-1.));
#11682 = ADVANCED_FACE('',(#11683),#11719,.T.);
#11683 = FACE_BOUND('',#11684,.T.);
#11684 = EDGE_LOOP('',(#11685,#11686,#11701,#11718));
#11685 = ORIENTED_EDGE('',*,*,#11310,.F.);
#11686 = ORIENTED_EDGE('',*,*,#11687,.F.);
#11687 = EDGE_CURVE('',#11688,#11311,#11690,.T.);
#11688 = VERTEX_POINT('',#11689);
#11689 = CARTESIAN_POINT('',(3.737468315832,-0.25,2.135020857149));
#11690 = B_SPLINE_CURVE_WITH_KNOTS('',5,(#11691,#11692,#11693,#11694,
    #11695,#11696,#11697,#11698,#11699,#11700),.UNSPECIFIED.,.F.,.F.,(6,
    4,6),(0.,0.487581797268,1.),.UNSPECIFIED.);
#11691 = CARTESIAN_POINT('',(3.737468315832,-0.25,2.135020857149));
#11692 = CARTESIAN_POINT('',(3.737468315028,-0.25,2.113553317453));
#11693 = CARTESIAN_POINT('',(3.735538837558,-0.25,2.091758529008));
#11694 = CARTESIAN_POINT('',(3.73155951924,-0.25,2.069958867183));
#11695 = CARTESIAN_POINT('',(3.725526513064,-0.25,2.048540658594));
#11696 = CARTESIAN_POINT('',(3.70920919343,-0.25,2.006097182322));
#11697 = CARTESIAN_POINT('',(3.698723912786,-0.25,1.985147071614));
#11698 = CARTESIAN_POINT('',(3.686260769607,-0.25,1.965395048007));
#11699 = CARTESIAN_POINT('',(3.672126695234,-0.25,1.947173883255));
#11700 = CARTESIAN_POINT('',(3.656679829997,-0.25,1.930661594627));
#11701 = ORIENTED_EDGE('',*,*,#11702,.T.);
#11702 = EDGE_CURVE('',#11688,#11407,#11703,.T.);
#11703 = B_SPLINE_CURVE_WITH_KNOTS('',5,(#11704,#11705,#11706,#11707,
    #11708,#11709,#11710,#11711,#11712,#11713,#11714,#11715,#11716,
    #11717),.UNSPECIFIED.,.F.,.F.,(6,4,4,6),(-0.119413470026,
    -1.353371911203E-07,1.96349554383,2.08290869425),.UNSPECIFIED.);
#11704 = CARTESIAN_POINT('',(3.514001325546,1.067032118743,
    2.135020857149));
#11705 = CARTESIAN_POINT('',(3.523140829292,1.0449674049,2.135020857149)
  );
#11706 = CARTESIAN_POINT('',(3.532280331654,1.0229026944,2.135020857149)
  );
#11707 = CARTESIAN_POINT('',(3.541419832631,1.000837987243,
    2.135020857149));
#11708 = CARTESIAN_POINT('',(3.550559332224,0.978773283428,
    2.135020857149));
#11709 = CARTESIAN_POINT('',(3.70997823841,0.593901998977,2.135020857149
    ));
#11710 = CARTESIAN_POINT('',(3.789038746156,0.201591257513,
    2.135020857149));
#11711 = CARTESIAN_POINT('',(3.789039291386,-0.201589955698,
    2.135020857149));
#11712 = CARTESIAN_POINT('',(3.70997851584,-0.593901329202,
    2.135020857149));
#11713 = CARTESIAN_POINT('',(3.550559329455,-0.978773290113,
    2.135020857149));
#11714 = CARTESIAN_POINT('',(3.541419828478,-1.00083799727,
    2.135020857149));
#11715 = CARTESIAN_POINT('',(3.5322803275,-1.022902704428,2.135020857149
    ));
#11716 = CARTESIAN_POINT('',(3.523140826523,-1.044967411585,
    2.135020857149));
#11717 = CARTESIAN_POINT('',(3.514001325546,-1.067032118743,
    2.135020857149));
#11718 = ORIENTED_EDGE('',*,*,#11406,.F.);
#11719 = ( BOUNDED_SURFACE() B_SPLINE_SURFACE(2,5,(
    (#11720,#11721,#11722,#11723,#11724,#11725,#11726,#11727,#11728
      ,#11729,#11730,#11731,#11732,#11733)
    ,(#11734,#11735,#11736,#11737,#11738,#11739,#11740,#11741,#11742
      ,#11743,#11744,#11745,#11746,#11747)
    ,(#11748,#11749,#11750,#11751,#11752,#11753,#11754,#11755,#11756
      ,#11757,#11758,#11759,#11760,#11761
)),.UNSPECIFIED.,.F.,.F.,.F.) B_SPLINE_SURFACE_WITH_KNOTS((3,3),(6,4,4,6
    ),(0.,1.963495679168),(-0.119413470026,-1.353371911203E-07,
    1.96349554383,2.08290869425),.UNSPECIFIED.) 
GEOMETRIC_REPRESENTATION_ITEM() RATIONAL_B_SPLINE_SURFACE((
    (1.,1.,1.,1.,1.,1.,1.,1.,1.,1.,1.,1.,1.,1.)
    ,(0.93061798229,0.93061798229,0.93061798229,0.93061798229
      ,0.93061798229,0.93061798229,0.93061798229,0.93061798229
      ,0.93061798229,0.93061798229,0.93061798229,0.93061798229
      ,0.93061798229,0.93061798229)
,(1.,1.,1.,1.,1.,1.,1.,1.,1.,1.,1.,1.,1.,1.
))) REPRESENTATION_ITEM('') SURFACE() );
#11720 = CARTESIAN_POINT('',(3.439749034566,1.036275808073,
    1.930661594627));
#11721 = CARTESIAN_POINT('',(3.449182355483,1.013501756721,
    1.930661594627));
#11722 = CARTESIAN_POINT('',(3.45846876641,0.991082377458,1.930661594627
    ));
#11723 = CARTESIAN_POINT('',(3.467608267348,0.969017670284,
    1.930661594627));
#11724 = CARTESIAN_POINT('',(3.476600858298,0.9473076352,1.930661594627)
  );
#11725 = CARTESIAN_POINT('',(3.630894753976,0.574809218729,
    1.930661594627));
#11726 = CARTESIAN_POINT('',(3.707413628123,0.195110560338,
    1.930661594627));
#11727 = CARTESIAN_POINT('',(3.707414134116,-0.1951093668,1.930661594627
    ));
#11728 = CARTESIAN_POINT('',(3.630895040325,-0.574808527422,
    1.930661594627));
#11729 = CARTESIAN_POINT('',(3.476600854533,-0.947307644289,
    1.930661594627));
#11730 = CARTESIAN_POINT('',(3.467608261701,-0.969017683918,
    1.930661594627));
#11731 = CARTESIAN_POINT('',(3.458468760763,-0.991082391091,
    1.930661594627));
#11732 = CARTESIAN_POINT('',(3.449182351718,-1.01350176581,
    1.930661594627));
#11733 = CARTESIAN_POINT('',(3.439749034566,-1.036275808073,
    1.930661594627));
#11734 = CARTESIAN_POINT('',(3.514001325546,1.067032118743,
    2.017037309501));
#11735 = CARTESIAN_POINT('',(3.523140829292,1.0449674049,2.017037309501)
  );
#11736 = CARTESIAN_POINT('',(3.532280331654,1.0229026944,2.017037309501)
  );
#11737 = CARTESIAN_POINT('',(3.541419832631,1.000837987243,
    2.017037309501));
#11738 = CARTESIAN_POINT('',(3.550559332224,0.978773283428,
    2.017037309501));
#11739 = CARTESIAN_POINT('',(3.70997823841,0.593901998977,2.017037309501
    ));
#11740 = CARTESIAN_POINT('',(3.789038746156,0.201591257513,
    2.017037309501));
#11741 = CARTESIAN_POINT('',(3.789039291386,-0.201589955698,
    2.017037309501));
#11742 = CARTESIAN_POINT('',(3.70997851584,-0.593901329202,
    2.017037309501));
#11743 = CARTESIAN_POINT('',(3.550559329455,-0.978773290113,
    2.017037309501));
#11744 = CARTESIAN_POINT('',(3.541419828478,-1.00083799727,
    2.017037309501));
#11745 = CARTESIAN_POINT('',(3.5322803275,-1.022902704428,2.017037309501
    ));
#11746 = CARTESIAN_POINT('',(3.523140826523,-1.044967411585,
    2.017037309501));
#11747 = CARTESIAN_POINT('',(3.514001325546,-1.067032118743,
    2.017037309501));
#11748 = CARTESIAN_POINT('',(3.514001325546,1.067032118743,
    2.135020857149));
#11749 = CARTESIAN_POINT('',(3.523140829292,1.0449674049,2.135020857149)
  );
#11750 = CARTESIAN_POINT('',(3.532280331654,1.0229026944,2.135020857149)
  );
#11751 = CARTESIAN_POINT('',(3.541419832631,1.000837987243,
    2.135020857149));
#11752 = CARTESIAN_POINT('',(3.550559332224,0.978773283428,
    2.135020857149));
#11753 = CARTESIAN_POINT('',(3.70997823841,0.593901998977,2.135020857149
    ));
#11754 = CARTESIAN_POINT('',(3.789038746156,0.201591257513,
    2.135020857149));
#11755 = CARTESIAN_POINT('',(3.789039291386,-0.201589955698,
    2.135020857149));
#11756 = CARTESIAN_POINT('',(3.70997851584,-0.593901329202,
    2.135020857149));
#11757 = CARTESIAN_POINT('',(3.550559329455,-0.978773290113,
    2.135020857149));
#11758 = CARTESIAN_POINT('',(3.541419828478,-1.00083799727,
    2.135020857149));
#11759 = CARTESIAN_POINT('',(3.5322803275,-1.022902704428,2.135020857149
    ));
#11760 = CARTESIAN_POINT('',(3.523140826523,-1.044967411585,
    2.135020857149));
#11761 = CARTESIAN_POINT('',(3.514001325546,-1.067032118743,
    2.135020857149));
#11762 = ADVANCED_FACE('',(#11763),#11789,.T.);
#11763 = FACE_BOUND('',#11764,.T.);
#11764 = EDGE_LOOP('',(#11765,#11776,#11782,#11783));
#11765 = ORIENTED_EDGE('',*,*,#11766,.T.);
#11766 = EDGE_CURVE('',#11767,#11769,#11771,.T.);
#11767 = VERTEX_POINT('',#11768);
#11768 = CARTESIAN_POINT('',(3.559698831278,-0.956708580913,4.8));
#11769 = VERTEX_POINT('',#11770);
#11770 = CARTESIAN_POINT('',(3.559698831278,0.956708580913,4.8));
#11771 = CIRCLE('',#11772,2.5);
#11772 = AXIS2_PLACEMENT_3D('',#11773,#11774,#11775);
#11773 = CARTESIAN_POINT('',(1.25,0.,4.8));
#11774 = DIRECTION('',(0.,-0.,-1.));
#11775 = DIRECTION('',(0.923879532511,-0.382683432365,0.));
#11776 = ORIENTED_EDGE('',*,*,#11777,.F.);
#11777 = EDGE_CURVE('',#11422,#11769,#11778,.T.);
#11778 = LINE('',#11779,#11780);
#11779 = CARTESIAN_POINT('',(3.559698831278,0.956708580913,2.));
#11780 = VECTOR('',#11781,1.);
#11781 = DIRECTION('',(0.,0.,1.));
#11782 = ORIENTED_EDGE('',*,*,#11421,.F.);
#11783 = ORIENTED_EDGE('',*,*,#11784,.T.);
#11784 = EDGE_CURVE('',#11407,#11767,#11785,.T.);
#11785 = LINE('',#11786,#11787);
#11786 = CARTESIAN_POINT('',(3.559698831278,-0.956708580913,2.));
#11787 = VECTOR('',#11788,1.);
#11788 = DIRECTION('',(0.,0.,1.));
#11789 = CYLINDRICAL_SURFACE('',#11790,2.5);
#11790 = AXIS2_PLACEMENT_3D('',#11791,#11792,#11793);
#11791 = CARTESIAN_POINT('',(1.25,0.,2.));
#11792 = DIRECTION('',(0.,0.,1.));
#11793 = DIRECTION('',(0.923879532511,-0.382683432365,0.));
#11794 = ADVANCED_FACE('',(#11795),#11817,.T.);
#11795 = FACE_BOUND('',#11796,.T.);
#11796 = EDGE_LOOP('',(#11797,#11798,#11799,#11816));
#11797 = ORIENTED_EDGE('',*,*,#11652,.F.);
#11798 = ORIENTED_EDGE('',*,*,#11593,.F.);
#11799 = ORIENTED_EDGE('',*,*,#11800,.T.);
#11800 = EDGE_CURVE('',#11575,#11688,#11801,.T.);
#11801 = B_SPLINE_CURVE_WITH_KNOTS('',5,(#11802,#11803,#11804,#11805,
    #11806,#11807,#11808,#11809,#11810,#11811,#11812,#11813,#11814,
    #11815),.UNSPECIFIED.,.F.,.F.,(6,4,4,6),(-0.119413470026,
    -1.353371911203E-07,1.96349554383,2.08290869425),.UNSPECIFIED.);
#11802 = CARTESIAN_POINT('',(3.514001325546,1.067032118743,
    2.135020857149));
#11803 = CARTESIAN_POINT('',(3.523140829292,1.0449674049,2.135020857149)
  );
#11804 = CARTESIAN_POINT('',(3.532280331654,1.0229026944,2.135020857149)
  );
#11805 = CARTESIAN_POINT('',(3.541419832631,1.000837987243,
    2.135020857149));
#11806 = CARTESIAN_POINT('',(3.550559332224,0.978773283428,
    2.135020857149));
#11807 = CARTESIAN_POINT('',(3.70997823841,0.593901998977,2.135020857149
    ));
#11808 = CARTESIAN_POINT('',(3.789038746156,0.201591257513,
    2.135020857149));
#11809 = CARTESIAN_POINT('',(3.789039291386,-0.201589955698,
    2.135020857149));
#11810 = CARTESIAN_POINT('',(3.70997851584,-0.593901329202,
    2.135020857149));
#11811 = CARTESIAN_POINT('',(3.550559329455,-0.978773290113,
    2.135020857149));
#11812 = CARTESIAN_POINT('',(3.541419828478,-1.00083799727,
    2.135020857149));
#11813 = CARTESIAN_POINT('',(3.5322803275,-1.022902704428,2.135020857149
    ));
#11814 = CARTESIAN_POINT('',(3.523140826523,-1.044967411585,
    2.135020857149));
#11815 = CARTESIAN_POINT('',(3.514001325546,-1.067032118743,
    2.135020857149));
#11816 = ORIENTED_EDGE('',*,*,#11687,.T.);
#11817 = ( BOUNDED_SURFACE() B_SPLINE_SURFACE(2,5,(
    (#11818,#11819,#11820,#11821,#11822,#11823,#11824,#11825,#11826
      ,#11827,#11828,#11829,#11830,#11831)
    ,(#11832,#11833,#11834,#11835,#11836,#11837,#11838,#11839,#11840
      ,#11841,#11842,#11843,#11844,#11845)
    ,(#11846,#11847,#11848,#11849,#11850,#11851,#11852,#11853,#11854
      ,#11855,#11856,#11857,#11858,#11859
)),.UNSPECIFIED.,.F.,.F.,.F.) B_SPLINE_SURFACE_WITH_KNOTS((3,3),(6,4,4,6
    ),(0.,1.963495679168),(-0.119413470026,-1.353371911203E-07,
    1.96349554383,2.08290869425),.UNSPECIFIED.) 
GEOMETRIC_REPRESENTATION_ITEM() RATIONAL_B_SPLINE_SURFACE((
    (1.,1.,1.,1.,1.,1.,1.,1.,1.,1.,1.,1.,1.,1.)
    ,(0.93061798229,0.93061798229,0.93061798229,0.93061798229
      ,0.93061798229,0.93061798229,0.93061798229,0.93061798229
      ,0.93061798229,0.93061798229,0.93061798229,0.93061798229
      ,0.93061798229,0.93061798229)
,(1.,1.,1.,1.,1.,1.,1.,1.,1.,1.,1.,1.,1.,1.
))) REPRESENTATION_ITEM('') SURFACE() );
#11818 = CARTESIAN_POINT('',(3.439749034566,1.036275808073,
    1.930661594627));
#11819 = CARTESIAN_POINT('',(3.449182355483,1.013501756721,
    1.930661594627));
#11820 = CARTESIAN_POINT('',(3.45846876641,0.991082377458,1.930661594627
    ));
#11821 = CARTESIAN_POINT('',(3.467608267348,0.969017670284,
    1.930661594627));
#11822 = CARTESIAN_POINT('',(3.476600858298,0.9473076352,1.930661594627)
  );
#11823 = CARTESIAN_POINT('',(3.630894753976,0.574809218729,
    1.930661594627));
#11824 = CARTESIAN_POINT('',(3.707413628123,0.195110560338,
    1.930661594627));
#11825 = CARTESIAN_POINT('',(3.707414134116,-0.1951093668,1.930661594627
    ));
#11826 = CARTESIAN_POINT('',(3.630895040325,-0.574808527422,
    1.930661594627));
#11827 = CARTESIAN_POINT('',(3.476600854533,-0.947307644289,
    1.930661594627));
#11828 = CARTESIAN_POINT('',(3.467608261701,-0.969017683918,
    1.930661594627));
#11829 = CARTESIAN_POINT('',(3.458468760763,-0.991082391091,
    1.930661594627));
#11830 = CARTESIAN_POINT('',(3.449182351718,-1.01350176581,
    1.930661594627));
#11831 = CARTESIAN_POINT('',(3.439749034566,-1.036275808073,
    1.930661594627));
#11832 = CARTESIAN_POINT('',(3.514001325546,1.067032118743,
    2.017037309501));
#11833 = CARTESIAN_POINT('',(3.523140829292,1.0449674049,2.017037309501)
  );
#11834 = CARTESIAN_POINT('',(3.532280331654,1.0229026944,2.017037309501)
  );
#11835 = CARTESIAN_POINT('',(3.541419832631,1.000837987243,
    2.017037309501));
#11836 = CARTESIAN_POINT('',(3.550559332224,0.978773283428,
    2.017037309501));
#11837 = CARTESIAN_POINT('',(3.70997823841,0.593901998977,2.017037309501
    ));
#11838 = CARTESIAN_POINT('',(3.789038746156,0.201591257513,
    2.017037309501));
#11839 = CARTESIAN_POINT('',(3.789039291386,-0.201589955698,
    2.017037309501));
#11840 = CARTESIAN_POINT('',(3.70997851584,-0.593901329202,
    2.017037309501));
#11841 = CARTESIAN_POINT('',(3.550559329455,-0.978773290113,
    2.017037309501));
#11842 = CARTESIAN_POINT('',(3.541419828478,-1.00083799727,
    2.017037309501));
#11843 = CARTESIAN_POINT('',(3.5322803275,-1.022902704428,2.017037309501
    ));
#11844 = CARTESIAN_POINT('',(3.523140826523,-1.044967411585,
    2.017037309501));
#11845 = CARTESIAN_POINT('',(3.514001325546,-1.067032118743,
    2.017037309501));
#11846 = CARTESIAN_POINT('',(3.514001325546,1.067032118743,
    2.135020857149));
#11847 = CARTESIAN_POINT('',(3.523140829292,1.0449674049,2.135020857149)
  );
#11848 = CARTESIAN_POINT('',(3.532280331654,1.0229026944,2.135020857149)
  );
#11849 = CARTESIAN_POINT('',(3.541419832631,1.000837987243,
    2.135020857149));
#11850 = CARTESIAN_POINT('',(3.550559332224,0.978773283428,
    2.135020857149));
#11851 = CARTESIAN_POINT('',(3.70997823841,0.593901998977,2.135020857149
    ));
#11852 = CARTESIAN_POINT('',(3.789038746156,0.201591257513,
    2.135020857149));
#11853 = CARTESIAN_POINT('',(3.789039291386,-0.201589955698,
    2.135020857149));
#11854 = CARTESIAN_POINT('',(3.70997851584,-0.593901329202,
    2.135020857149));
#11855 = CARTESIAN_POINT('',(3.550559329455,-0.978773290113,
    2.135020857149));
#11856 = CARTESIAN_POINT('',(3.541419828478,-1.00083799727,
    2.135020857149));
#11857 = CARTESIAN_POINT('',(3.5322803275,-1.022902704428,2.135020857149
    ));
#11858 = CARTESIAN_POINT('',(3.523140826523,-1.044967411585,
    2.135020857149));
#11859 = CARTESIAN_POINT('',(3.514001325546,-1.067032118743,
    2.135020857149));
#11860 = ADVANCED_FACE('',(#11861),#11932,.T.);
#11861 = FACE_BOUND('',#11862,.T.);
#11862 = EDGE_LOOP('',(#11863,#11870,#11871,#11872,#11880,#11894,#11903,
    #11917,#11924,#11930,#11931));
#11863 = ORIENTED_EDGE('',*,*,#11864,.T.);
#11864 = EDGE_CURVE('',#11769,#11767,#11865,.T.);
#11865 = CIRCLE('',#11866,2.5);
#11866 = AXIS2_PLACEMENT_3D('',#11867,#11868,#11869);
#11867 = CARTESIAN_POINT('',(1.25,0.,4.8));
#11868 = DIRECTION('',(0.,0.,-1.));
#11869 = DIRECTION('',(0.923879532511,0.382683432365,0.));
#11870 = ORIENTED_EDGE('',*,*,#11784,.F.);
#11871 = ORIENTED_EDGE('',*,*,#11702,.F.);
#11872 = ORIENTED_EDGE('',*,*,#11873,.T.);
#11873 = EDGE_CURVE('',#11688,#11874,#11876,.T.);
#11874 = VERTEX_POINT('',#11875);
#11875 = CARTESIAN_POINT('',(3.737468592767,-0.25,3.251));
#11876 = LINE('',#11877,#11878);
#11877 = CARTESIAN_POINT('',(3.737468592767,-0.25,2.));
#11878 = VECTOR('',#11879,1.);
#11879 = DIRECTION('',(0.,0.,1.));
#11880 = ORIENTED_EDGE('',*,*,#11881,.F.);
#11881 = EDGE_CURVE('',#11882,#11874,#11884,.T.);
#11882 = VERTEX_POINT('',#11883);
#11883 = CARTESIAN_POINT('',(3.7499998,-1.E-03,3.5));
#11884 = B_SPLINE_CURVE_WITH_KNOTS('',8,(#11885,#11886,#11887,#11888,
    #11889,#11890,#11891,#11892,#11893),.UNSPECIFIED.,.F.,.F.,(9,9),(0.,
    1.),.PIECEWISE_BEZIER_KNOTS.);
#11885 = CARTESIAN_POINT('',(3.7499998,-1.E-03,3.5));
#11886 = CARTESIAN_POINT('',(3.749978617055,-5.395735907235E-02,3.5));
#11887 = CARTESIAN_POINT('',(3.748676082177,-0.104950526163,
    3.487127296357));
#11888 = CARTESIAN_POINT('',(3.746260480392,-0.151000424553,
    3.46305838894));
#11889 = CARTESIAN_POINT('',(3.743287896111,-0.189937008149,
    3.429686411631));
#11890 = CARTESIAN_POINT('',(3.74048081622,-0.220024282271,
    3.389249497325));
#11891 = CARTESIAN_POINT('',(3.738453332589,-0.240202972637,
    3.344185621158));
#11892 = CARTESIAN_POINT('',(3.737468592767,-0.25,3.297202715395));
#11893 = CARTESIAN_POINT('',(3.737468592767,-0.25,3.251));
#11894 = ORIENTED_EDGE('',*,*,#11895,.T.);
#11895 = EDGE_CURVE('',#11882,#11896,#11898,.T.);
#11896 = VERTEX_POINT('',#11897);
#11897 = CARTESIAN_POINT('',(3.7499998,9.999999999997E-04,3.5));
#11898 = CIRCLE('',#11899,2.5);
#11899 = AXIS2_PLACEMENT_3D('',#11900,#11901,#11902);
#11900 = CARTESIAN_POINT('',(1.25,0.,3.5));
#11901 = DIRECTION('',(0.,-0.,1.));
#11902 = DIRECTION('',(0.923879532511,0.382683432365,0.));
#11903 = ORIENTED_EDGE('',*,*,#11904,.F.);
#11904 = EDGE_CURVE('',#11905,#11896,#11907,.T.);
#11905 = VERTEX_POINT('',#11906);
#11906 = CARTESIAN_POINT('',(3.737468622767,0.249999701504,
    3.251385552896));
#11907 = B_SPLINE_CURVE_WITH_KNOTS('',8,(#11908,#11909,#11910,#11911,
    #11912,#11913,#11914,#11915,#11916),.UNSPECIFIED.,.F.,.F.,(9,9),(0.,
    1.),.PIECEWISE_BEZIER_KNOTS.);
#11908 = CARTESIAN_POINT('',(3.737468622767,0.249999701504,
    3.251385552896));
#11909 = CARTESIAN_POINT('',(3.737475806375,0.249928225413,
    3.297546599758));
#11910 = CARTESIAN_POINT('',(3.738466071569,0.240076163387,
    3.344468713965));
#11911 = CARTESIAN_POINT('',(3.740495528585,0.21986657353,3.389460295011
    ));
#11912 = CARTESIAN_POINT('',(3.743300225575,0.189774954381,
    3.429823601109));
#11913 = CARTESIAN_POINT('',(3.746267732898,0.150859143254,
    3.463130702916));
#11914 = CARTESIAN_POINT('',(3.74867859983,0.104848949188,3.487152152151
    ));
#11915 = CARTESIAN_POINT('',(3.749978637521,5.390619388061E-02,3.5));
#11916 = CARTESIAN_POINT('',(3.7499998,1.E-03,3.5));
#11917 = ORIENTED_EDGE('',*,*,#11918,.F.);
#11918 = EDGE_CURVE('',#11919,#11905,#11921,.T.);
#11919 = VERTEX_POINT('',#11920);
#11920 = CARTESIAN_POINT('',(3.737468592767,0.25,3.251));
#11921 = B_SPLINE_CURVE_WITH_KNOTS('',1,(#11922,#11923),.UNSPECIFIED.,
  .F.,.F.,(2,2),(0.,1.),.PIECEWISE_BEZIER_KNOTS.);
#11922 = CARTESIAN_POINT('',(3.737468592767,0.25,3.251));
#11923 = CARTESIAN_POINT('',(3.737468622767,0.249999701504,
    3.251385552896));
#11924 = ORIENTED_EDGE('',*,*,#11925,.F.);
#11925 = EDGE_CURVE('',#11575,#11919,#11926,.T.);
#11926 = LINE('',#11927,#11928);
#11927 = CARTESIAN_POINT('',(3.737468592767,0.25,2.));
#11928 = VECTOR('',#11929,1.);
#11929 = DIRECTION('',(0.,0.,1.));
#11930 = ORIENTED_EDGE('',*,*,#11574,.F.);
#11931 = ORIENTED_EDGE('',*,*,#11777,.T.);
#11932 = CYLINDRICAL_SURFACE('',#11933,2.5);
#11933 = AXIS2_PLACEMENT_3D('',#11934,#11935,#11936);
#11934 = CARTESIAN_POINT('',(1.25,0.,2.));
#11935 = DIRECTION('',(0.,0.,1.));
#11936 = DIRECTION('',(0.923879532511,0.382683432365,-0.));
#11937 = ADVANCED_FACE('',(#11938),#11966,.T.);
#11938 = FACE_BOUND('',#11939,.T.);
#11939 = EDGE_LOOP('',(#11940,#11949,#11958,#11965));
#11940 = ORIENTED_EDGE('',*,*,#11941,.T.);
#11941 = EDGE_CURVE('',#11767,#11942,#11944,.T.);
#11942 = VERTEX_POINT('',#11943);
#11943 = CARTESIAN_POINT('',(3.374922924776,-0.88017189444,5.));
#11944 = CIRCLE('',#11945,0.2);
#11945 = AXIS2_PLACEMENT_3D('',#11946,#11947,#11948);
#11946 = CARTESIAN_POINT('',(3.374922924776,-0.88017189444,4.8));
#11947 = DIRECTION('',(-0.382683432365,-0.923879532511,0.));
#11948 = DIRECTION('',(0.923879532511,-0.382683432365,
    -4.440892098502E-15));
#11949 = ORIENTED_EDGE('',*,*,#11950,.T.);
#11950 = EDGE_CURVE('',#11942,#11951,#11953,.T.);
#11951 = VERTEX_POINT('',#11952);
#11952 = CARTESIAN_POINT('',(3.374922924776,0.88017189444,5.));
#11953 = CIRCLE('',#11954,2.3);
#11954 = AXIS2_PLACEMENT_3D('',#11955,#11956,#11957);
#11955 = CARTESIAN_POINT('',(1.25,0.,5.));
#11956 = DIRECTION('',(0.,-0.,-1.));
#11957 = DIRECTION('',(0.923879532511,-0.382683432365,0.));
#11958 = ORIENTED_EDGE('',*,*,#11959,.F.);
#11959 = EDGE_CURVE('',#11769,#11951,#11960,.T.);
#11960 = CIRCLE('',#11961,0.2);
#11961 = AXIS2_PLACEMENT_3D('',#11962,#11963,#11964);
#11962 = CARTESIAN_POINT('',(3.374922924776,0.88017189444,4.8));
#11963 = DIRECTION('',(0.382683432365,-0.923879532511,0.));
#11964 = DIRECTION('',(0.923879532511,0.382683432365,-4.440892098502E-15
    ));
#11965 = ORIENTED_EDGE('',*,*,#11766,.F.);
#11966 = TOROIDAL_SURFACE('',#11967,2.3,0.2);
#11967 = AXIS2_PLACEMENT_3D('',#11968,#11969,#11970);
#11968 = CARTESIAN_POINT('',(1.25,0.,4.8));
#11969 = DIRECTION('',(0.,0.,1.));
#11970 = DIRECTION('',(0.923879532511,-0.382683432365,0.));
#11971 = ADVANCED_FACE('',(#11972),#11981,.T.);
#11972 = FACE_BOUND('',#11973,.T.);
#11973 = EDGE_LOOP('',(#11974,#11975,#11976,#11977,#11978,#11979,#11980)
  );
#11974 = ORIENTED_EDGE('',*,*,#11918,.T.);
#11975 = ORIENTED_EDGE('',*,*,#11904,.T.);
#11976 = ORIENTED_EDGE('',*,*,#11895,.F.);
#11977 = ORIENTED_EDGE('',*,*,#11881,.T.);
#11978 = ORIENTED_EDGE('',*,*,#11873,.F.);
#11979 = ORIENTED_EDGE('',*,*,#11800,.F.);
#11980 = ORIENTED_EDGE('',*,*,#11925,.T.);
#11981 = CYLINDRICAL_SURFACE('',#11982,2.5);
#11982 = AXIS2_PLACEMENT_3D('',#11983,#11984,#11985);
#11983 = CARTESIAN_POINT('',(1.25,0.,2.));
#11984 = DIRECTION('',(0.,0.,1.));
#11985 = DIRECTION('',(0.923879532511,0.382683432365,-0.));
#11986 = ADVANCED_FACE('',(#11987),#11999,.T.);
#11987 = FACE_BOUND('',#11988,.T.);
#11988 = EDGE_LOOP('',(#11989,#11990,#11997,#11998));
#11989 = ORIENTED_EDGE('',*,*,#11959,.T.);
#11990 = ORIENTED_EDGE('',*,*,#11991,.T.);
#11991 = EDGE_CURVE('',#11951,#11942,#11992,.T.);
#11992 = CIRCLE('',#11993,2.3);
#11993 = AXIS2_PLACEMENT_3D('',#11994,#11995,#11996);
#11994 = CARTESIAN_POINT('',(1.25,0.,5.));
#11995 = DIRECTION('',(0.,0.,-1.));
#11996 = DIRECTION('',(0.923879532511,0.382683432365,0.));
#11997 = ORIENTED_EDGE('',*,*,#11941,.F.);
#11998 = ORIENTED_EDGE('',*,*,#11864,.F.);
#11999 = TOROIDAL_SURFACE('',#12000,2.3,0.2);
#12000 = AXIS2_PLACEMENT_3D('',#12001,#12002,#12003);
#12001 = CARTESIAN_POINT('',(1.25,0.,4.8));
#12002 = DIRECTION('',(0.,0.,1.));
#12003 = DIRECTION('',(0.923879532511,0.382683432365,-0.));
#12004 = ADVANCED_FACE('',(#12005),#12031,.F.);
#12005 = FACE_BOUND('',#12006,.F.);
#12006 = EDGE_LOOP('',(#12007,#12008,#12016,#12025));
#12007 = ORIENTED_EDGE('',*,*,#11950,.T.);
#12008 = ORIENTED_EDGE('',*,*,#12009,.T.);
#12009 = EDGE_CURVE('',#11951,#12010,#12012,.T.);
#12010 = VERTEX_POINT('',#12011);
#12011 = CARTESIAN_POINT('',(2.866789181895,0.669696006639,5.));
#12012 = LINE('',#12013,#12014);
#12013 = CARTESIAN_POINT('',(3.374922924776,0.88017189444,5.));
#12014 = VECTOR('',#12015,1.);
#12015 = DIRECTION('',(-0.923879532511,-0.382683432365,0.));
#12016 = ORIENTED_EDGE('',*,*,#12017,.F.);
#12017 = EDGE_CURVE('',#12018,#12010,#12020,.T.);
#12018 = VERTEX_POINT('',#12019);
#12019 = CARTESIAN_POINT('',(2.866789181895,-0.669696006639,5.));
#12020 = CIRCLE('',#12021,1.75);
#12021 = AXIS2_PLACEMENT_3D('',#12022,#12023,#12024);
#12022 = CARTESIAN_POINT('',(1.25,0.,5.));
#12023 = DIRECTION('',(0.,-0.,-1.));
#12024 = DIRECTION('',(0.923879532511,-0.382683432365,0.));
#12025 = ORIENTED_EDGE('',*,*,#12026,.F.);
#12026 = EDGE_CURVE('',#11942,#12018,#12027,.T.);
#12027 = LINE('',#12028,#12029);
#12028 = CARTESIAN_POINT('',(3.374922924776,-0.88017189444,5.));
#12029 = VECTOR('',#12030,1.);
#12030 = DIRECTION('',(-0.923879532511,0.382683432365,0.));
#12031 = PLANE('',#12032);
#12032 = AXIS2_PLACEMENT_3D('',#12033,#12034,#12035);
#12033 = CARTESIAN_POINT('',(1.25,0.,5.));
#12034 = DIRECTION('',(0.,0.,-1.));
#12035 = DIRECTION('',(0.923879532511,-0.382683432365,0.));
#12036 = ADVANCED_FACE('',(#12037),#12049,.F.);
#12037 = FACE_BOUND('',#12038,.F.);
#12038 = EDGE_LOOP('',(#12039,#12040,#12041,#12048));
#12039 = ORIENTED_EDGE('',*,*,#11991,.T.);
#12040 = ORIENTED_EDGE('',*,*,#12026,.T.);
#12041 = ORIENTED_EDGE('',*,*,#12042,.F.);
#12042 = EDGE_CURVE('',#12010,#12018,#12043,.T.);
#12043 = CIRCLE('',#12044,1.75);
#12044 = AXIS2_PLACEMENT_3D('',#12045,#12046,#12047);
#12045 = CARTESIAN_POINT('',(1.25,0.,5.));
#12046 = DIRECTION('',(0.,0.,-1.));
#12047 = DIRECTION('',(0.923879532511,0.382683432365,0.));
#12048 = ORIENTED_EDGE('',*,*,#12009,.F.);
#12049 = PLANE('',#12050);
#12050 = AXIS2_PLACEMENT_3D('',#12051,#12052,#12053);
#12051 = CARTESIAN_POINT('',(1.25,0.,5.));
#12052 = DIRECTION('',(0.,0.,-1.));
#12053 = DIRECTION('',(0.923879532511,0.382683432365,0.));
#12054 = ADVANCED_FACE('',(#12055),#12192,.F.);
#12055 = FACE_BOUND('',#12056,.F.);
#12056 = EDGE_LOOP('',(#12057,#12065,#12066,#12074,#12083,#12091,#12100,
    #12108,#12117,#12125,#12134,#12143,#12151,#12160,#12168,#12177,
    #12185));
#12057 = ORIENTED_EDGE('',*,*,#12058,.F.);
#12058 = EDGE_CURVE('',#12018,#12059,#12061,.T.);
#12059 = VERTEX_POINT('',#12060);
#12060 = CARTESIAN_POINT('',(2.866789181895,-0.669696006639,4.9));
#12061 = LINE('',#12062,#12063);
#12062 = CARTESIAN_POINT('',(2.866789181895,-0.669696006639,5.));
#12063 = VECTOR('',#12064,1.);
#12064 = DIRECTION('',(0.,0.,-1.));
#12065 = ORIENTED_EDGE('',*,*,#12017,.T.);
#12066 = ORIENTED_EDGE('',*,*,#12067,.T.);
#12067 = EDGE_CURVE('',#12010,#12068,#12070,.T.);
#12068 = VERTEX_POINT('',#12069);
#12069 = CARTESIAN_POINT('',(2.866789181895,0.669696006639,4.9));
#12070 = LINE('',#12071,#12072);
#12071 = CARTESIAN_POINT('',(2.866789181895,0.669696006639,5.));
#12072 = VECTOR('',#12073,1.);
#12073 = DIRECTION('',(0.,0.,-1.));
#12074 = ORIENTED_EDGE('',*,*,#12075,.T.);
#12075 = EDGE_CURVE('',#12068,#12076,#12078,.T.);
#12076 = VERTEX_POINT('',#12077);
#12077 = CARTESIAN_POINT('',(1.3,1.749285568454,4.9));
#12078 = CIRCLE('',#12079,1.75);
#12079 = AXIS2_PLACEMENT_3D('',#12080,#12081,#12082);
#12080 = CARTESIAN_POINT('',(1.25,0.,4.9));
#12081 = DIRECTION('',(0.,0.,1.));
#12082 = DIRECTION('',(-1.,1.224646799147E-16,0.));
#12083 = ORIENTED_EDGE('',*,*,#12084,.T.);
#12084 = EDGE_CURVE('',#12076,#12085,#12087,.T.);
#12085 = VERTEX_POINT('',#12086);
#12086 = CARTESIAN_POINT('',(1.3,1.749285568454,4.8));
#12087 = LINE('',#12088,#12089);
#12088 = CARTESIAN_POINT('',(1.3,1.749285568454,4.7));
#12089 = VECTOR('',#12090,1.);
#12090 = DIRECTION('',(0.,0.,-1.));
#12091 = ORIENTED_EDGE('',*,*,#12092,.F.);
#12092 = EDGE_CURVE('',#12093,#12085,#12095,.T.);
#12093 = VERTEX_POINT('',#12094);
#12094 = CARTESIAN_POINT('',(1.2,1.749285568454,4.8));
#12095 = CIRCLE('',#12096,1.75);
#12096 = AXIS2_PLACEMENT_3D('',#12097,#12098,#12099);
#12097 = CARTESIAN_POINT('',(1.25,0.,4.8));
#12098 = DIRECTION('',(0.,0.,-1.));
#12099 = DIRECTION('',(-1.,1.224646799147E-16,0.));
#12100 = ORIENTED_EDGE('',*,*,#12101,.F.);
#12101 = EDGE_CURVE('',#12102,#12093,#12104,.T.);
#12102 = VERTEX_POINT('',#12103);
#12103 = CARTESIAN_POINT('',(1.2,1.749285568454,4.9));
#12104 = LINE('',#12105,#12106);
#12105 = CARTESIAN_POINT('',(1.2,1.749285568454,4.7));
#12106 = VECTOR('',#12107,1.);
#12107 = DIRECTION('',(0.,0.,-1.));
#12108 = ORIENTED_EDGE('',*,*,#12109,.T.);
#12109 = EDGE_CURVE('',#12102,#12110,#12112,.T.);
#12110 = VERTEX_POINT('',#12111);
#12111 = CARTESIAN_POINT('',(-0.499285568454,5.000000000002E-02,4.9));
#12112 = CIRCLE('',#12113,1.75);
#12113 = AXIS2_PLACEMENT_3D('',#12114,#12115,#12116);
#12114 = CARTESIAN_POINT('',(1.25,0.,4.9));
#12115 = DIRECTION('',(0.,0.,1.));
#12116 = DIRECTION('',(-1.,1.224646799147E-16,0.));
#12117 = ORIENTED_EDGE('',*,*,#12118,.T.);
#12118 = EDGE_CURVE('',#12110,#12119,#12121,.T.);
#12119 = VERTEX_POINT('',#12120);
#12120 = CARTESIAN_POINT('',(-0.499285568454,5.E-02,4.8));
#12121 = LINE('',#12122,#12123);
#12122 = CARTESIAN_POINT('',(-0.499285568454,5.E-02,4.7));
#12123 = VECTOR('',#12124,1.);
#12124 = DIRECTION('',(0.,0.,-1.));
#12125 = ORIENTED_EDGE('',*,*,#12126,.F.);
#12126 = EDGE_CURVE('',#12127,#12119,#12129,.T.);
#12127 = VERTEX_POINT('',#12128);
#12128 = CARTESIAN_POINT('',(-0.5,2.143131898508E-16,4.8));
#12129 = CIRCLE('',#12130,1.75);
#12130 = AXIS2_PLACEMENT_3D('',#12131,#12132,#12133);
#12131 = CARTESIAN_POINT('',(1.25,0.,4.8));
#12132 = DIRECTION('',(0.,0.,-1.));
#12133 = DIRECTION('',(-1.,1.224646799147E-16,0.));
#12134 = ORIENTED_EDGE('',*,*,#12135,.F.);
#12135 = EDGE_CURVE('',#12136,#12127,#12138,.T.);
#12136 = VERTEX_POINT('',#12137);
#12137 = CARTESIAN_POINT('',(-0.499285568454,-5.E-02,4.8));
#12138 = CIRCLE('',#12139,1.75);
#12139 = AXIS2_PLACEMENT_3D('',#12140,#12141,#12142);
#12140 = CARTESIAN_POINT('',(1.25,0.,4.8));
#12141 = DIRECTION('',(0.,0.,-1.));
#12142 = DIRECTION('',(-1.,1.224646799147E-16,0.));
#12143 = ORIENTED_EDGE('',*,*,#12144,.F.);
#12144 = EDGE_CURVE('',#12145,#12136,#12147,.T.);
#12145 = VERTEX_POINT('',#12146);
#12146 = CARTESIAN_POINT('',(-0.499285568454,-5.000000000002E-02,4.9));
#12147 = LINE('',#12148,#12149);
#12148 = CARTESIAN_POINT('',(-0.499285568454,-5.E-02,4.7));
#12149 = VECTOR('',#12150,1.);
#12150 = DIRECTION('',(0.,0.,-1.));
#12151 = ORIENTED_EDGE('',*,*,#12152,.T.);
#12152 = EDGE_CURVE('',#12145,#12153,#12155,.T.);
#12153 = VERTEX_POINT('',#12154);
#12154 = CARTESIAN_POINT('',(1.2,-1.749285568454,4.9));
#12155 = CIRCLE('',#12156,1.75);
#12156 = AXIS2_PLACEMENT_3D('',#12157,#12158,#12159);
#12157 = CARTESIAN_POINT('',(1.25,0.,4.9));
#12158 = DIRECTION('',(0.,0.,1.));
#12159 = DIRECTION('',(-1.,1.224646799147E-16,0.));
#12160 = ORIENTED_EDGE('',*,*,#12161,.T.);
#12161 = EDGE_CURVE('',#12153,#12162,#12164,.T.);
#12162 = VERTEX_POINT('',#12163);
#12163 = CARTESIAN_POINT('',(1.2,-1.749285568454,4.8));
#12164 = LINE('',#12165,#12166);
#12165 = CARTESIAN_POINT('',(1.2,-1.749285568454,4.7));
#12166 = VECTOR('',#12167,1.);
#12167 = DIRECTION('',(0.,0.,-1.));
#12168 = ORIENTED_EDGE('',*,*,#12169,.F.);
#12169 = EDGE_CURVE('',#12170,#12162,#12172,.T.);
#12170 = VERTEX_POINT('',#12171);
#12171 = CARTESIAN_POINT('',(1.3,-1.749285568454,4.8));
#12172 = CIRCLE('',#12173,1.75);
#12173 = AXIS2_PLACEMENT_3D('',#12174,#12175,#12176);
#12174 = CARTESIAN_POINT('',(1.25,0.,4.8));
#12175 = DIRECTION('',(0.,0.,-1.));
#12176 = DIRECTION('',(-1.,1.224646799147E-16,0.));
#12177 = ORIENTED_EDGE('',*,*,#12178,.F.);
#12178 = EDGE_CURVE('',#12179,#12170,#12181,.T.);
#12179 = VERTEX_POINT('',#12180);
#12180 = CARTESIAN_POINT('',(1.3,-1.749285568454,4.9));
#12181 = LINE('',#12182,#12183);
#12182 = CARTESIAN_POINT('',(1.3,-1.749285568454,4.7));
#12183 = VECTOR('',#12184,1.);
#12184 = DIRECTION('',(0.,0.,-1.));
#12185 = ORIENTED_EDGE('',*,*,#12186,.T.);
#12186 = EDGE_CURVE('',#12179,#12059,#12187,.T.);
#12187 = CIRCLE('',#12188,1.75);
#12188 = AXIS2_PLACEMENT_3D('',#12189,#12190,#12191);
#12189 = CARTESIAN_POINT('',(1.25,0.,4.9));
#12190 = DIRECTION('',(0.,0.,1.));
#12191 = DIRECTION('',(-1.,1.224646799147E-16,0.));
#12192 = CYLINDRICAL_SURFACE('',#12193,1.75);
#12193 = AXIS2_PLACEMENT_3D('',#12194,#12195,#12196);
#12194 = CARTESIAN_POINT('',(1.25,0.,5.));
#12195 = DIRECTION('',(0.,0.,-1.));
#12196 = DIRECTION('',(0.923879532511,-0.382683432365,0.));
#12197 = ADVANCED_FACE('',(#12198),#12244,.F.);
#12198 = FACE_BOUND('',#12199,.F.);
#12199 = EDGE_LOOP('',(#12200,#12201,#12202,#12203,#12212,#12220,#12229,
    #12237));
#12200 = ORIENTED_EDGE('',*,*,#12067,.F.);
#12201 = ORIENTED_EDGE('',*,*,#12042,.T.);
#12202 = ORIENTED_EDGE('',*,*,#12058,.T.);
#12203 = ORIENTED_EDGE('',*,*,#12204,.T.);
#12204 = EDGE_CURVE('',#12059,#12205,#12207,.T.);
#12205 = VERTEX_POINT('',#12206);
#12206 = CARTESIAN_POINT('',(2.999285568454,-4.999999999996E-02,4.9));
#12207 = CIRCLE('',#12208,1.75);
#12208 = AXIS2_PLACEMENT_3D('',#12209,#12210,#12211);
#12209 = CARTESIAN_POINT('',(1.25,0.,4.9));
#12210 = DIRECTION('',(0.,0.,1.));
#12211 = DIRECTION('',(-1.,1.224646799147E-16,0.));
#12212 = ORIENTED_EDGE('',*,*,#12213,.T.);
#12213 = EDGE_CURVE('',#12205,#12214,#12216,.T.);
#12214 = VERTEX_POINT('',#12215);
#12215 = CARTESIAN_POINT('',(2.999285568454,-5.E-02,4.8));
#12216 = LINE('',#12217,#12218);
#12217 = CARTESIAN_POINT('',(2.999285568454,-5.E-02,4.7));
#12218 = VECTOR('',#12219,1.);
#12219 = DIRECTION('',(0.,0.,-1.));
#12220 = ORIENTED_EDGE('',*,*,#12221,.F.);
#12221 = EDGE_CURVE('',#12222,#12214,#12224,.T.);
#12222 = VERTEX_POINT('',#12223);
#12223 = CARTESIAN_POINT('',(2.999285568454,5.E-02,4.8));
#12224 = CIRCLE('',#12225,1.75);
#12225 = AXIS2_PLACEMENT_3D('',#12226,#12227,#12228);
#12226 = CARTESIAN_POINT('',(1.25,0.,4.8));
#12227 = DIRECTION('',(0.,0.,-1.));
#12228 = DIRECTION('',(-1.,1.224646799147E-16,0.));
#12229 = ORIENTED_EDGE('',*,*,#12230,.F.);
#12230 = EDGE_CURVE('',#12231,#12222,#12233,.T.);
#12231 = VERTEX_POINT('',#12232);
#12232 = CARTESIAN_POINT('',(2.999285568454,4.999999999996E-02,4.9));
#12233 = LINE('',#12234,#12235);
#12234 = CARTESIAN_POINT('',(2.999285568454,5.E-02,4.7));
#12235 = VECTOR('',#12236,1.);
#12236 = DIRECTION('',(0.,0.,-1.));
#12237 = ORIENTED_EDGE('',*,*,#12238,.T.);
#12238 = EDGE_CURVE('',#12231,#12068,#12239,.T.);
#12239 = CIRCLE('',#12240,1.75);
#12240 = AXIS2_PLACEMENT_3D('',#12241,#12242,#12243);
#12241 = CARTESIAN_POINT('',(1.25,0.,4.9));
#12242 = DIRECTION('',(0.,0.,1.));
#12243 = DIRECTION('',(-1.,1.224646799147E-16,0.));
#12244 = CYLINDRICAL_SURFACE('',#12245,1.75);
#12245 = AXIS2_PLACEMENT_3D('',#12246,#12247,#12248);
#12246 = CARTESIAN_POINT('',(1.25,0.,5.));
#12247 = DIRECTION('',(0.,0.,-1.));
#12248 = DIRECTION('',(0.923879532511,0.382683432365,0.));
#12249 = ADVANCED_FACE('',(#12250),#12268,.T.);
#12250 = FACE_BOUND('',#12251,.T.);
#12251 = EDGE_LOOP('',(#12252,#12260,#12261,#12262));
#12252 = ORIENTED_EDGE('',*,*,#12253,.F.);
#12253 = EDGE_CURVE('',#12179,#12254,#12256,.T.);
#12254 = VERTEX_POINT('',#12255);
#12255 = CARTESIAN_POINT('',(1.3,-5.E-02,4.9));
#12256 = LINE('',#12257,#12258);
#12257 = CARTESIAN_POINT('',(1.3,-5.05,4.9));
#12258 = VECTOR('',#12259,1.);
#12259 = DIRECTION('',(1.224646799147E-16,1.,0.));
#12260 = ORIENTED_EDGE('',*,*,#12186,.T.);
#12261 = ORIENTED_EDGE('',*,*,#12204,.T.);
#12262 = ORIENTED_EDGE('',*,*,#12263,.F.);
#12263 = EDGE_CURVE('',#12254,#12205,#12264,.T.);
#12264 = LINE('',#12265,#12266);
#12265 = CARTESIAN_POINT('',(1.3,-5.E-02,4.9));
#12266 = VECTOR('',#12267,1.);
#12267 = DIRECTION('',(1.,-1.224646799147E-16,0.));
#12268 = PLANE('',#12269);
#12269 = AXIS2_PLACEMENT_3D('',#12270,#12271,#12272);
#12270 = CARTESIAN_POINT('',(1.25,-1.239108604125E-16,4.9));
#12271 = DIRECTION('',(0.,0.,1.));
#12272 = DIRECTION('',(-1.,1.224646799147E-16,0.));
#12273 = ADVANCED_FACE('',(#12274),#12292,.F.);
#12274 = FACE_BOUND('',#12275,.F.);
#12275 = EDGE_LOOP('',(#12276,#12277,#12278,#12286));
#12276 = ORIENTED_EDGE('',*,*,#12253,.F.);
#12277 = ORIENTED_EDGE('',*,*,#12178,.T.);
#12278 = ORIENTED_EDGE('',*,*,#12279,.T.);
#12279 = EDGE_CURVE('',#12170,#12280,#12282,.T.);
#12280 = VERTEX_POINT('',#12281);
#12281 = CARTESIAN_POINT('',(1.3,-5.E-02,4.8));
#12282 = LINE('',#12283,#12284);
#12283 = CARTESIAN_POINT('',(1.3,-5.05,4.8));
#12284 = VECTOR('',#12285,1.);
#12285 = DIRECTION('',(1.224646799147E-16,1.,0.));
#12286 = ORIENTED_EDGE('',*,*,#12287,.F.);
#12287 = EDGE_CURVE('',#12254,#12280,#12288,.T.);
#12288 = LINE('',#12289,#12290);
#12289 = CARTESIAN_POINT('',(1.3,-5.E-02,4.9));
#12290 = VECTOR('',#12291,1.);
#12291 = DIRECTION('',(0.,0.,-1.));
#12292 = PLANE('',#12293);
#12293 = AXIS2_PLACEMENT_3D('',#12294,#12295,#12296);
#12294 = CARTESIAN_POINT('',(1.3,-5.05,4.9));
#12295 = DIRECTION('',(1.,-1.224646799147E-16,0.));
#12296 = DIRECTION('',(1.224646799147E-16,1.,0.));
#12297 = ADVANCED_FACE('',(#12298),#12316,.T.);
#12298 = FACE_BOUND('',#12299,.T.);
#12299 = EDGE_LOOP('',(#12300,#12301,#12302,#12310));
#12300 = ORIENTED_EDGE('',*,*,#12238,.T.);
#12301 = ORIENTED_EDGE('',*,*,#12075,.T.);
#12302 = ORIENTED_EDGE('',*,*,#12303,.F.);
#12303 = EDGE_CURVE('',#12304,#12076,#12306,.T.);
#12304 = VERTEX_POINT('',#12305);
#12305 = CARTESIAN_POINT('',(1.3,5.E-02,4.9));
#12306 = LINE('',#12307,#12308);
#12307 = CARTESIAN_POINT('',(1.3,5.E-02,4.9));
#12308 = VECTOR('',#12309,1.);
#12309 = DIRECTION('',(1.224646799147E-16,1.,0.));
#12310 = ORIENTED_EDGE('',*,*,#12311,.F.);
#12311 = EDGE_CURVE('',#12231,#12304,#12312,.T.);
#12312 = LINE('',#12313,#12314);
#12313 = CARTESIAN_POINT('',(6.3,5.E-02,4.9));
#12314 = VECTOR('',#12315,1.);
#12315 = DIRECTION('',(-1.,1.224646799147E-16,0.));
#12316 = PLANE('',#12317);
#12317 = AXIS2_PLACEMENT_3D('',#12318,#12319,#12320);
#12318 = CARTESIAN_POINT('',(1.25,-1.239108604125E-16,4.9));
#12319 = DIRECTION('',(0.,0.,1.));
#12320 = DIRECTION('',(-1.,1.224646799147E-16,0.));
#12321 = ADVANCED_FACE('',(#12322),#12378,.T.);
#12322 = FACE_BOUND('',#12323,.T.);
#12323 = EDGE_LOOP('',(#12324,#12332,#12338,#12339,#12340,#12346,#12347,
    #12355,#12361,#12362,#12370,#12376,#12377));
#12324 = ORIENTED_EDGE('',*,*,#12325,.T.);
#12325 = EDGE_CURVE('',#12136,#12326,#12328,.T.);
#12326 = VERTEX_POINT('',#12327);
#12327 = CARTESIAN_POINT('',(1.2,-5.E-02,4.8));
#12328 = LINE('',#12329,#12330);
#12329 = CARTESIAN_POINT('',(-3.8,-5.E-02,4.8));
#12330 = VECTOR('',#12331,1.);
#12331 = DIRECTION('',(1.,-5.723907721801E-17,0.));
#12332 = ORIENTED_EDGE('',*,*,#12333,.T.);
#12333 = EDGE_CURVE('',#12326,#12162,#12334,.T.);
#12334 = LINE('',#12335,#12336);
#12335 = CARTESIAN_POINT('',(1.2,-5.E-02,4.8));
#12336 = VECTOR('',#12337,1.);
#12337 = DIRECTION('',(-1.224646799147E-16,-1.,0.));
#12338 = ORIENTED_EDGE('',*,*,#12169,.F.);
#12339 = ORIENTED_EDGE('',*,*,#12279,.T.);
#12340 = ORIENTED_EDGE('',*,*,#12341,.T.);
#12341 = EDGE_CURVE('',#12280,#12214,#12342,.T.);
#12342 = LINE('',#12343,#12344);
#12343 = CARTESIAN_POINT('',(1.3,-5.E-02,4.8));
#12344 = VECTOR('',#12345,1.);
#12345 = DIRECTION('',(1.,-1.224646799147E-16,0.));
#12346 = ORIENTED_EDGE('',*,*,#12221,.F.);
#12347 = ORIENTED_EDGE('',*,*,#12348,.T.);
#12348 = EDGE_CURVE('',#12222,#12349,#12351,.T.);
#12349 = VERTEX_POINT('',#12350);
#12350 = CARTESIAN_POINT('',(1.3,5.E-02,4.8));
#12351 = LINE('',#12352,#12353);
#12352 = CARTESIAN_POINT('',(6.3,5.E-02,4.8));
#12353 = VECTOR('',#12354,1.);
#12354 = DIRECTION('',(-1.,1.224646799147E-16,0.));
#12355 = ORIENTED_EDGE('',*,*,#12356,.T.);
#12356 = EDGE_CURVE('',#12349,#12085,#12357,.T.);
#12357 = LINE('',#12358,#12359);
#12358 = CARTESIAN_POINT('',(1.3,5.E-02,4.8));
#12359 = VECTOR('',#12360,1.);
#12360 = DIRECTION('',(1.224646799147E-16,1.,0.));
#12361 = ORIENTED_EDGE('',*,*,#12092,.F.);
#12362 = ORIENTED_EDGE('',*,*,#12363,.T.);
#12363 = EDGE_CURVE('',#12093,#12364,#12366,.T.);
#12364 = VERTEX_POINT('',#12365);
#12365 = CARTESIAN_POINT('',(1.2,5.E-02,4.8));
#12366 = LINE('',#12367,#12368);
#12367 = CARTESIAN_POINT('',(1.2,5.05,4.8));
#12368 = VECTOR('',#12369,1.);
#12369 = DIRECTION('',(-1.224646799147E-16,-1.,0.));
#12370 = ORIENTED_EDGE('',*,*,#12371,.T.);
#12371 = EDGE_CURVE('',#12364,#12119,#12372,.T.);
#12372 = LINE('',#12373,#12374);
#12373 = CARTESIAN_POINT('',(1.2,5.E-02,4.8));
#12374 = VECTOR('',#12375,1.);
#12375 = DIRECTION('',(-1.,1.224646799147E-16,0.));
#12376 = ORIENTED_EDGE('',*,*,#12126,.F.);
#12377 = ORIENTED_EDGE('',*,*,#12135,.F.);
#12378 = PLANE('',#12379);
#12379 = AXIS2_PLACEMENT_3D('',#12380,#12381,#12382);
#12380 = CARTESIAN_POINT('',(1.25,-3.503797911874E-17,4.8));
#12381 = DIRECTION('',(-6.92799192911E-33,5.09829149655E-32,1.));
#12382 = DIRECTION('',(-1.224646799147E-16,-1.,5.09829149655E-32));
#12383 = ADVANCED_FACE('',(#12384),#12395,.F.);
#12384 = FACE_BOUND('',#12385,.F.);
#12385 = EDGE_LOOP('',(#12386,#12387,#12393,#12394));
#12386 = ORIENTED_EDGE('',*,*,#12303,.F.);
#12387 = ORIENTED_EDGE('',*,*,#12388,.T.);
#12388 = EDGE_CURVE('',#12304,#12349,#12389,.T.);
#12389 = LINE('',#12390,#12391);
#12390 = CARTESIAN_POINT('',(1.3,5.E-02,4.9));
#12391 = VECTOR('',#12392,1.);
#12392 = DIRECTION('',(0.,0.,-1.));
#12393 = ORIENTED_EDGE('',*,*,#12356,.T.);
#12394 = ORIENTED_EDGE('',*,*,#12084,.F.);
#12395 = PLANE('',#12396);
#12396 = AXIS2_PLACEMENT_3D('',#12397,#12398,#12399);
#12397 = CARTESIAN_POINT('',(1.3,5.E-02,4.9));
#12398 = DIRECTION('',(1.,-1.224646799147E-16,0.));
#12399 = DIRECTION('',(1.224646799147E-16,1.,0.));
#12400 = ADVANCED_FACE('',(#12401),#12419,.F.);
#12401 = FACE_BOUND('',#12402,.F.);
#12402 = EDGE_LOOP('',(#12403,#12411,#12417,#12418));
#12403 = ORIENTED_EDGE('',*,*,#12404,.F.);
#12404 = EDGE_CURVE('',#12405,#12153,#12407,.T.);
#12405 = VERTEX_POINT('',#12406);
#12406 = CARTESIAN_POINT('',(1.2,-5.E-02,4.9));
#12407 = LINE('',#12408,#12409);
#12408 = CARTESIAN_POINT('',(1.2,-5.E-02,4.9));
#12409 = VECTOR('',#12410,1.);
#12410 = DIRECTION('',(-1.224646799147E-16,-1.,0.));
#12411 = ORIENTED_EDGE('',*,*,#12412,.T.);
#12412 = EDGE_CURVE('',#12405,#12326,#12413,.T.);
#12413 = LINE('',#12414,#12415);
#12414 = CARTESIAN_POINT('',(1.2,-5.E-02,4.9));
#12415 = VECTOR('',#12416,1.);
#12416 = DIRECTION('',(0.,0.,-1.));
#12417 = ORIENTED_EDGE('',*,*,#12333,.T.);
#12418 = ORIENTED_EDGE('',*,*,#12161,.F.);
#12419 = PLANE('',#12420);
#12420 = AXIS2_PLACEMENT_3D('',#12421,#12422,#12423);
#12421 = CARTESIAN_POINT('',(1.2,-5.E-02,4.9));
#12422 = DIRECTION('',(-1.,1.224646799147E-16,0.));
#12423 = DIRECTION('',(-1.224646799147E-16,-1.,0.));
#12424 = ADVANCED_FACE('',(#12425),#12435,.T.);
#12425 = FACE_BOUND('',#12426,.T.);
#12426 = EDGE_LOOP('',(#12427,#12433,#12434));
#12427 = ORIENTED_EDGE('',*,*,#12428,.F.);
#12428 = EDGE_CURVE('',#12145,#12405,#12429,.T.);
#12429 = LINE('',#12430,#12431);
#12430 = CARTESIAN_POINT('',(-3.8,-5.E-02,4.9));
#12431 = VECTOR('',#12432,1.);
#12432 = DIRECTION('',(1.,-5.723907721801E-17,0.));
#12433 = ORIENTED_EDGE('',*,*,#12152,.T.);
#12434 = ORIENTED_EDGE('',*,*,#12404,.F.);
#12435 = PLANE('',#12436);
#12436 = AXIS2_PLACEMENT_3D('',#12437,#12438,#12439);
#12437 = CARTESIAN_POINT('',(1.25,-1.239108604125E-16,4.9));
#12438 = DIRECTION('',(0.,0.,1.));
#12439 = DIRECTION('',(-1.,1.224646799147E-16,0.));
#12440 = ADVANCED_FACE('',(#12441),#12459,.F.);
#12441 = FACE_BOUND('',#12442,.F.);
#12442 = EDGE_LOOP('',(#12443,#12451,#12452,#12453));
#12443 = ORIENTED_EDGE('',*,*,#12444,.F.);
#12444 = EDGE_CURVE('',#12102,#12445,#12447,.T.);
#12445 = VERTEX_POINT('',#12446);
#12446 = CARTESIAN_POINT('',(1.2,5.E-02,4.9));
#12447 = LINE('',#12448,#12449);
#12448 = CARTESIAN_POINT('',(1.2,5.05,4.9));
#12449 = VECTOR('',#12450,1.);
#12450 = DIRECTION('',(-1.224646799147E-16,-1.,0.));
#12451 = ORIENTED_EDGE('',*,*,#12101,.T.);
#12452 = ORIENTED_EDGE('',*,*,#12363,.T.);
#12453 = ORIENTED_EDGE('',*,*,#12454,.F.);
#12454 = EDGE_CURVE('',#12445,#12364,#12455,.T.);
#12455 = LINE('',#12456,#12457);
#12456 = CARTESIAN_POINT('',(1.2,5.E-02,4.9));
#12457 = VECTOR('',#12458,1.);
#12458 = DIRECTION('',(0.,0.,-1.));
#12459 = PLANE('',#12460);
#12460 = AXIS2_PLACEMENT_3D('',#12461,#12462,#12463);
#12461 = CARTESIAN_POINT('',(1.2,5.05,4.9));
#12462 = DIRECTION('',(-1.,1.224646799147E-16,0.));
#12463 = DIRECTION('',(-1.224646799147E-16,-1.,0.));
#12464 = ADVANCED_FACE('',(#12465),#12471,.F.);
#12465 = FACE_BOUND('',#12466,.F.);
#12466 = EDGE_LOOP('',(#12467,#12468,#12469,#12470));
#12467 = ORIENTED_EDGE('',*,*,#12428,.F.);
#12468 = ORIENTED_EDGE('',*,*,#12144,.T.);
#12469 = ORIENTED_EDGE('',*,*,#12325,.T.);
#12470 = ORIENTED_EDGE('',*,*,#12412,.F.);
#12471 = PLANE('',#12472);
#12472 = AXIS2_PLACEMENT_3D('',#12473,#12474,#12475);
#12473 = CARTESIAN_POINT('',(-3.8,-5.E-02,4.9));
#12474 = DIRECTION('',(-5.723907721801E-17,-1.,0.));
#12475 = DIRECTION('',(1.,-5.723907721801E-17,0.));
#12476 = ADVANCED_FACE('',(#12477),#12487,.T.);
#12477 = FACE_BOUND('',#12478,.T.);
#12478 = EDGE_LOOP('',(#12479,#12480,#12486));
#12479 = ORIENTED_EDGE('',*,*,#12109,.T.);
#12480 = ORIENTED_EDGE('',*,*,#12481,.F.);
#12481 = EDGE_CURVE('',#12445,#12110,#12482,.T.);
#12482 = LINE('',#12483,#12484);
#12483 = CARTESIAN_POINT('',(1.2,5.E-02,4.9));
#12484 = VECTOR('',#12485,1.);
#12485 = DIRECTION('',(-1.,1.224646799147E-16,0.));
#12486 = ORIENTED_EDGE('',*,*,#12444,.F.);
#12487 = PLANE('',#12488);
#12488 = AXIS2_PLACEMENT_3D('',#12489,#12490,#12491);
#12489 = CARTESIAN_POINT('',(1.25,-1.239108604125E-16,4.9));
#12490 = DIRECTION('',(0.,0.,1.));
#12491 = DIRECTION('',(-1.,1.224646799147E-16,0.));
#12492 = ADVANCED_FACE('',(#12493),#12499,.F.);
#12493 = FACE_BOUND('',#12494,.F.);
#12494 = EDGE_LOOP('',(#12495,#12496,#12497,#12498));
#12495 = ORIENTED_EDGE('',*,*,#12481,.F.);
#12496 = ORIENTED_EDGE('',*,*,#12454,.T.);
#12497 = ORIENTED_EDGE('',*,*,#12371,.T.);
#12498 = ORIENTED_EDGE('',*,*,#12118,.F.);
#12499 = PLANE('',#12500);
#12500 = AXIS2_PLACEMENT_3D('',#12501,#12502,#12503);
#12501 = CARTESIAN_POINT('',(1.2,5.E-02,4.9));
#12502 = DIRECTION('',(1.224646799147E-16,1.,0.));
#12503 = DIRECTION('',(-1.,1.224646799147E-16,0.));
#12504 = ADVANCED_FACE('',(#12505),#12511,.F.);
#12505 = FACE_BOUND('',#12506,.F.);
#12506 = EDGE_LOOP('',(#12507,#12508,#12509,#12510));
#12507 = ORIENTED_EDGE('',*,*,#12311,.F.);
#12508 = ORIENTED_EDGE('',*,*,#12230,.T.);
#12509 = ORIENTED_EDGE('',*,*,#12348,.T.);
#12510 = ORIENTED_EDGE('',*,*,#12388,.F.);
#12511 = PLANE('',#12512);
#12512 = AXIS2_PLACEMENT_3D('',#12513,#12514,#12515);
#12513 = CARTESIAN_POINT('',(6.3,5.E-02,4.9));
#12514 = DIRECTION('',(1.224646799147E-16,1.,0.));
#12515 = DIRECTION('',(-1.,1.224646799147E-16,0.));
#12516 = ADVANCED_FACE('',(#12517),#12523,.F.);
#12517 = FACE_BOUND('',#12518,.F.);
#12518 = EDGE_LOOP('',(#12519,#12520,#12521,#12522));
#12519 = ORIENTED_EDGE('',*,*,#12263,.F.);
#12520 = ORIENTED_EDGE('',*,*,#12287,.T.);
#12521 = ORIENTED_EDGE('',*,*,#12341,.T.);
#12522 = ORIENTED_EDGE('',*,*,#12213,.F.);
#12523 = PLANE('',#12524);
#12524 = AXIS2_PLACEMENT_3D('',#12525,#12526,#12527);
#12525 = CARTESIAN_POINT('',(1.3,-5.E-02,4.9));
#12526 = DIRECTION('',(-1.224646799147E-16,-1.,0.));
#12527 = DIRECTION('',(1.,-1.224646799147E-16,0.));
#12528 = ORIENTED_CLOSED_SHELL('',*,#12529,.F.);
#12529 = CLOSED_SHELL('',(#12530,#12563,#12595,#12612,#12639));
#12530 = ADVANCED_FACE('',(#12531),#12558,.T.);
#12531 = FACE_BOUND('',#12532,.T.);
#12532 = EDGE_LOOP('',(#12533,#12544,#12552));
#12533 = ORIENTED_EDGE('',*,*,#12534,.T.);
#12534 = EDGE_CURVE('',#12535,#12537,#12539,.T.);
#12535 = VERTEX_POINT('',#12536);
#12536 = CARTESIAN_POINT('',(2.866789181895,0.669696006639,4.6));
#12537 = VERTEX_POINT('',#12538);
#12538 = CARTESIAN_POINT('',(2.866789181895,-0.669696006639,4.6));
#12539 = CIRCLE('',#12540,1.75);
#12540 = AXIS2_PLACEMENT_3D('',#12541,#12542,#12543);
#12541 = CARTESIAN_POINT('',(1.25,0.,4.6));
#12542 = DIRECTION('',(0.,0.,-1.));
#12543 = DIRECTION('',(0.923879532511,0.382683432365,0.));
#12544 = ORIENTED_EDGE('',*,*,#12545,.T.);
#12545 = EDGE_CURVE('',#12537,#12546,#12548,.T.);
#12546 = VERTEX_POINT('',#12547);
#12547 = CARTESIAN_POINT('',(1.25,0.,4.6));
#12548 = LINE('',#12549,#12550);
#12549 = CARTESIAN_POINT('',(2.866789181895,-0.669696006639,4.6));
#12550 = VECTOR('',#12551,1.);
#12551 = DIRECTION('',(-0.923879532511,0.382683432365,0.));
#12552 = ORIENTED_EDGE('',*,*,#12553,.F.);
#12553 = EDGE_CURVE('',#12535,#12546,#12554,.T.);
#12554 = LINE('',#12555,#12556);
#12555 = CARTESIAN_POINT('',(2.866789181895,0.669696006639,4.6));
#12556 = VECTOR('',#12557,1.);
#12557 = DIRECTION('',(-0.923879532511,-0.382683432365,0.));
#12558 = PLANE('',#12559);
#12559 = AXIS2_PLACEMENT_3D('',#12560,#12561,#12562);
#12560 = CARTESIAN_POINT('',(1.25,0.,4.6));
#12561 = DIRECTION('',(0.,0.,-1.));
#12562 = DIRECTION('',(0.923879532511,0.382683432365,0.));
#12563 = ADVANCED_FACE('',(#12564),#12590,.T.);
#12564 = FACE_BOUND('',#12565,.T.);
#12565 = EDGE_LOOP('',(#12566,#12574,#12583,#12589));
#12566 = ORIENTED_EDGE('',*,*,#12567,.F.);
#12567 = EDGE_CURVE('',#12568,#12535,#12570,.T.);
#12568 = VERTEX_POINT('',#12569);
#12569 = CARTESIAN_POINT('',(2.866789181895,0.669696006639,4.7));
#12570 = LINE('',#12571,#12572);
#12571 = CARTESIAN_POINT('',(2.866789181895,0.669696006639,5.));
#12572 = VECTOR('',#12573,1.);
#12573 = DIRECTION('',(0.,0.,-1.));
#12574 = ORIENTED_EDGE('',*,*,#12575,.F.);
#12575 = EDGE_CURVE('',#12576,#12568,#12578,.T.);
#12576 = VERTEX_POINT('',#12577);
#12577 = CARTESIAN_POINT('',(2.866789181895,-0.669696006639,4.7));
#12578 = CIRCLE('',#12579,1.75);
#12579 = AXIS2_PLACEMENT_3D('',#12580,#12581,#12582);
#12580 = CARTESIAN_POINT('',(1.25,0.,4.7));
#12581 = DIRECTION('',(0.,0.,1.));
#12582 = DIRECTION('',(-1.,1.224646799147E-16,0.));
#12583 = ORIENTED_EDGE('',*,*,#12584,.T.);
#12584 = EDGE_CURVE('',#12576,#12537,#12585,.T.);
#12585 = LINE('',#12586,#12587);
#12586 = CARTESIAN_POINT('',(2.866789181895,-0.669696006639,5.));
#12587 = VECTOR('',#12588,1.);
#12588 = DIRECTION('',(0.,0.,-1.));
#12589 = ORIENTED_EDGE('',*,*,#12534,.F.);
#12590 = CYLINDRICAL_SURFACE('',#12591,1.75);
#12591 = AXIS2_PLACEMENT_3D('',#12592,#12593,#12594);
#12592 = CARTESIAN_POINT('',(1.25,0.,5.));
#12593 = DIRECTION('',(0.,0.,-1.));
#12594 = DIRECTION('',(0.923879532511,0.382683432365,0.));
#12595 = ADVANCED_FACE('',(#12596),#12607,.T.);
#12596 = FACE_BOUND('',#12597,.T.);
#12597 = EDGE_LOOP('',(#12598,#12605,#12606));
#12598 = ORIENTED_EDGE('',*,*,#12599,.T.);
#12599 = EDGE_CURVE('',#12537,#12535,#12600,.T.);
#12600 = CIRCLE('',#12601,1.75);
#12601 = AXIS2_PLACEMENT_3D('',#12602,#12603,#12604);
#12602 = CARTESIAN_POINT('',(1.25,0.,4.6));
#12603 = DIRECTION('',(0.,-0.,-1.));
#12604 = DIRECTION('',(0.923879532511,-0.382683432365,0.));
#12605 = ORIENTED_EDGE('',*,*,#12553,.T.);
#12606 = ORIENTED_EDGE('',*,*,#12545,.F.);
#12607 = PLANE('',#12608);
#12608 = AXIS2_PLACEMENT_3D('',#12609,#12610,#12611);
#12609 = CARTESIAN_POINT('',(1.25,0.,4.6));
#12610 = DIRECTION('',(0.,0.,-1.));
#12611 = DIRECTION('',(0.923879532511,-0.382683432365,0.));
#12612 = ADVANCED_FACE('',(#12613),#12634,.T.);
#12613 = FACE_BOUND('',#12614,.T.);
#12614 = EDGE_LOOP('',(#12615,#12616,#12625,#12632,#12633));
#12615 = ORIENTED_EDGE('',*,*,#12584,.F.);
#12616 = ORIENTED_EDGE('',*,*,#12617,.F.);
#12617 = EDGE_CURVE('',#12618,#12576,#12620,.T.);
#12618 = VERTEX_POINT('',#12619);
#12619 = CARTESIAN_POINT('',(-0.5,2.143131898508E-16,4.7));
#12620 = CIRCLE('',#12621,1.75);
#12621 = AXIS2_PLACEMENT_3D('',#12622,#12623,#12624);
#12622 = CARTESIAN_POINT('',(1.25,0.,4.7));
#12623 = DIRECTION('',(0.,0.,1.));
#12624 = DIRECTION('',(-1.,1.224646799147E-16,0.));
#12625 = ORIENTED_EDGE('',*,*,#12626,.F.);
#12626 = EDGE_CURVE('',#12568,#12618,#12627,.T.);
#12627 = CIRCLE('',#12628,1.75);
#12628 = AXIS2_PLACEMENT_3D('',#12629,#12630,#12631);
#12629 = CARTESIAN_POINT('',(1.25,0.,4.7));
#12630 = DIRECTION('',(0.,0.,1.));
#12631 = DIRECTION('',(-1.,1.224646799147E-16,0.));
#12632 = ORIENTED_EDGE('',*,*,#12567,.T.);
#12633 = ORIENTED_EDGE('',*,*,#12599,.F.);
#12634 = CYLINDRICAL_SURFACE('',#12635,1.75);
#12635 = AXIS2_PLACEMENT_3D('',#12636,#12637,#12638);
#12636 = CARTESIAN_POINT('',(1.25,0.,5.));
#12637 = DIRECTION('',(0.,0.,-1.));
#12638 = DIRECTION('',(0.923879532511,-0.382683432365,0.));
#12639 = ADVANCED_FACE('',(#12640),#12645,.T.);
#12640 = FACE_BOUND('',#12641,.T.);
#12641 = EDGE_LOOP('',(#12642,#12643,#12644));
#12642 = ORIENTED_EDGE('',*,*,#12617,.T.);
#12643 = ORIENTED_EDGE('',*,*,#12575,.T.);
#12644 = ORIENTED_EDGE('',*,*,#12626,.T.);
#12645 = PLANE('',#12646);
#12646 = AXIS2_PLACEMENT_3D('',#12647,#12648,#12649);
#12647 = CARTESIAN_POINT('',(1.25,-1.239108604125E-16,4.7));
#12648 = DIRECTION('',(0.,0.,1.));
#12649 = DIRECTION('',(-1.,1.224646799147E-16,0.));
#12650 = ( GEOMETRIC_REPRESENTATION_CONTEXT(3) 
GLOBAL_UNCERTAINTY_ASSIGNED_CONTEXT((#12654)) 
GLOBAL_UNIT_ASSIGNED_CONTEXT((#12651,#12652,#12653)) 
REPRESENTATION_CONTEXT('Context #1',
  '3D Context with UNIT and UNCERTAINTY') );
#12651 = ( LENGTH_UNIT() NAMED_UNIT(*) SI_UNIT(.MILLI.,.METRE.) );
#12652 = ( NAMED_UNIT(*) PLANE_ANGLE_UNIT() SI_UNIT($,.RADIAN.) );
#12653 = ( NAMED_UNIT(*) SI_UNIT($,.STERADIAN.) SOLID_ANGLE_UNIT() );
#12654 = UNCERTAINTY_MEASURE_WITH_UNIT(LENGTH_MEASURE(2.E-06),#12651,
  'distance_accuracy_value','confusion accuracy');
#12655 = CONTEXT_DEPENDENT_SHAPE_REPRESENTATION(#12656,#12658);
#12656 = ( REPRESENTATION_RELATIONSHIP('','',#10609,#10) 
REPRESENTATION_RELATIONSHIP_WITH_TRANSFORMATION(#12657) 
SHAPE_REPRESENTATION_RELATIONSHIP() );
#12657 = ITEM_DEFINED_TRANSFORMATION('','',#11,#87);
#12658 = PRODUCT_DEFINITION_SHAPE('Placement','Placement of an item',
  #12659);
#12659 = NEXT_ASSEMBLY_USAGE_OCCURRENCE('24','C7','',#5,#10604,$);
#12660 = PRODUCT_RELATED_PRODUCT_CATEGORY('part',$,(#10606));
#12661 = SHAPE_DEFINITION_REPRESENTATION(#12662,#12668);
#12662 = PRODUCT_DEFINITION_SHAPE('','',#12663);
#12663 = PRODUCT_DEFINITION('design','',#12664,#12667);
#12664 = PRODUCT_DEFINITION_FORMATION('','',#12665);
#12665 = PRODUCT('top-board_PCB','top-board_PCB','',(#12666));
#12666 = PRODUCT_CONTEXT('',#2,'mechanical');
#12667 = PRODUCT_DEFINITION_CONTEXT('part definition',#2,'design');
#12668 = ADVANCED_BREP_SHAPE_REPRESENTATION('',(#11,#12669),#13365);
#12669 = MANIFOLD_SOLID_BREP('',#12670);
#12670 = CLOSED_SHELL('',(#12671,#12711,#12742,#12773,#12944,#13115,
    #13127,#13144,#13161,#13178,#13195,#13212,#13229,#13246,#13263,
    #13280,#13297,#13314,#13331,#13348));
#12671 = ADVANCED_FACE('',(#12672),#12706,.T.);
#12672 = FACE_BOUND('',#12673,.T.);
#12673 = EDGE_LOOP('',(#12674,#12684,#12692,#12700));
#12674 = ORIENTED_EDGE('',*,*,#12675,.T.);
#12675 = EDGE_CURVE('',#12676,#12678,#12680,.T.);
#12676 = VERTEX_POINT('',#12677);
#12677 = CARTESIAN_POINT('',(147.44,-69.38,0.));
#12678 = VERTEX_POINT('',#12679);
#12679 = CARTESIAN_POINT('',(147.44,-69.38,1.51));
#12680 = LINE('',#12681,#12682);
#12681 = CARTESIAN_POINT('',(147.44,-69.38,0.));
#12682 = VECTOR('',#12683,1.);
#12683 = DIRECTION('',(0.,0.,1.));
#12684 = ORIENTED_EDGE('',*,*,#12685,.T.);
#12685 = EDGE_CURVE('',#12678,#12686,#12688,.T.);
#12686 = VERTEX_POINT('',#12687);
#12687 = CARTESIAN_POINT('',(96.44,-69.38,1.51));
#12688 = LINE('',#12689,#12690);
#12689 = CARTESIAN_POINT('',(147.44,-69.38,1.51));
#12690 = VECTOR('',#12691,1.);
#12691 = DIRECTION('',(-1.,0.,0.));
#12692 = ORIENTED_EDGE('',*,*,#12693,.F.);
#12693 = EDGE_CURVE('',#12694,#12686,#12696,.T.);
#12694 = VERTEX_POINT('',#12695);
#12695 = CARTESIAN_POINT('',(96.44,-69.38,0.));
#12696 = LINE('',#12697,#12698);
#12697 = CARTESIAN_POINT('',(96.44,-69.38,0.));
#12698 = VECTOR('',#12699,1.);
#12699 = DIRECTION('',(0.,0.,1.));
#12700 = ORIENTED_EDGE('',*,*,#12701,.F.);
#12701 = EDGE_CURVE('',#12676,#12694,#12702,.T.);
#12702 = LINE('',#12703,#12704);
#12703 = CARTESIAN_POINT('',(147.44,-69.38,0.));
#12704 = VECTOR('',#12705,1.);
#12705 = DIRECTION('',(-1.,0.,0.));
#12706 = PLANE('',#12707);
#12707 = AXIS2_PLACEMENT_3D('',#12708,#12709,#12710);
#12708 = CARTESIAN_POINT('',(147.44,-69.38,0.));
#12709 = DIRECTION('',(0.,-1.,0.));
#12710 = DIRECTION('',(-1.,0.,0.));
#12711 = ADVANCED_FACE('',(#12712),#12737,.T.);
#12712 = FACE_BOUND('',#12713,.T.);
#12713 = EDGE_LOOP('',(#12714,#12724,#12730,#12731));
#12714 = ORIENTED_EDGE('',*,*,#12715,.T.);
#12715 = EDGE_CURVE('',#12716,#12718,#12720,.T.);
#12716 = VERTEX_POINT('',#12717);
#12717 = CARTESIAN_POINT('',(147.44,-51.03,0.));
#12718 = VERTEX_POINT('',#12719);
#12719 = CARTESIAN_POINT('',(147.44,-51.03,1.51));
#12720 = LINE('',#12721,#12722);
#12721 = CARTESIAN_POINT('',(147.44,-51.03,0.));
#12722 = VECTOR('',#12723,1.);
#12723 = DIRECTION('',(0.,0.,1.));
#12724 = ORIENTED_EDGE('',*,*,#12725,.T.);
#12725 = EDGE_CURVE('',#12718,#12678,#12726,.T.);
#12726 = LINE('',#12727,#12728);
#12727 = CARTESIAN_POINT('',(147.44,-51.03,1.51));
#12728 = VECTOR('',#12729,1.);
#12729 = DIRECTION('',(0.,-1.,0.));
#12730 = ORIENTED_EDGE('',*,*,#12675,.F.);
#12731 = ORIENTED_EDGE('',*,*,#12732,.F.);
#12732 = EDGE_CURVE('',#12716,#12676,#12733,.T.);
#12733 = LINE('',#12734,#12735);
#12734 = CARTESIAN_POINT('',(147.44,-51.03,0.));
#12735 = VECTOR('',#12736,1.);
#12736 = DIRECTION('',(0.,-1.,0.));
#12737 = PLANE('',#12738);
#12738 = AXIS2_PLACEMENT_3D('',#12739,#12740,#12741);
#12739 = CARTESIAN_POINT('',(147.44,-51.03,0.));
#12740 = DIRECTION('',(1.,0.,-0.));
#12741 = DIRECTION('',(0.,-1.,0.));
#12742 = ADVANCED_FACE('',(#12743),#12768,.T.);
#12743 = FACE_BOUND('',#12744,.T.);
#12744 = EDGE_LOOP('',(#12745,#12746,#12754,#12762));
#12745 = ORIENTED_EDGE('',*,*,#12693,.T.);
#12746 = ORIENTED_EDGE('',*,*,#12747,.T.);
#12747 = EDGE_CURVE('',#12686,#12748,#12750,.T.);
#12748 = VERTEX_POINT('',#12749);
#12749 = CARTESIAN_POINT('',(96.44,-51.03,1.51));
#12750 = LINE('',#12751,#12752);
#12751 = CARTESIAN_POINT('',(96.44,-69.38,1.51));
#12752 = VECTOR('',#12753,1.);
#12753 = DIRECTION('',(0.,1.,0.));
#12754 = ORIENTED_EDGE('',*,*,#12755,.F.);
#12755 = EDGE_CURVE('',#12756,#12748,#12758,.T.);
#12756 = VERTEX_POINT('',#12757);
#12757 = CARTESIAN_POINT('',(96.44,-51.03,0.));
#12758 = LINE('',#12759,#12760);
#12759 = CARTESIAN_POINT('',(96.44,-51.03,0.));
#12760 = VECTOR('',#12761,1.);
#12761 = DIRECTION('',(0.,0.,1.));
#12762 = ORIENTED_EDGE('',*,*,#12763,.F.);
#12763 = EDGE_CURVE('',#12694,#12756,#12764,.T.);
#12764 = LINE('',#12765,#12766);
#12765 = CARTESIAN_POINT('',(96.44,-69.38,0.));
#12766 = VECTOR('',#12767,1.);
#12767 = DIRECTION('',(0.,1.,0.));
#12768 = PLANE('',#12769);
#12769 = AXIS2_PLACEMENT_3D('',#12770,#12771,#12772);
#12770 = CARTESIAN_POINT('',(96.44,-69.38,0.));
#12771 = DIRECTION('',(-1.,0.,0.));
#12772 = DIRECTION('',(0.,1.,0.));
#12773 = ADVANCED_FACE('',(#12774,#12785,#12796,#12807,#12818,#12829,
    #12840,#12851,#12862,#12873,#12884,#12895,#12906,#12917,#12928),
  #12939,.F.);
#12774 = FACE_BOUND('',#12775,.F.);
#12775 = EDGE_LOOP('',(#12776,#12777,#12778,#12784));
#12776 = ORIENTED_EDGE('',*,*,#12701,.F.);
#12777 = ORIENTED_EDGE('',*,*,#12732,.F.);
#12778 = ORIENTED_EDGE('',*,*,#12779,.F.);
#12779 = EDGE_CURVE('',#12756,#12716,#12780,.T.);
#12780 = LINE('',#12781,#12782);
#12781 = CARTESIAN_POINT('',(96.44,-51.03,0.));
#12782 = VECTOR('',#12783,1.);
#12783 = DIRECTION('',(1.,0.,0.));
#12784 = ORIENTED_EDGE('',*,*,#12763,.F.);
#12785 = FACE_BOUND('',#12786,.F.);
#12786 = EDGE_LOOP('',(#12787));
#12787 = ORIENTED_EDGE('',*,*,#12788,.T.);
#12788 = EDGE_CURVE('',#12789,#12789,#12791,.T.);
#12789 = VERTEX_POINT('',#12790);
#12790 = CARTESIAN_POINT('',(97.67,-68.24,0.));
#12791 = CIRCLE('',#12792,0.5);
#12792 = AXIS2_PLACEMENT_3D('',#12793,#12794,#12795);
#12793 = CARTESIAN_POINT('',(97.67,-67.74,0.));
#12794 = DIRECTION('',(-0.,0.,-1.));
#12795 = DIRECTION('',(-0.,-1.,0.));
#12796 = FACE_BOUND('',#12797,.F.);
#12797 = EDGE_LOOP('',(#12798));
#12798 = ORIENTED_EDGE('',*,*,#12799,.T.);
#12799 = EDGE_CURVE('',#12800,#12800,#12802,.T.);
#12800 = VERTEX_POINT('',#12801);
#12801 = CARTESIAN_POINT('',(97.67,-65.7,0.));
#12802 = CIRCLE('',#12803,0.5);
#12803 = AXIS2_PLACEMENT_3D('',#12804,#12805,#12806);
#12804 = CARTESIAN_POINT('',(97.67,-65.2,0.));
#12805 = DIRECTION('',(-0.,0.,-1.));
#12806 = DIRECTION('',(-0.,-1.,0.));
#12807 = FACE_BOUND('',#12808,.F.);
#12808 = EDGE_LOOP('',(#12809));
#12809 = ORIENTED_EDGE('',*,*,#12810,.T.);
#12810 = EDGE_CURVE('',#12811,#12811,#12813,.T.);
#12811 = VERTEX_POINT('',#12812);
#12812 = CARTESIAN_POINT('',(101.375,-66.0599,0.));
#12813 = CIRCLE('',#12814,0.4);
#12814 = AXIS2_PLACEMENT_3D('',#12815,#12816,#12817);
#12815 = CARTESIAN_POINT('',(101.375,-65.6599,0.));
#12816 = DIRECTION('',(-0.,0.,-1.));
#12817 = DIRECTION('',(-0.,-1.,0.));
#12818 = FACE_BOUND('',#12819,.F.);
#12819 = EDGE_LOOP('',(#12820));
#12820 = ORIENTED_EDGE('',*,*,#12821,.T.);
#12821 = EDGE_CURVE('',#12822,#12822,#12824,.T.);
#12822 = VERTEX_POINT('',#12823);
#12823 = CARTESIAN_POINT('',(97.67,-63.16,0.));
#12824 = CIRCLE('',#12825,0.5);
#12825 = AXIS2_PLACEMENT_3D('',#12826,#12827,#12828);
#12826 = CARTESIAN_POINT('',(97.67,-62.66,0.));
#12827 = DIRECTION('',(-0.,0.,-1.));
#12828 = DIRECTION('',(-0.,-1.,0.));
#12829 = FACE_BOUND('',#12830,.F.);
#12830 = EDGE_LOOP('',(#12831));
#12831 = ORIENTED_EDGE('',*,*,#12832,.T.);
#12832 = EDGE_CURVE('',#12833,#12833,#12835,.T.);
#12833 = VERTEX_POINT('',#12834);
#12834 = CARTESIAN_POINT('',(101.375,-63.5599,0.));
#12835 = CIRCLE('',#12836,0.4);
#12836 = AXIS2_PLACEMENT_3D('',#12837,#12838,#12839);
#12837 = CARTESIAN_POINT('',(101.375,-63.1599,0.));
#12838 = DIRECTION('',(-0.,0.,-1.));
#12839 = DIRECTION('',(-0.,-1.,0.));
#12840 = FACE_BOUND('',#12841,.F.);
#12841 = EDGE_LOOP('',(#12842));
#12842 = ORIENTED_EDGE('',*,*,#12843,.T.);
#12843 = EDGE_CURVE('',#12844,#12844,#12846,.T.);
#12844 = VERTEX_POINT('',#12845);
#12845 = CARTESIAN_POINT('',(121.94,-64.505,0.));
#12846 = CIRCLE('',#12847,0.5);
#12847 = AXIS2_PLACEMENT_3D('',#12848,#12849,#12850);
#12848 = CARTESIAN_POINT('',(121.94,-64.005,0.));
#12849 = DIRECTION('',(-0.,0.,-1.));
#12850 = DIRECTION('',(-0.,-1.,0.));
#12851 = FACE_BOUND('',#12852,.F.);
#12852 = EDGE_LOOP('',(#12853));
#12853 = ORIENTED_EDGE('',*,*,#12854,.T.);
#12854 = EDGE_CURVE('',#12855,#12855,#12857,.T.);
#12855 = VERTEX_POINT('',#12856);
#12856 = CARTESIAN_POINT('',(97.67,-60.62,0.));
#12857 = CIRCLE('',#12858,0.5);
#12858 = AXIS2_PLACEMENT_3D('',#12859,#12860,#12861);
#12859 = CARTESIAN_POINT('',(97.67,-60.12,0.));
#12860 = DIRECTION('',(-0.,0.,-1.));
#12861 = DIRECTION('',(-0.,-1.,0.));
#12862 = FACE_BOUND('',#12863,.F.);
#12863 = EDGE_LOOP('',(#12864));
#12864 = ORIENTED_EDGE('',*,*,#12865,.T.);
#12865 = EDGE_CURVE('',#12866,#12866,#12868,.T.);
#12866 = VERTEX_POINT('',#12867);
#12867 = CARTESIAN_POINT('',(97.67,-58.08,0.));
#12868 = CIRCLE('',#12869,0.5);
#12869 = AXIS2_PLACEMENT_3D('',#12870,#12871,#12872);
#12870 = CARTESIAN_POINT('',(97.67,-57.58,0.));
#12871 = DIRECTION('',(-0.,0.,-1.));
#12872 = DIRECTION('',(-0.,-1.,0.));
#12873 = FACE_BOUND('',#12874,.F.);
#12874 = EDGE_LOOP('',(#12875));
#12875 = ORIENTED_EDGE('',*,*,#12876,.T.);
#12876 = EDGE_CURVE('',#12877,#12877,#12879,.T.);
#12877 = VERTEX_POINT('',#12878);
#12878 = CARTESIAN_POINT('',(102.72,-57.93,0.));
#12879 = CIRCLE('',#12880,0.35);
#12880 = AXIS2_PLACEMENT_3D('',#12881,#12882,#12883);
#12881 = CARTESIAN_POINT('',(102.72,-57.58,0.));
#12882 = DIRECTION('',(-0.,0.,-1.));
#12883 = DIRECTION('',(-0.,-1.,0.));
#12884 = FACE_BOUND('',#12885,.F.);
#12885 = EDGE_LOOP('',(#12886));
#12886 = ORIENTED_EDGE('',*,*,#12887,.T.);
#12887 = EDGE_CURVE('',#12888,#12888,#12890,.T.);
#12888 = VERTEX_POINT('',#12889);
#12889 = CARTESIAN_POINT('',(97.67,-55.54,0.));
#12890 = CIRCLE('',#12891,0.5);
#12891 = AXIS2_PLACEMENT_3D('',#12892,#12893,#12894);
#12892 = CARTESIAN_POINT('',(97.67,-55.04,0.));
#12893 = DIRECTION('',(-0.,0.,-1.));
#12894 = DIRECTION('',(-0.,-1.,0.));
#12895 = FACE_BOUND('',#12896,.F.);
#12896 = EDGE_LOOP('',(#12897));
#12897 = ORIENTED_EDGE('',*,*,#12898,.T.);
#12898 = EDGE_CURVE('',#12899,#12899,#12901,.T.);
#12899 = VERTEX_POINT('',#12900);
#12900 = CARTESIAN_POINT('',(102.72,-55.39,0.));
#12901 = CIRCLE('',#12902,0.35);
#12902 = AXIS2_PLACEMENT_3D('',#12903,#12904,#12905);
#12903 = CARTESIAN_POINT('',(102.72,-55.04,0.));
#12904 = DIRECTION('',(-0.,0.,-1.));
#12905 = DIRECTION('',(-0.,-1.,0.));
#12906 = FACE_BOUND('',#12907,.F.);
#12907 = EDGE_LOOP('',(#12908));
#12908 = ORIENTED_EDGE('',*,*,#12909,.T.);
#12909 = EDGE_CURVE('',#12910,#12910,#12912,.T.);
#12910 = VERTEX_POINT('',#12911);
#12911 = CARTESIAN_POINT('',(97.67,-53.,0.));
#12912 = CIRCLE('',#12913,0.5);
#12913 = AXIS2_PLACEMENT_3D('',#12914,#12915,#12916);
#12914 = CARTESIAN_POINT('',(97.67,-52.5,0.));
#12915 = DIRECTION('',(-0.,0.,-1.));
#12916 = DIRECTION('',(-0.,-1.,0.));
#12917 = FACE_BOUND('',#12918,.F.);
#12918 = EDGE_LOOP('',(#12919));
#12919 = ORIENTED_EDGE('',*,*,#12920,.T.);
#12920 = EDGE_CURVE('',#12921,#12921,#12923,.T.);
#12921 = VERTEX_POINT('',#12922);
#12922 = CARTESIAN_POINT('',(121.94,-56.905,0.));
#12923 = CIRCLE('',#12924,0.5);
#12924 = AXIS2_PLACEMENT_3D('',#12925,#12926,#12927);
#12925 = CARTESIAN_POINT('',(121.94,-56.405,0.));
#12926 = DIRECTION('',(-0.,0.,-1.));
#12927 = DIRECTION('',(-0.,-1.,0.));
#12928 = FACE_BOUND('',#12929,.F.);
#12929 = EDGE_LOOP('',(#12930));
#12930 = ORIENTED_EDGE('',*,*,#12931,.F.);
#12931 = EDGE_CURVE('',#12932,#12932,#12934,.T.);
#12932 = VERTEX_POINT('',#12933);
#12933 = CARTESIAN_POINT('',(133.89,-60.1,0.));
#12934 = CIRCLE('',#12935,1.);
#12935 = AXIS2_PLACEMENT_3D('',#12936,#12937,#12938);
#12936 = CARTESIAN_POINT('',(132.89,-60.1,0.));
#12937 = DIRECTION('',(0.,0.,1.));
#12938 = DIRECTION('',(1.,0.,-0.));
#12939 = PLANE('',#12940);
#12940 = AXIS2_PLACEMENT_3D('',#12941,#12942,#12943);
#12941 = CARTESIAN_POINT('',(0.,0.,0.));
#12942 = DIRECTION('',(0.,0.,1.));
#12943 = DIRECTION('',(1.,0.,-0.));
#12944 = ADVANCED_FACE('',(#12945,#12956,#12967,#12978,#12989,#13000,
    #13011,#13022,#13033,#13044,#13055,#13066,#13077,#13088,#13099),
  #13110,.T.);
#12945 = FACE_BOUND('',#12946,.T.);
#12946 = EDGE_LOOP('',(#12947,#12948,#12949,#12955));
#12947 = ORIENTED_EDGE('',*,*,#12685,.F.);
#12948 = ORIENTED_EDGE('',*,*,#12725,.F.);
#12949 = ORIENTED_EDGE('',*,*,#12950,.F.);
#12950 = EDGE_CURVE('',#12748,#12718,#12951,.T.);
#12951 = LINE('',#12952,#12953);
#12952 = CARTESIAN_POINT('',(96.44,-51.03,1.51));
#12953 = VECTOR('',#12954,1.);
#12954 = DIRECTION('',(1.,0.,0.));
#12955 = ORIENTED_EDGE('',*,*,#12747,.F.);
#12956 = FACE_BOUND('',#12957,.T.);
#12957 = EDGE_LOOP('',(#12958));
#12958 = ORIENTED_EDGE('',*,*,#12959,.T.);
#12959 = EDGE_CURVE('',#12960,#12960,#12962,.T.);
#12960 = VERTEX_POINT('',#12961);
#12961 = CARTESIAN_POINT('',(97.67,-68.24,1.51));
#12962 = CIRCLE('',#12963,0.5);
#12963 = AXIS2_PLACEMENT_3D('',#12964,#12965,#12966);
#12964 = CARTESIAN_POINT('',(97.67,-67.74,1.51));
#12965 = DIRECTION('',(-0.,0.,-1.));
#12966 = DIRECTION('',(-0.,-1.,0.));
#12967 = FACE_BOUND('',#12968,.T.);
#12968 = EDGE_LOOP('',(#12969));
#12969 = ORIENTED_EDGE('',*,*,#12970,.T.);
#12970 = EDGE_CURVE('',#12971,#12971,#12973,.T.);
#12971 = VERTEX_POINT('',#12972);
#12972 = CARTESIAN_POINT('',(97.67,-65.7,1.51));
#12973 = CIRCLE('',#12974,0.5);
#12974 = AXIS2_PLACEMENT_3D('',#12975,#12976,#12977);
#12975 = CARTESIAN_POINT('',(97.67,-65.2,1.51));
#12976 = DIRECTION('',(-0.,0.,-1.));
#12977 = DIRECTION('',(-0.,-1.,0.));
#12978 = FACE_BOUND('',#12979,.T.);
#12979 = EDGE_LOOP('',(#12980));
#12980 = ORIENTED_EDGE('',*,*,#12981,.T.);
#12981 = EDGE_CURVE('',#12982,#12982,#12984,.T.);
#12982 = VERTEX_POINT('',#12983);
#12983 = CARTESIAN_POINT('',(101.375,-66.0599,1.51));
#12984 = CIRCLE('',#12985,0.4);
#12985 = AXIS2_PLACEMENT_3D('',#12986,#12987,#12988);
#12986 = CARTESIAN_POINT('',(101.375,-65.6599,1.51));
#12987 = DIRECTION('',(-0.,0.,-1.));
#12988 = DIRECTION('',(-0.,-1.,0.));
#12989 = FACE_BOUND('',#12990,.T.);
#12990 = EDGE_LOOP('',(#12991));
#12991 = ORIENTED_EDGE('',*,*,#12992,.T.);
#12992 = EDGE_CURVE('',#12993,#12993,#12995,.T.);
#12993 = VERTEX_POINT('',#12994);
#12994 = CARTESIAN_POINT('',(97.67,-63.16,1.51));
#12995 = CIRCLE('',#12996,0.5);
#12996 = AXIS2_PLACEMENT_3D('',#12997,#12998,#12999);
#12997 = CARTESIAN_POINT('',(97.67,-62.66,1.51));
#12998 = DIRECTION('',(-0.,0.,-1.));
#12999 = DIRECTION('',(-0.,-1.,0.));
#13000 = FACE_BOUND('',#13001,.T.);
#13001 = EDGE_LOOP('',(#13002));
#13002 = ORIENTED_EDGE('',*,*,#13003,.T.);
#13003 = EDGE_CURVE('',#13004,#13004,#13006,.T.);
#13004 = VERTEX_POINT('',#13005);
#13005 = CARTESIAN_POINT('',(101.375,-63.5599,1.51));
#13006 = CIRCLE('',#13007,0.4);
#13007 = AXIS2_PLACEMENT_3D('',#13008,#13009,#13010);
#13008 = CARTESIAN_POINT('',(101.375,-63.1599,1.51));
#13009 = DIRECTION('',(-0.,0.,-1.));
#13010 = DIRECTION('',(-0.,-1.,0.));
#13011 = FACE_BOUND('',#13012,.T.);
#13012 = EDGE_LOOP('',(#13013));
#13013 = ORIENTED_EDGE('',*,*,#13014,.T.);
#13014 = EDGE_CURVE('',#13015,#13015,#13017,.T.);
#13015 = VERTEX_POINT('',#13016);
#13016 = CARTESIAN_POINT('',(121.94,-64.505,1.51));
#13017 = CIRCLE('',#13018,0.5);
#13018 = AXIS2_PLACEMENT_3D('',#13019,#13020,#13021);
#13019 = CARTESIAN_POINT('',(121.94,-64.005,1.51));
#13020 = DIRECTION('',(-0.,0.,-1.));
#13021 = DIRECTION('',(-0.,-1.,0.));
#13022 = FACE_BOUND('',#13023,.T.);
#13023 = EDGE_LOOP('',(#13024));
#13024 = ORIENTED_EDGE('',*,*,#13025,.T.);
#13025 = EDGE_CURVE('',#13026,#13026,#13028,.T.);
#13026 = VERTEX_POINT('',#13027);
#13027 = CARTESIAN_POINT('',(97.67,-60.62,1.51));
#13028 = CIRCLE('',#13029,0.5);
#13029 = AXIS2_PLACEMENT_3D('',#13030,#13031,#13032);
#13030 = CARTESIAN_POINT('',(97.67,-60.12,1.51));
#13031 = DIRECTION('',(-0.,0.,-1.));
#13032 = DIRECTION('',(-0.,-1.,0.));
#13033 = FACE_BOUND('',#13034,.T.);
#13034 = EDGE_LOOP('',(#13035));
#13035 = ORIENTED_EDGE('',*,*,#13036,.T.);
#13036 = EDGE_CURVE('',#13037,#13037,#13039,.T.);
#13037 = VERTEX_POINT('',#13038);
#13038 = CARTESIAN_POINT('',(97.67,-58.08,1.51));
#13039 = CIRCLE('',#13040,0.5);
#13040 = AXIS2_PLACEMENT_3D('',#13041,#13042,#13043);
#13041 = CARTESIAN_POINT('',(97.67,-57.58,1.51));
#13042 = DIRECTION('',(-0.,0.,-1.));
#13043 = DIRECTION('',(-0.,-1.,0.));
#13044 = FACE_BOUND('',#13045,.T.);
#13045 = EDGE_LOOP('',(#13046));
#13046 = ORIENTED_EDGE('',*,*,#13047,.T.);
#13047 = EDGE_CURVE('',#13048,#13048,#13050,.T.);
#13048 = VERTEX_POINT('',#13049);
#13049 = CARTESIAN_POINT('',(102.72,-57.93,1.51));
#13050 = CIRCLE('',#13051,0.35);
#13051 = AXIS2_PLACEMENT_3D('',#13052,#13053,#13054);
#13052 = CARTESIAN_POINT('',(102.72,-57.58,1.51));
#13053 = DIRECTION('',(-0.,0.,-1.));
#13054 = DIRECTION('',(-0.,-1.,0.));
#13055 = FACE_BOUND('',#13056,.T.);
#13056 = EDGE_LOOP('',(#13057));
#13057 = ORIENTED_EDGE('',*,*,#13058,.T.);
#13058 = EDGE_CURVE('',#13059,#13059,#13061,.T.);
#13059 = VERTEX_POINT('',#13060);
#13060 = CARTESIAN_POINT('',(97.67,-55.54,1.51));
#13061 = CIRCLE('',#13062,0.5);
#13062 = AXIS2_PLACEMENT_3D('',#13063,#13064,#13065);
#13063 = CARTESIAN_POINT('',(97.67,-55.04,1.51));
#13064 = DIRECTION('',(-0.,0.,-1.));
#13065 = DIRECTION('',(-0.,-1.,0.));
#13066 = FACE_BOUND('',#13067,.T.);
#13067 = EDGE_LOOP('',(#13068));
#13068 = ORIENTED_EDGE('',*,*,#13069,.T.);
#13069 = EDGE_CURVE('',#13070,#13070,#13072,.T.);
#13070 = VERTEX_POINT('',#13071);
#13071 = CARTESIAN_POINT('',(102.72,-55.39,1.51));
#13072 = CIRCLE('',#13073,0.35);
#13073 = AXIS2_PLACEMENT_3D('',#13074,#13075,#13076);
#13074 = CARTESIAN_POINT('',(102.72,-55.04,1.51));
#13075 = DIRECTION('',(-0.,0.,-1.));
#13076 = DIRECTION('',(-0.,-1.,0.));
#13077 = FACE_BOUND('',#13078,.T.);
#13078 = EDGE_LOOP('',(#13079));
#13079 = ORIENTED_EDGE('',*,*,#13080,.T.);
#13080 = EDGE_CURVE('',#13081,#13081,#13083,.T.);
#13081 = VERTEX_POINT('',#13082);
#13082 = CARTESIAN_POINT('',(97.67,-53.,1.51));
#13083 = CIRCLE('',#13084,0.5);
#13084 = AXIS2_PLACEMENT_3D('',#13085,#13086,#13087);
#13085 = CARTESIAN_POINT('',(97.67,-52.5,1.51));
#13086 = DIRECTION('',(-0.,0.,-1.));
#13087 = DIRECTION('',(-0.,-1.,0.));
#13088 = FACE_BOUND('',#13089,.T.);
#13089 = EDGE_LOOP('',(#13090));
#13090 = ORIENTED_EDGE('',*,*,#13091,.T.);
#13091 = EDGE_CURVE('',#13092,#13092,#13094,.T.);
#13092 = VERTEX_POINT('',#13093);
#13093 = CARTESIAN_POINT('',(121.94,-56.905,1.51));
#13094 = CIRCLE('',#13095,0.5);
#13095 = AXIS2_PLACEMENT_3D('',#13096,#13097,#13098);
#13096 = CARTESIAN_POINT('',(121.94,-56.405,1.51));
#13097 = DIRECTION('',(-0.,0.,-1.));
#13098 = DIRECTION('',(-0.,-1.,0.));
#13099 = FACE_BOUND('',#13100,.T.);
#13100 = EDGE_LOOP('',(#13101));
#13101 = ORIENTED_EDGE('',*,*,#13102,.F.);
#13102 = EDGE_CURVE('',#13103,#13103,#13105,.T.);
#13103 = VERTEX_POINT('',#13104);
#13104 = CARTESIAN_POINT('',(133.89,-60.1,1.51));
#13105 = CIRCLE('',#13106,1.);
#13106 = AXIS2_PLACEMENT_3D('',#13107,#13108,#13109);
#13107 = CARTESIAN_POINT('',(132.89,-60.1,1.51));
#13108 = DIRECTION('',(0.,0.,1.));
#13109 = DIRECTION('',(1.,0.,-0.));
#13110 = PLANE('',#13111);
#13111 = AXIS2_PLACEMENT_3D('',#13112,#13113,#13114);
#13112 = CARTESIAN_POINT('',(0.,0.,1.51));
#13113 = DIRECTION('',(0.,0.,1.));
#13114 = DIRECTION('',(1.,0.,-0.));
#13115 = ADVANCED_FACE('',(#13116),#13122,.T.);
#13116 = FACE_BOUND('',#13117,.T.);
#13117 = EDGE_LOOP('',(#13118,#13119,#13120,#13121));
#13118 = ORIENTED_EDGE('',*,*,#12755,.T.);
#13119 = ORIENTED_EDGE('',*,*,#12950,.T.);
#13120 = ORIENTED_EDGE('',*,*,#12715,.F.);
#13121 = ORIENTED_EDGE('',*,*,#12779,.F.);
#13122 = PLANE('',#13123);
#13123 = AXIS2_PLACEMENT_3D('',#13124,#13125,#13126);
#13124 = CARTESIAN_POINT('',(96.44,-51.03,0.));
#13125 = DIRECTION('',(0.,1.,0.));
#13126 = DIRECTION('',(1.,0.,0.));
#13127 = ADVANCED_FACE('',(#13128),#13139,.F.);
#13128 = FACE_BOUND('',#13129,.T.);
#13129 = EDGE_LOOP('',(#13130,#13131,#13137,#13138));
#13130 = ORIENTED_EDGE('',*,*,#12788,.T.);
#13131 = ORIENTED_EDGE('',*,*,#13132,.T.);
#13132 = EDGE_CURVE('',#12789,#12960,#13133,.T.);
#13133 = LINE('',#13134,#13135);
#13134 = CARTESIAN_POINT('',(97.67,-68.24,-4.6E-02));
#13135 = VECTOR('',#13136,1.);
#13136 = DIRECTION('',(0.,0.,1.));
#13137 = ORIENTED_EDGE('',*,*,#12959,.F.);
#13138 = ORIENTED_EDGE('',*,*,#13132,.F.);
#13139 = CYLINDRICAL_SURFACE('',#13140,0.5);
#13140 = AXIS2_PLACEMENT_3D('',#13141,#13142,#13143);
#13141 = CARTESIAN_POINT('',(97.67,-67.74,-4.6E-02));
#13142 = DIRECTION('',(-0.,-0.,-1.));
#13143 = DIRECTION('',(-0.,-1.,0.));
#13144 = ADVANCED_FACE('',(#13145),#13156,.F.);
#13145 = FACE_BOUND('',#13146,.T.);
#13146 = EDGE_LOOP('',(#13147,#13148,#13154,#13155));
#13147 = ORIENTED_EDGE('',*,*,#12799,.T.);
#13148 = ORIENTED_EDGE('',*,*,#13149,.T.);
#13149 = EDGE_CURVE('',#12800,#12971,#13150,.T.);
#13150 = LINE('',#13151,#13152);
#13151 = CARTESIAN_POINT('',(97.67,-65.7,-4.6E-02));
#13152 = VECTOR('',#13153,1.);
#13153 = DIRECTION('',(0.,0.,1.));
#13154 = ORIENTED_EDGE('',*,*,#12970,.F.);
#13155 = ORIENTED_EDGE('',*,*,#13149,.F.);
#13156 = CYLINDRICAL_SURFACE('',#13157,0.5);
#13157 = AXIS2_PLACEMENT_3D('',#13158,#13159,#13160);
#13158 = CARTESIAN_POINT('',(97.67,-65.2,-4.6E-02));
#13159 = DIRECTION('',(-0.,-0.,-1.));
#13160 = DIRECTION('',(-0.,-1.,0.));
#13161 = ADVANCED_FACE('',(#13162),#13173,.F.);
#13162 = FACE_BOUND('',#13163,.T.);
#13163 = EDGE_LOOP('',(#13164,#13165,#13171,#13172));
#13164 = ORIENTED_EDGE('',*,*,#12810,.T.);
#13165 = ORIENTED_EDGE('',*,*,#13166,.T.);
#13166 = EDGE_CURVE('',#12811,#12982,#13167,.T.);
#13167 = LINE('',#13168,#13169);
#13168 = CARTESIAN_POINT('',(101.375,-66.0599,-4.6E-02));
#13169 = VECTOR('',#13170,1.);
#13170 = DIRECTION('',(0.,0.,1.));
#13171 = ORIENTED_EDGE('',*,*,#12981,.F.);
#13172 = ORIENTED_EDGE('',*,*,#13166,.F.);
#13173 = CYLINDRICAL_SURFACE('',#13174,0.4);
#13174 = AXIS2_PLACEMENT_3D('',#13175,#13176,#13177);
#13175 = CARTESIAN_POINT('',(101.375,-65.6599,-4.6E-02));
#13176 = DIRECTION('',(-0.,-0.,-1.));
#13177 = DIRECTION('',(-0.,-1.,0.));
#13178 = ADVANCED_FACE('',(#13179),#13190,.F.);
#13179 = FACE_BOUND('',#13180,.T.);
#13180 = EDGE_LOOP('',(#13181,#13182,#13188,#13189));
#13181 = ORIENTED_EDGE('',*,*,#12821,.T.);
#13182 = ORIENTED_EDGE('',*,*,#13183,.T.);
#13183 = EDGE_CURVE('',#12822,#12993,#13184,.T.);
#13184 = LINE('',#13185,#13186);
#13185 = CARTESIAN_POINT('',(97.67,-63.16,-4.6E-02));
#13186 = VECTOR('',#13187,1.);
#13187 = DIRECTION('',(0.,0.,1.));
#13188 = ORIENTED_EDGE('',*,*,#12992,.F.);
#13189 = ORIENTED_EDGE('',*,*,#13183,.F.);
#13190 = CYLINDRICAL_SURFACE('',#13191,0.5);
#13191 = AXIS2_PLACEMENT_3D('',#13192,#13193,#13194);
#13192 = CARTESIAN_POINT('',(97.67,-62.66,-4.6E-02));
#13193 = DIRECTION('',(-0.,-0.,-1.));
#13194 = DIRECTION('',(-0.,-1.,0.));
#13195 = ADVANCED_FACE('',(#13196),#13207,.F.);
#13196 = FACE_BOUND('',#13197,.T.);
#13197 = EDGE_LOOP('',(#13198,#13199,#13205,#13206));
#13198 = ORIENTED_EDGE('',*,*,#12832,.T.);
#13199 = ORIENTED_EDGE('',*,*,#13200,.T.);
#13200 = EDGE_CURVE('',#12833,#13004,#13201,.T.);
#13201 = LINE('',#13202,#13203);
#13202 = CARTESIAN_POINT('',(101.375,-63.5599,-4.6E-02));
#13203 = VECTOR('',#13204,1.);
#13204 = DIRECTION('',(0.,0.,1.));
#13205 = ORIENTED_EDGE('',*,*,#13003,.F.);
#13206 = ORIENTED_EDGE('',*,*,#13200,.F.);
#13207 = CYLINDRICAL_SURFACE('',#13208,0.4);
#13208 = AXIS2_PLACEMENT_3D('',#13209,#13210,#13211);
#13209 = CARTESIAN_POINT('',(101.375,-63.1599,-4.6E-02));
#13210 = DIRECTION('',(-0.,-0.,-1.));
#13211 = DIRECTION('',(-0.,-1.,0.));
#13212 = ADVANCED_FACE('',(#13213),#13224,.F.);
#13213 = FACE_BOUND('',#13214,.T.);
#13214 = EDGE_LOOP('',(#13215,#13216,#13222,#13223));
#13215 = ORIENTED_EDGE('',*,*,#12843,.T.);
#13216 = ORIENTED_EDGE('',*,*,#13217,.T.);
#13217 = EDGE_CURVE('',#12844,#13015,#13218,.T.);
#13218 = LINE('',#13219,#13220);
#13219 = CARTESIAN_POINT('',(121.94,-64.505,-4.6E-02));
#13220 = VECTOR('',#13221,1.);
#13221 = DIRECTION('',(0.,0.,1.));
#13222 = ORIENTED_EDGE('',*,*,#13014,.F.);
#13223 = ORIENTED_EDGE('',*,*,#13217,.F.);
#13224 = CYLINDRICAL_SURFACE('',#13225,0.5);
#13225 = AXIS2_PLACEMENT_3D('',#13226,#13227,#13228);
#13226 = CARTESIAN_POINT('',(121.94,-64.005,-4.6E-02));
#13227 = DIRECTION('',(-0.,-0.,-1.));
#13228 = DIRECTION('',(-0.,-1.,0.));
#13229 = ADVANCED_FACE('',(#13230),#13241,.F.);
#13230 = FACE_BOUND('',#13231,.T.);
#13231 = EDGE_LOOP('',(#13232,#13233,#13239,#13240));
#13232 = ORIENTED_EDGE('',*,*,#12854,.T.);
#13233 = ORIENTED_EDGE('',*,*,#13234,.T.);
#13234 = EDGE_CURVE('',#12855,#13026,#13235,.T.);
#13235 = LINE('',#13236,#13237);
#13236 = CARTESIAN_POINT('',(97.67,-60.62,-4.6E-02));
#13237 = VECTOR('',#13238,1.);
#13238 = DIRECTION('',(0.,0.,1.));
#13239 = ORIENTED_EDGE('',*,*,#13025,.F.);
#13240 = ORIENTED_EDGE('',*,*,#13234,.F.);
#13241 = CYLINDRICAL_SURFACE('',#13242,0.5);
#13242 = AXIS2_PLACEMENT_3D('',#13243,#13244,#13245);
#13243 = CARTESIAN_POINT('',(97.67,-60.12,-4.6E-02));
#13244 = DIRECTION('',(-0.,-0.,-1.));
#13245 = DIRECTION('',(-0.,-1.,0.));
#13246 = ADVANCED_FACE('',(#13247),#13258,.F.);
#13247 = FACE_BOUND('',#13248,.T.);
#13248 = EDGE_LOOP('',(#13249,#13250,#13256,#13257));
#13249 = ORIENTED_EDGE('',*,*,#12865,.T.);
#13250 = ORIENTED_EDGE('',*,*,#13251,.T.);
#13251 = EDGE_CURVE('',#12866,#13037,#13252,.T.);
#13252 = LINE('',#13253,#13254);
#13253 = CARTESIAN_POINT('',(97.67,-58.08,-4.6E-02));
#13254 = VECTOR('',#13255,1.);
#13255 = DIRECTION('',(0.,0.,1.));
#13256 = ORIENTED_EDGE('',*,*,#13036,.F.);
#13257 = ORIENTED_EDGE('',*,*,#13251,.F.);
#13258 = CYLINDRICAL_SURFACE('',#13259,0.5);
#13259 = AXIS2_PLACEMENT_3D('',#13260,#13261,#13262);
#13260 = CARTESIAN_POINT('',(97.67,-57.58,-4.6E-02));
#13261 = DIRECTION('',(-0.,-0.,-1.));
#13262 = DIRECTION('',(-0.,-1.,0.));
#13263 = ADVANCED_FACE('',(#13264),#13275,.F.);
#13264 = FACE_BOUND('',#13265,.T.);
#13265 = EDGE_LOOP('',(#13266,#13267,#13273,#13274));
#13266 = ORIENTED_EDGE('',*,*,#12876,.T.);
#13267 = ORIENTED_EDGE('',*,*,#13268,.T.);
#13268 = EDGE_CURVE('',#12877,#13048,#13269,.T.);
#13269 = LINE('',#13270,#13271);
#13270 = CARTESIAN_POINT('',(102.72,-57.93,-4.6E-02));
#13271 = VECTOR('',#13272,1.);
#13272 = DIRECTION('',(0.,0.,1.));
#13273 = ORIENTED_EDGE('',*,*,#13047,.F.);
#13274 = ORIENTED_EDGE('',*,*,#13268,.F.);
#13275 = CYLINDRICAL_SURFACE('',#13276,0.35);
#13276 = AXIS2_PLACEMENT_3D('',#13277,#13278,#13279);
#13277 = CARTESIAN_POINT('',(102.72,-57.58,-4.6E-02));
#13278 = DIRECTION('',(-0.,-0.,-1.));
#13279 = DIRECTION('',(-0.,-1.,0.));
#13280 = ADVANCED_FACE('',(#13281),#13292,.F.);
#13281 = FACE_BOUND('',#13282,.T.);
#13282 = EDGE_LOOP('',(#13283,#13284,#13290,#13291));
#13283 = ORIENTED_EDGE('',*,*,#12887,.T.);
#13284 = ORIENTED_EDGE('',*,*,#13285,.T.);
#13285 = EDGE_CURVE('',#12888,#13059,#13286,.T.);
#13286 = LINE('',#13287,#13288);
#13287 = CARTESIAN_POINT('',(97.67,-55.54,-4.6E-02));
#13288 = VECTOR('',#13289,1.);
#13289 = DIRECTION('',(0.,0.,1.));
#13290 = ORIENTED_EDGE('',*,*,#13058,.F.);
#13291 = ORIENTED_EDGE('',*,*,#13285,.F.);
#13292 = CYLINDRICAL_SURFACE('',#13293,0.5);
#13293 = AXIS2_PLACEMENT_3D('',#13294,#13295,#13296);
#13294 = CARTESIAN_POINT('',(97.67,-55.04,-4.6E-02));
#13295 = DIRECTION('',(-0.,-0.,-1.));
#13296 = DIRECTION('',(-0.,-1.,0.));
#13297 = ADVANCED_FACE('',(#13298),#13309,.F.);
#13298 = FACE_BOUND('',#13299,.T.);
#13299 = EDGE_LOOP('',(#13300,#13301,#13307,#13308));
#13300 = ORIENTED_EDGE('',*,*,#12898,.T.);
#13301 = ORIENTED_EDGE('',*,*,#13302,.T.);
#13302 = EDGE_CURVE('',#12899,#13070,#13303,.T.);
#13303 = LINE('',#13304,#13305);
#13304 = CARTESIAN_POINT('',(102.72,-55.39,-4.6E-02));
#13305 = VECTOR('',#13306,1.);
#13306 = DIRECTION('',(0.,0.,1.));
#13307 = ORIENTED_EDGE('',*,*,#13069,.F.);
#13308 = ORIENTED_EDGE('',*,*,#13302,.F.);
#13309 = CYLINDRICAL_SURFACE('',#13310,0.35);
#13310 = AXIS2_PLACEMENT_3D('',#13311,#13312,#13313);
#13311 = CARTESIAN_POINT('',(102.72,-55.04,-4.6E-02));
#13312 = DIRECTION('',(-0.,-0.,-1.));
#13313 = DIRECTION('',(-0.,-1.,0.));
#13314 = ADVANCED_FACE('',(#13315),#13326,.F.);
#13315 = FACE_BOUND('',#13316,.T.);
#13316 = EDGE_LOOP('',(#13317,#13318,#13324,#13325));
#13317 = ORIENTED_EDGE('',*,*,#12909,.T.);
#13318 = ORIENTED_EDGE('',*,*,#13319,.T.);
#13319 = EDGE_CURVE('',#12910,#13081,#13320,.T.);
#13320 = LINE('',#13321,#13322);
#13321 = CARTESIAN_POINT('',(97.67,-53.,-4.6E-02));
#13322 = VECTOR('',#13323,1.);
#13323 = DIRECTION('',(0.,0.,1.));
#13324 = ORIENTED_EDGE('',*,*,#13080,.F.);
#13325 = ORIENTED_EDGE('',*,*,#13319,.F.);
#13326 = CYLINDRICAL_SURFACE('',#13327,0.5);
#13327 = AXIS2_PLACEMENT_3D('',#13328,#13329,#13330);
#13328 = CARTESIAN_POINT('',(97.67,-52.5,-4.6E-02));
#13329 = DIRECTION('',(-0.,-0.,-1.));
#13330 = DIRECTION('',(-0.,-1.,0.));
#13331 = ADVANCED_FACE('',(#13332),#13343,.F.);
#13332 = FACE_BOUND('',#13333,.T.);
#13333 = EDGE_LOOP('',(#13334,#13335,#13341,#13342));
#13334 = ORIENTED_EDGE('',*,*,#12920,.T.);
#13335 = ORIENTED_EDGE('',*,*,#13336,.T.);
#13336 = EDGE_CURVE('',#12921,#13092,#13337,.T.);
#13337 = LINE('',#13338,#13339);
#13338 = CARTESIAN_POINT('',(121.94,-56.905,-4.6E-02));
#13339 = VECTOR('',#13340,1.);
#13340 = DIRECTION('',(0.,0.,1.));
#13341 = ORIENTED_EDGE('',*,*,#13091,.F.);
#13342 = ORIENTED_EDGE('',*,*,#13336,.F.);
#13343 = CYLINDRICAL_SURFACE('',#13344,0.5);
#13344 = AXIS2_PLACEMENT_3D('',#13345,#13346,#13347);
#13345 = CARTESIAN_POINT('',(121.94,-56.405,-4.6E-02));
#13346 = DIRECTION('',(-0.,-0.,-1.));
#13347 = DIRECTION('',(-0.,-1.,0.));
#13348 = ADVANCED_FACE('',(#13349),#13360,.F.);
#13349 = FACE_BOUND('',#13350,.T.);
#13350 = EDGE_LOOP('',(#13351,#13357,#13358,#13359));
#13351 = ORIENTED_EDGE('',*,*,#13352,.T.);
#13352 = EDGE_CURVE('',#12932,#13103,#13353,.T.);
#13353 = LINE('',#13354,#13355);
#13354 = CARTESIAN_POINT('',(133.89,-60.1,0.));
#13355 = VECTOR('',#13356,1.);
#13356 = DIRECTION('',(0.,0.,1.));
#13357 = ORIENTED_EDGE('',*,*,#13102,.T.);
#13358 = ORIENTED_EDGE('',*,*,#13352,.F.);
#13359 = ORIENTED_EDGE('',*,*,#12931,.F.);
#13360 = CYLINDRICAL_SURFACE('',#13361,1.);
#13361 = AXIS2_PLACEMENT_3D('',#13362,#13363,#13364);
#13362 = CARTESIAN_POINT('',(132.89,-60.1,0.));
#13363 = DIRECTION('',(-0.,-0.,-1.));
#13364 = DIRECTION('',(1.,0.,-0.));
#13365 = ( GEOMETRIC_REPRESENTATION_CONTEXT(3) 
GLOBAL_UNCERTAINTY_ASSIGNED_CONTEXT((#13369)) 
GLOBAL_UNIT_ASSIGNED_CONTEXT((#13366,#13367,#13368)) 
REPRESENTATION_CONTEXT('Context #1',
  '3D Context with UNIT and UNCERTAINTY') );
#13366 = ( LENGTH_UNIT() NAMED_UNIT(*) SI_UNIT(.MILLI.,.METRE.) );
#13367 = ( NAMED_UNIT(*) PLANE_ANGLE_UNIT() SI_UNIT($,.RADIAN.) );
#13368 = ( NAMED_UNIT(*) SI_UNIT($,.STERADIAN.) SOLID_ANGLE_UNIT() );
#13369 = UNCERTAINTY_MEASURE_WITH_UNIT(LENGTH_MEASURE(1.E-07),#13366,
  'distance_accuracy_value','confusion accuracy');
#13370 = CONTEXT_DEPENDENT_SHAPE_REPRESENTATION(#13371,#13373);
#13371 = ( REPRESENTATION_RELATIONSHIP('','',#12668,#10) 
REPRESENTATION_RELATIONSHIP_WITH_TRANSFORMATION(#13372) 
SHAPE_REPRESENTATION_RELATIONSHIP() );
#13372 = ITEM_DEFINED_TRANSFORMATION('','',#11,#91);
#13373 = PRODUCT_DEFINITION_SHAPE('Placement','Placement of an item',
  #13374);
#13374 = NEXT_ASSEMBLY_USAGE_OCCURRENCE('25','=>[0:1:1:11]','',#5,#12663
  ,$);
#13375 = PRODUCT_RELATED_PRODUCT_CATEGORY('part',$,(#12665));
#13376 = MECHANICAL_DESIGN_GEOMETRIC_PRESENTATION_REPRESENTATION('',(
    #13377,#13385,#13392,#13399,#13406,#13413,#13420,#13427,#13434,
    #13441,#13448,#13456,#13463,#13470,#13477,#13484,#13491,#13498,
    #13505,#13512,#13519,#13526,#13533,#13540,#13547,#13554,#13561,
    #13568),#963);
#13377 = STYLED_ITEM('color',(#13378),#111);
#13378 = PRESENTATION_STYLE_ASSIGNMENT((#13379));
#13379 = SURFACE_STYLE_USAGE(.BOTH.,#13380);
#13380 = SURFACE_SIDE_STYLE('',(#13381));
#13381 = SURFACE_STYLE_FILL_AREA(#13382);
#13382 = FILL_AREA_STYLE('',(#13383));
#13383 = FILL_AREA_STYLE_COLOUR('',#13384);
#13384 = COLOUR_RGB('',0.823999987314,0.819999987296,0.781000009244);
#13385 = STYLED_ITEM('color',(#13386),#187);
#13386 = PRESENTATION_STYLE_ASSIGNMENT((#13387));
#13387 = SURFACE_STYLE_USAGE(.BOTH.,#13388);
#13388 = SURFACE_SIDE_STYLE('',(#13389));
#13389 = SURFACE_STYLE_FILL_AREA(#13390);
#13390 = FILL_AREA_STYLE('',(#13391));
#13391 = FILL_AREA_STYLE_COLOUR('',#13384);
#13392 = STYLED_ITEM('color',(#13393),#218);
#13393 = PRESENTATION_STYLE_ASSIGNMENT((#13394));
#13394 = SURFACE_STYLE_USAGE(.BOTH.,#13395);
#13395 = SURFACE_SIDE_STYLE('',(#13396));
#13396 = SURFACE_STYLE_FILL_AREA(#13397);
#13397 = FILL_AREA_STYLE('',(#13398));
#13398 = FILL_AREA_STYLE_COLOUR('',#13384);
#13399 = STYLED_ITEM('color',(#13400),#243);
#13400 = PRESENTATION_STYLE_ASSIGNMENT((#13401));
#13401 = SURFACE_STYLE_USAGE(.BOTH.,#13402);
#13402 = SURFACE_SIDE_STYLE('',(#13403));
#13403 = SURFACE_STYLE_FILL_AREA(#13404);
#13404 = FILL_AREA_STYLE('',(#13405));
#13405 = FILL_AREA_STYLE_COLOUR('',#13384);
#13406 = STYLED_ITEM('color',(#13407),#268);
#13407 = PRESENTATION_STYLE_ASSIGNMENT((#13408));
#13408 = SURFACE_STYLE_USAGE(.BOTH.,#13409);
#13409 = SURFACE_SIDE_STYLE('',(#13410));
#13410 = SURFACE_STYLE_FILL_AREA(#13411);
#13411 = FILL_AREA_STYLE('',(#13412));
#13412 = FILL_AREA_STYLE_COLOUR('',#13384);
#13413 = STYLED_ITEM('color',(#13414),#292);
#13414 = PRESENTATION_STYLE_ASSIGNMENT((#13415));
#13415 = SURFACE_STYLE_USAGE(.BOTH.,#13416);
#13416 = SURFACE_SIDE_STYLE('',(#13417));
#13417 = SURFACE_STYLE_FILL_AREA(#13418);
#13418 = FILL_AREA_STYLE('',(#13419));
#13419 = FILL_AREA_STYLE_COLOUR('',#13384);
#13420 = STYLED_ITEM('color',(#13421),#316);
#13421 = PRESENTATION_STYLE_ASSIGNMENT((#13422));
#13422 = SURFACE_STYLE_USAGE(.BOTH.,#13423);
#13423 = SURFACE_SIDE_STYLE('',(#13424));
#13424 = SURFACE_STYLE_FILL_AREA(#13425);
#13425 = FILL_AREA_STYLE('',(#13426));
#13426 = FILL_AREA_STYLE_COLOUR('',#13384);
#13427 = STYLED_ITEM('color',(#13428),#341);
#13428 = PRESENTATION_STYLE_ASSIGNMENT((#13429));
#13429 = SURFACE_STYLE_USAGE(.BOTH.,#13430);
#13430 = SURFACE_SIDE_STYLE('',(#13431));
#13431 = SURFACE_STYLE_FILL_AREA(#13432);
#13432 = FILL_AREA_STYLE('',(#13433));
#13433 = FILL_AREA_STYLE_COLOUR('',#13384);
#13434 = STYLED_ITEM('color',(#13435),#366);
#13435 = PRESENTATION_STYLE_ASSIGNMENT((#13436));
#13436 = SURFACE_STYLE_USAGE(.BOTH.,#13437);
#13437 = SURFACE_SIDE_STYLE('',(#13438));
#13438 = SURFACE_STYLE_FILL_AREA(#13439);
#13439 = FILL_AREA_STYLE('',(#13440));
#13440 = FILL_AREA_STYLE_COLOUR('',#13384);
#13441 = STYLED_ITEM('color',(#13442),#383);
#13442 = PRESENTATION_STYLE_ASSIGNMENT((#13443));
#13443 = SURFACE_STYLE_USAGE(.BOTH.,#13444);
#13444 = SURFACE_SIDE_STYLE('',(#13445));
#13445 = SURFACE_STYLE_FILL_AREA(#13446);
#13446 = FILL_AREA_STYLE('',(#13447));
#13447 = FILL_AREA_STYLE_COLOUR('',#13384);
#13448 = STYLED_ITEM('color',(#13449),#469);
#13449 = PRESENTATION_STYLE_ASSIGNMENT((#13450));
#13450 = SURFACE_STYLE_USAGE(.BOTH.,#13451);
#13451 = SURFACE_SIDE_STYLE('',(#13452));
#13452 = SURFACE_STYLE_FILL_AREA(#13453);
#13453 = FILL_AREA_STYLE('',(#13454));
#13454 = FILL_AREA_STYLE_COLOUR('',#13455);
#13455 = COLOUR_RGB('',0.379000005575,0.270000008848,0.214999999939);
#13456 = STYLED_ITEM('color',(#13457),#501);
#13457 = PRESENTATION_STYLE_ASSIGNMENT((#13458));
#13458 = SURFACE_STYLE_USAGE(.BOTH.,#13459);
#13459 = SURFACE_SIDE_STYLE('',(#13460));
#13460 = SURFACE_STYLE_FILL_AREA(#13461);
#13461 = FILL_AREA_STYLE('',(#13462));
#13462 = FILL_AREA_STYLE_COLOUR('',#13455);
#13463 = STYLED_ITEM('color',(#13464),#525);
#13464 = PRESENTATION_STYLE_ASSIGNMENT((#13465));
#13465 = SURFACE_STYLE_USAGE(.BOTH.,#13466);
#13466 = SURFACE_SIDE_STYLE('',(#13467));
#13467 = SURFACE_STYLE_FILL_AREA(#13468);
#13468 = FILL_AREA_STYLE('',(#13469));
#13469 = FILL_AREA_STYLE_COLOUR('',#13455);
#13470 = STYLED_ITEM('color',(#13471),#550);
#13471 = PRESENTATION_STYLE_ASSIGNMENT((#13472));
#13472 = SURFACE_STYLE_USAGE(.BOTH.,#13473);
#13473 = SURFACE_SIDE_STYLE('',(#13474));
#13474 = SURFACE_STYLE_FILL_AREA(#13475);
#13475 = FILL_AREA_STYLE('',(#13476));
#13476 = FILL_AREA_STYLE_COLOUR('',#13455);
#13477 = STYLED_ITEM('color',(#13478),#574);
#13478 = PRESENTATION_STYLE_ASSIGNMENT((#13479));
#13479 = SURFACE_STYLE_USAGE(.BOTH.,#13480);
#13480 = SURFACE_SIDE_STYLE('',(#13481));
#13481 = SURFACE_STYLE_FILL_AREA(#13482);
#13482 = FILL_AREA_STYLE('',(#13483));
#13483 = FILL_AREA_STYLE_COLOUR('',#13455);
#13484 = STYLED_ITEM('color',(#13485),#599);
#13485 = PRESENTATION_STYLE_ASSIGNMENT((#13486));
#13486 = SURFACE_STYLE_USAGE(.BOTH.,#13487);
#13487 = SURFACE_SIDE_STYLE('',(#13488));
#13488 = SURFACE_STYLE_FILL_AREA(#13489);
#13489 = FILL_AREA_STYLE('',(#13490));
#13490 = FILL_AREA_STYLE_COLOUR('',#13455);
#13491 = STYLED_ITEM('color',(#13492),#623);
#13492 = PRESENTATION_STYLE_ASSIGNMENT((#13493));
#13493 = SURFACE_STYLE_USAGE(.BOTH.,#13494);
#13494 = SURFACE_SIDE_STYLE('',(#13495));
#13495 = SURFACE_STYLE_FILL_AREA(#13496);
#13496 = FILL_AREA_STYLE('',(#13497));
#13497 = FILL_AREA_STYLE_COLOUR('',#13455);
#13498 = STYLED_ITEM('color',(#13499),#648);
#13499 = PRESENTATION_STYLE_ASSIGNMENT((#13500));
#13500 = SURFACE_STYLE_USAGE(.BOTH.,#13501);
#13501 = SURFACE_SIDE_STYLE('',(#13502));
#13502 = SURFACE_STYLE_FILL_AREA(#13503);
#13503 = FILL_AREA_STYLE('',(#13504));
#13504 = FILL_AREA_STYLE_COLOUR('',#13455);
#13505 = STYLED_ITEM('color',(#13506),#665);
#13506 = PRESENTATION_STYLE_ASSIGNMENT((#13507));
#13507 = SURFACE_STYLE_USAGE(.BOTH.,#13508);
#13508 = SURFACE_SIDE_STYLE('',(#13509));
#13509 = SURFACE_STYLE_FILL_AREA(#13510);
#13510 = FILL_AREA_STYLE('',(#13511));
#13511 = FILL_AREA_STYLE_COLOUR('',#13384);
#13512 = STYLED_ITEM('color',(#13513),#751);
#13513 = PRESENTATION_STYLE_ASSIGNMENT((#13514));
#13514 = SURFACE_STYLE_USAGE(.BOTH.,#13515);
#13515 = SURFACE_SIDE_STYLE('',(#13516));
#13516 = SURFACE_STYLE_FILL_AREA(#13517);
#13517 = FILL_AREA_STYLE('',(#13518));
#13518 = FILL_AREA_STYLE_COLOUR('',#13384);
#13519 = STYLED_ITEM('color',(#13520),#782);
#13520 = PRESENTATION_STYLE_ASSIGNMENT((#13521));
#13521 = SURFACE_STYLE_USAGE(.BOTH.,#13522);
#13522 = SURFACE_SIDE_STYLE('',(#13523));
#13523 = SURFACE_STYLE_FILL_AREA(#13524);
#13524 = FILL_AREA_STYLE('',(#13525));
#13525 = FILL_AREA_STYLE_COLOUR('',#13384);
#13526 = STYLED_ITEM('color',(#13527),#807);
#13527 = PRESENTATION_STYLE_ASSIGNMENT((#13528));
#13528 = SURFACE_STYLE_USAGE(.BOTH.,#13529);
#13529 = SURFACE_SIDE_STYLE('',(#13530));
#13530 = SURFACE_STYLE_FILL_AREA(#13531);
#13531 = FILL_AREA_STYLE('',(#13532));
#13532 = FILL_AREA_STYLE_COLOUR('',#13384);
#13533 = STYLED_ITEM('color',(#13534),#832);
#13534 = PRESENTATION_STYLE_ASSIGNMENT((#13535));
#13535 = SURFACE_STYLE_USAGE(.BOTH.,#13536);
#13536 = SURFACE_SIDE_STYLE('',(#13537));
#13537 = SURFACE_STYLE_FILL_AREA(#13538);
#13538 = FILL_AREA_STYLE('',(#13539));
#13539 = FILL_AREA_STYLE_COLOUR('',#13384);
#13540 = STYLED_ITEM('color',(#13541),#856);
#13541 = PRESENTATION_STYLE_ASSIGNMENT((#13542));
#13542 = SURFACE_STYLE_USAGE(.BOTH.,#13543);
#13543 = SURFACE_SIDE_STYLE('',(#13544));
#13544 = SURFACE_STYLE_FILL_AREA(#13545);
#13545 = FILL_AREA_STYLE('',(#13546));
#13546 = FILL_AREA_STYLE_COLOUR('',#13384);
#13547 = STYLED_ITEM('color',(#13548),#880);
#13548 = PRESENTATION_STYLE_ASSIGNMENT((#13549));
#13549 = SURFACE_STYLE_USAGE(.BOTH.,#13550);
#13550 = SURFACE_SIDE_STYLE('',(#13551));
#13551 = SURFACE_STYLE_FILL_AREA(#13552);
#13552 = FILL_AREA_STYLE('',(#13553));
#13553 = FILL_AREA_STYLE_COLOUR('',#13384);
#13554 = STYLED_ITEM('color',(#13555),#905);
#13555 = PRESENTATION_STYLE_ASSIGNMENT((#13556));
#13556 = SURFACE_STYLE_USAGE(.BOTH.,#13557);
#13557 = SURFACE_SIDE_STYLE('',(#13558));
#13558 = SURFACE_STYLE_FILL_AREA(#13559);
#13559 = FILL_AREA_STYLE('',(#13560));
#13560 = FILL_AREA_STYLE_COLOUR('',#13384);
#13561 = STYLED_ITEM('color',(#13562),#930);
#13562 = PRESENTATION_STYLE_ASSIGNMENT((#13563));
#13563 = SURFACE_STYLE_USAGE(.BOTH.,#13564);
#13564 = SURFACE_SIDE_STYLE('',(#13565));
#13565 = SURFACE_STYLE_FILL_AREA(#13566);
#13566 = FILL_AREA_STYLE('',(#13567));
#13567 = FILL_AREA_STYLE_COLOUR('',#13384);
#13568 = STYLED_ITEM('color',(#13569),#947);
#13569 = PRESENTATION_STYLE_ASSIGNMENT((#13570));
#13570 = SURFACE_STYLE_USAGE(.BOTH.,#13571);
#13571 = SURFACE_SIDE_STYLE('',(#13572));
#13572 = SURFACE_STYLE_FILL_AREA(#13573);
#13573 = FILL_AREA_STYLE('',(#13574));
#13574 = FILL_AREA_STYLE_COLOUR('',#13384);
#13575 = MECHANICAL_DESIGN_GEOMETRIC_PRESENTATION_REPRESENTATION('',(
    #13576,#13583,#13590,#13597,#13604,#13611,#13618,#13625,#13633,
    #13640,#13647,#13654,#13661,#13668,#13676,#13683,#13690,#13697,
    #13704,#13711,#13718,#13725,#13732,#13739,#13746,#13753),#3296);
#13576 = STYLED_ITEM('color',(#13577),#2508);
#13577 = PRESENTATION_STYLE_ASSIGNMENT((#13578));
#13578 = SURFACE_STYLE_USAGE(.BOTH.,#13579);
#13579 = SURFACE_SIDE_STYLE('',(#13580));
#13580 = SURFACE_STYLE_FILL_AREA(#13581);
#13581 = FILL_AREA_STYLE('',(#13582));
#13582 = FILL_AREA_STYLE_COLOUR('',#13384);
#13583 = STYLED_ITEM('color',(#13584),#2548);
#13584 = PRESENTATION_STYLE_ASSIGNMENT((#13585));
#13585 = SURFACE_STYLE_USAGE(.BOTH.,#13586);
#13586 = SURFACE_SIDE_STYLE('',(#13587));
#13587 = SURFACE_STYLE_FILL_AREA(#13588);
#13588 = FILL_AREA_STYLE('',(#13589));
#13589 = FILL_AREA_STYLE_COLOUR('',#13384);
#13590 = STYLED_ITEM('color',(#13591),#2631);
#13591 = PRESENTATION_STYLE_ASSIGNMENT((#13592));
#13592 = SURFACE_STYLE_USAGE(.BOTH.,#13593);
#13593 = SURFACE_SIDE_STYLE('',(#13594));
#13594 = SURFACE_STYLE_FILL_AREA(#13595);
#13595 = FILL_AREA_STYLE('',(#13596));
#13596 = FILL_AREA_STYLE_COLOUR('',#13384);
#13597 = STYLED_ITEM('color',(#13598),#2656);
#13598 = PRESENTATION_STYLE_ASSIGNMENT((#13599));
#13599 = SURFACE_STYLE_USAGE(.BOTH.,#13600);
#13600 = SURFACE_SIDE_STYLE('',(#13601));
#13601 = SURFACE_STYLE_FILL_AREA(#13602);
#13602 = FILL_AREA_STYLE('',(#13603));
#13603 = FILL_AREA_STYLE_COLOUR('',#13384);
#13604 = STYLED_ITEM('color',(#13605),#2681);
#13605 = PRESENTATION_STYLE_ASSIGNMENT((#13606));
#13606 = SURFACE_STYLE_USAGE(.BOTH.,#13607);
#13607 = SURFACE_SIDE_STYLE('',(#13608));
#13608 = SURFACE_STYLE_FILL_AREA(#13609);
#13609 = FILL_AREA_STYLE('',(#13610));
#13610 = FILL_AREA_STYLE_COLOUR('',#13384);
#13611 = STYLED_ITEM('color',(#13612),#2748);
#13612 = PRESENTATION_STYLE_ASSIGNMENT((#13613));
#13613 = SURFACE_STYLE_USAGE(.BOTH.,#13614);
#13614 = SURFACE_SIDE_STYLE('',(#13615));
#13615 = SURFACE_STYLE_FILL_AREA(#13616);
#13616 = FILL_AREA_STYLE('',(#13617));
#13617 = FILL_AREA_STYLE_COLOUR('',#13384);
#13618 = STYLED_ITEM('color',(#13619),#2765);
#13619 = PRESENTATION_STYLE_ASSIGNMENT((#13620));
#13620 = SURFACE_STYLE_USAGE(.BOTH.,#13621);
#13621 = SURFACE_SIDE_STYLE('',(#13622));
#13622 = SURFACE_STYLE_FILL_AREA(#13623);
#13623 = FILL_AREA_STYLE('',(#13624));
#13624 = FILL_AREA_STYLE_COLOUR('',#13384);
#13625 = STYLED_ITEM('color',(#13626),#2782);
#13626 = PRESENTATION_STYLE_ASSIGNMENT((#13627));
#13627 = SURFACE_STYLE_USAGE(.BOTH.,#13628);
#13628 = SURFACE_SIDE_STYLE('',(#13629));
#13629 = SURFACE_STYLE_FILL_AREA(#13630);
#13630 = FILL_AREA_STYLE('',(#13631));
#13631 = FILL_AREA_STYLE_COLOUR('',#13632);
#13632 = COLOUR_RGB('',0.894999966383,0.890999961016,0.813000030345);
#13633 = STYLED_ITEM('color',(#13634),#2831);
#13634 = PRESENTATION_STYLE_ASSIGNMENT((#13635));
#13635 = SURFACE_STYLE_USAGE(.BOTH.,#13636);
#13636 = SURFACE_SIDE_STYLE('',(#13637));
#13637 = SURFACE_STYLE_FILL_AREA(#13638);
#13638 = FILL_AREA_STYLE('',(#13639));
#13639 = FILL_AREA_STYLE_COLOUR('',#13384);
#13640 = STYLED_ITEM('color',(#13641),#2848);
#13641 = PRESENTATION_STYLE_ASSIGNMENT((#13642));
#13642 = SURFACE_STYLE_USAGE(.BOTH.,#13643);
#13643 = SURFACE_SIDE_STYLE('',(#13644));
#13644 = SURFACE_STYLE_FILL_AREA(#13645);
#13645 = FILL_AREA_STYLE('',(#13646));
#13646 = FILL_AREA_STYLE_COLOUR('',#13384);
#13647 = STYLED_ITEM('color',(#13648),#2865);
#13648 = PRESENTATION_STYLE_ASSIGNMENT((#13649));
#13649 = SURFACE_STYLE_USAGE(.BOTH.,#13650);
#13650 = SURFACE_SIDE_STYLE('',(#13651));
#13651 = SURFACE_STYLE_FILL_AREA(#13652);
#13652 = FILL_AREA_STYLE('',(#13653));
#13653 = FILL_AREA_STYLE_COLOUR('',#13632);
#13654 = STYLED_ITEM('color',(#13655),#2914);
#13655 = PRESENTATION_STYLE_ASSIGNMENT((#13656));
#13656 = SURFACE_STYLE_USAGE(.BOTH.,#13657);
#13657 = SURFACE_SIDE_STYLE('',(#13658));
#13658 = SURFACE_STYLE_FILL_AREA(#13659);
#13659 = FILL_AREA_STYLE('',(#13660));
#13660 = FILL_AREA_STYLE_COLOUR('',#13632);
#13661 = STYLED_ITEM('color',(#13662),#2931);
#13662 = PRESENTATION_STYLE_ASSIGNMENT((#13663));
#13663 = SURFACE_STYLE_USAGE(.BOTH.,#13664);
#13664 = SURFACE_SIDE_STYLE('',(#13665));
#13665 = SURFACE_STYLE_FILL_AREA(#13666);
#13666 = FILL_AREA_STYLE('',(#13667));
#13667 = FILL_AREA_STYLE_COLOUR('',#13384);
#13668 = STYLED_ITEM('color',(#13669),#3000);
#13669 = PRESENTATION_STYLE_ASSIGNMENT((#13670));
#13670 = SURFACE_STYLE_USAGE(.BOTH.,#13671);
#13671 = SURFACE_SIDE_STYLE('',(#13672));
#13672 = SURFACE_STYLE_FILL_AREA(#13673);
#13673 = FILL_AREA_STYLE('',(#13674));
#13674 = FILL_AREA_STYLE_COLOUR('',#13675);
#13675 = COLOUR_RGB('',8.200000279077E-02,8.600000121357E-02,
  9.399999706163E-02);
#13676 = STYLED_ITEM('color',(#13677),#3031);
#13677 = PRESENTATION_STYLE_ASSIGNMENT((#13678));
#13678 = SURFACE_STYLE_USAGE(.BOTH.,#13679);
#13679 = SURFACE_SIDE_STYLE('',(#13680));
#13680 = SURFACE_STYLE_FILL_AREA(#13681);
#13681 = FILL_AREA_STYLE('',(#13682));
#13682 = FILL_AREA_STYLE_COLOUR('',#13675);
#13683 = STYLED_ITEM('color',(#13684),#3055);
#13684 = PRESENTATION_STYLE_ASSIGNMENT((#13685));
#13685 = SURFACE_STYLE_USAGE(.BOTH.,#13686);
#13686 = SURFACE_SIDE_STYLE('',(#13687));
#13687 = SURFACE_STYLE_FILL_AREA(#13688);
#13688 = FILL_AREA_STYLE('',(#13689));
#13689 = FILL_AREA_STYLE_COLOUR('',#13384);
#13690 = STYLED_ITEM('color',(#13691),#3124);
#13691 = PRESENTATION_STYLE_ASSIGNMENT((#13692));
#13692 = SURFACE_STYLE_USAGE(.BOTH.,#13693);
#13693 = SURFACE_SIDE_STYLE('',(#13694));
#13694 = SURFACE_STYLE_FILL_AREA(#13695);
#13695 = FILL_AREA_STYLE('',(#13696));
#13696 = FILL_AREA_STYLE_COLOUR('',#13675);
#13697 = STYLED_ITEM('color',(#13698),#3148);
#13698 = PRESENTATION_STYLE_ASSIGNMENT((#13699));
#13699 = SURFACE_STYLE_USAGE(.BOTH.,#13700);
#13700 = SURFACE_SIDE_STYLE('',(#13701));
#13701 = SURFACE_STYLE_FILL_AREA(#13702);
#13702 = FILL_AREA_STYLE('',(#13703));
#13703 = FILL_AREA_STYLE_COLOUR('',#13384);
#13704 = STYLED_ITEM('color',(#13705),#3165);
#13705 = PRESENTATION_STYLE_ASSIGNMENT((#13706));
#13706 = SURFACE_STYLE_USAGE(.BOTH.,#13707);
#13707 = SURFACE_SIDE_STYLE('',(#13708));
#13708 = SURFACE_STYLE_FILL_AREA(#13709);
#13709 = FILL_AREA_STYLE('',(#13710));
#13710 = FILL_AREA_STYLE_COLOUR('',#13384);
#13711 = STYLED_ITEM('color',(#13712),#3182);
#13712 = PRESENTATION_STYLE_ASSIGNMENT((#13713));
#13713 = SURFACE_STYLE_USAGE(.BOTH.,#13714);
#13714 = SURFACE_SIDE_STYLE('',(#13715));
#13715 = SURFACE_STYLE_FILL_AREA(#13716);
#13716 = FILL_AREA_STYLE('',(#13717));
#13717 = FILL_AREA_STYLE_COLOUR('',#13384);
#13718 = STYLED_ITEM('color',(#13719),#3199);
#13719 = PRESENTATION_STYLE_ASSIGNMENT((#13720));
#13720 = SURFACE_STYLE_USAGE(.BOTH.,#13721);
#13721 = SURFACE_SIDE_STYLE('',(#13722));
#13722 = SURFACE_STYLE_FILL_AREA(#13723);
#13723 = FILL_AREA_STYLE('',(#13724));
#13724 = FILL_AREA_STYLE_COLOUR('',#13384);
#13725 = STYLED_ITEM('color',(#13726),#3216);
#13726 = PRESENTATION_STYLE_ASSIGNMENT((#13727));
#13727 = SURFACE_STYLE_USAGE(.BOTH.,#13728);
#13728 = SURFACE_SIDE_STYLE('',(#13729));
#13729 = SURFACE_STYLE_FILL_AREA(#13730);
#13730 = FILL_AREA_STYLE('',(#13731));
#13731 = FILL_AREA_STYLE_COLOUR('',#13384);
#13732 = STYLED_ITEM('color',(#13733),#3233);
#13733 = PRESENTATION_STYLE_ASSIGNMENT((#13734));
#13734 = SURFACE_STYLE_USAGE(.BOTH.,#13735);
#13735 = SURFACE_SIDE_STYLE('',(#13736));
#13736 = SURFACE_STYLE_FILL_AREA(#13737);
#13737 = FILL_AREA_STYLE('',(#13738));
#13738 = FILL_AREA_STYLE_COLOUR('',#13384);
#13739 = STYLED_ITEM('color',(#13740),#3250);
#13740 = PRESENTATION_STYLE_ASSIGNMENT((#13741));
#13741 = SURFACE_STYLE_USAGE(.BOTH.,#13742);
#13742 = SURFACE_SIDE_STYLE('',(#13743));
#13743 = SURFACE_STYLE_FILL_AREA(#13744);
#13744 = FILL_AREA_STYLE('',(#13745));
#13745 = FILL_AREA_STYLE_COLOUR('',#13384);
#13746 = STYLED_ITEM('color',(#13747),#3267);
#13747 = PRESENTATION_STYLE_ASSIGNMENT((#13748));
#13748 = SURFACE_STYLE_USAGE(.BOTH.,#13749);
#13749 = SURFACE_SIDE_STYLE('',(#13750));
#13750 = SURFACE_STYLE_FILL_AREA(#13751);
#13751 = FILL_AREA_STYLE('',(#13752));
#13752 = FILL_AREA_STYLE_COLOUR('',#13675);
#13753 = STYLED_ITEM('color',(#13754),#3284);
#13754 = PRESENTATION_STYLE_ASSIGNMENT((#13755));
#13755 = SURFACE_STYLE_USAGE(.BOTH.,#13756);
#13756 = SURFACE_SIDE_STYLE('',(#13757));
#13757 = SURFACE_STYLE_FILL_AREA(#13758);
#13758 = FILL_AREA_STYLE('',(#13759));
#13759 = FILL_AREA_STYLE_COLOUR('',#13675);
#13760 = MECHANICAL_DESIGN_GEOMETRIC_PRESENTATION_REPRESENTATION('',(
    #13761,#13771,#13780,#13789),#4364);
#13761 = STYLED_ITEM('color',(#13762),#3764);
#13762 = PRESENTATION_STYLE_ASSIGNMENT((#13763,#13769));
#13763 = SURFACE_STYLE_USAGE(.BOTH.,#13764);
#13764 = SURFACE_SIDE_STYLE('',(#13765));
#13765 = SURFACE_STYLE_FILL_AREA(#13766);
#13766 = FILL_AREA_STYLE('',(#13767));
#13767 = FILL_AREA_STYLE_COLOUR('',#13768);
#13768 = COLOUR_RGB('',0.734000028196,0.773000013638,0.796999989372);
#13769 = CURVE_STYLE('',#13770,POSITIVE_LENGTH_MEASURE(0.1),#13768);
#13770 = DRAUGHTING_PRE_DEFINED_CURVE_FONT('continuous');
#13771 = STYLED_ITEM('color',(#13772),#3914);
#13772 = PRESENTATION_STYLE_ASSIGNMENT((#13773,#13778));
#13773 = SURFACE_STYLE_USAGE(.BOTH.,#13774);
#13774 = SURFACE_SIDE_STYLE('',(#13775));
#13775 = SURFACE_STYLE_FILL_AREA(#13776);
#13776 = FILL_AREA_STYLE('',(#13777));
#13777 = FILL_AREA_STYLE_COLOUR('',#13768);
#13778 = CURVE_STYLE('',#13779,POSITIVE_LENGTH_MEASURE(0.1),#13768);
#13779 = DRAUGHTING_PRE_DEFINED_CURVE_FONT('continuous');
#13780 = STYLED_ITEM('color',(#13781),#4064);
#13781 = PRESENTATION_STYLE_ASSIGNMENT((#13782,#13787));
#13782 = SURFACE_STYLE_USAGE(.BOTH.,#13783);
#13783 = SURFACE_SIDE_STYLE('',(#13784));
#13784 = SURFACE_STYLE_FILL_AREA(#13785);
#13785 = FILL_AREA_STYLE('',(#13786));
#13786 = FILL_AREA_STYLE_COLOUR('',#13768);
#13787 = CURVE_STYLE('',#13788,POSITIVE_LENGTH_MEASURE(0.1),#13768);
#13788 = DRAUGHTING_PRE_DEFINED_CURVE_FONT('continuous');
#13789 = STYLED_ITEM('color',(#13790),#4214);
#13790 = PRESENTATION_STYLE_ASSIGNMENT((#13791,#13796));
#13791 = SURFACE_STYLE_USAGE(.BOTH.,#13792);
#13792 = SURFACE_SIDE_STYLE('',(#13793));
#13793 = SURFACE_STYLE_FILL_AREA(#13794);
#13794 = FILL_AREA_STYLE('',(#13795));
#13795 = FILL_AREA_STYLE_COLOUR('',#13768);
#13796 = CURVE_STYLE('',#13797,POSITIVE_LENGTH_MEASURE(0.1),#13768);
#13797 = DRAUGHTING_PRE_DEFINED_CURVE_FONT('continuous');
#13798 = MECHANICAL_DESIGN_GEOMETRIC_PRESENTATION_REPRESENTATION('',(
    #13799),#2487);
#13799 = STYLED_ITEM('color',(#13800),#2337);
#13800 = PRESENTATION_STYLE_ASSIGNMENT((#13801));
#13801 = SURFACE_STYLE_USAGE(.BOTH.,#13802);
#13802 = SURFACE_SIDE_STYLE('',(#13803));
#13803 = SURFACE_STYLE_FILL_AREA(#13804);
#13804 = FILL_AREA_STYLE('',(#13805));
#13805 = FILL_AREA_STYLE_COLOUR('',#13806);
#13806 = COLOUR_RGB('',0.615686284538,0.811764696686,0.929411760963);
#13807 = MECHANICAL_DESIGN_GEOMETRIC_PRESENTATION_REPRESENTATION('',(
    #13808,#13817),#4652);
#13808 = STYLED_ITEM('color',(#13809),#4546);
#13809 = PRESENTATION_STYLE_ASSIGNMENT((#13810,#13815));
#13810 = SURFACE_STYLE_USAGE(.BOTH.,#13811);
#13811 = SURFACE_SIDE_STYLE('',(#13812));
#13812 = SURFACE_STYLE_FILL_AREA(#13813);
#13813 = FILL_AREA_STYLE('',(#13814));
#13814 = FILL_AREA_STYLE_COLOUR('',#13768);
#13815 = CURVE_STYLE('',#13816,POSITIVE_LENGTH_MEASURE(0.1),#13768);
#13816 = DRAUGHTING_PRE_DEFINED_CURVE_FONT('continuous');
#13817 = STYLED_ITEM('color',(#13818),#4599);
#13818 = PRESENTATION_STYLE_ASSIGNMENT((#13819,#13824));
#13819 = SURFACE_STYLE_USAGE(.BOTH.,#13820);
#13820 = SURFACE_SIDE_STYLE('',(#13821));
#13821 = SURFACE_STYLE_FILL_AREA(#13822);
#13822 = FILL_AREA_STYLE('',(#13823));
#13823 = FILL_AREA_STYLE_COLOUR('',#13768);
#13824 = CURVE_STYLE('',#13825,POSITIVE_LENGTH_MEASURE(0.1),#13768);
#13825 = DRAUGHTING_PRE_DEFINED_CURVE_FONT('continuous');
#13826 = MECHANICAL_DESIGN_GEOMETRIC_PRESENTATION_REPRESENTATION('',(
    #13827,#13834,#13841,#13849,#13856,#13864,#13871,#13878,#13885,
    #13892,#13899,#13906,#13913,#13920,#13927,#13934,#13941,#13948,
    #13955,#13962,#13970,#13977,#13984,#13991,#13998,#14005,#14012,
    #14019,#14026,#14033,#14040,#14047,#14054,#14061,#14068,#14075,
    #14082,#14089,#14096,#14103,#14110,#14117,#14124,#14131,#14138,
    #14145,#14152,#14159,#14166),#12650);
#13827 = STYLED_ITEM('color',(#13828),#10612);
#13828 = PRESENTATION_STYLE_ASSIGNMENT((#13829));
#13829 = SURFACE_STYLE_USAGE(.BOTH.,#13830);
#13830 = SURFACE_SIDE_STYLE('',(#13831));
#13831 = SURFACE_STYLE_FILL_AREA(#13832);
#13832 = FILL_AREA_STYLE('',(#13833));
#13833 = FILL_AREA_STYLE_COLOUR('',#13384);
#13834 = STYLED_ITEM('color',(#13835),#10629);
#13835 = PRESENTATION_STYLE_ASSIGNMENT((#13836));
#13836 = SURFACE_STYLE_USAGE(.BOTH.,#13837);
#13837 = SURFACE_SIDE_STYLE('',(#13838));
#13838 = SURFACE_STYLE_FILL_AREA(#13839);
#13839 = FILL_AREA_STYLE('',(#13840));
#13840 = FILL_AREA_STYLE_COLOUR('',#13384);
#13841 = STYLED_ITEM('color',(#13842),#10654);
#13842 = PRESENTATION_STYLE_ASSIGNMENT((#13843));
#13843 = SURFACE_STYLE_USAGE(.BOTH.,#13844);
#13844 = SURFACE_SIDE_STYLE('',(#13845));
#13845 = SURFACE_STYLE_FILL_AREA(#13846);
#13846 = FILL_AREA_STYLE('',(#13847));
#13847 = FILL_AREA_STYLE_COLOUR('',#13848);
#13848 = COLOUR_RGB('',0.136999991899,0.40200001271,0.726999997272);
#13849 = STYLED_ITEM('color',(#13850),#10703);
#13850 = PRESENTATION_STYLE_ASSIGNMENT((#13851));
#13851 = SURFACE_STYLE_USAGE(.BOTH.,#13852);
#13852 = SURFACE_SIDE_STYLE('',(#13853));
#13853 = SURFACE_STYLE_FILL_AREA(#13854);
#13854 = FILL_AREA_STYLE('',(#13855));
#13855 = FILL_AREA_STYLE_COLOUR('',#13848);
#13856 = STYLED_ITEM('color',(#13857),#10736);
#13857 = PRESENTATION_STYLE_ASSIGNMENT((#13858));
#13858 = SURFACE_STYLE_USAGE(.BOTH.,#13859);
#13859 = SURFACE_SIDE_STYLE('',(#13860));
#13860 = SURFACE_STYLE_FILL_AREA(#13861);
#13861 = FILL_AREA_STYLE('',(#13862));
#13862 = FILL_AREA_STYLE_COLOUR('',#13863);
#13863 = COLOUR_RGB('',0.690999977303,0.663999984767,0.597999987832);
#13864 = STYLED_ITEM('color',(#13865),#10754);
#13865 = PRESENTATION_STYLE_ASSIGNMENT((#13866));
#13866 = SURFACE_STYLE_USAGE(.BOTH.,#13867);
#13867 = SURFACE_SIDE_STYLE('',(#13868));
#13868 = SURFACE_STYLE_FILL_AREA(#13869);
#13869 = FILL_AREA_STYLE('',(#13870));
#13870 = FILL_AREA_STYLE_COLOUR('',#13384);
#13871 = STYLED_ITEM('color',(#13872),#10779);
#13872 = PRESENTATION_STYLE_ASSIGNMENT((#13873));
#13873 = SURFACE_STYLE_USAGE(.BOTH.,#13874);
#13874 = SURFACE_SIDE_STYLE('',(#13875));
#13875 = SURFACE_STYLE_FILL_AREA(#13876);
#13876 = FILL_AREA_STYLE('',(#13877));
#13877 = FILL_AREA_STYLE_COLOUR('',#13848);
#13878 = STYLED_ITEM('color',(#13879),#10811);
#13879 = PRESENTATION_STYLE_ASSIGNMENT((#13880));
#13880 = SURFACE_STYLE_USAGE(.BOTH.,#13881);
#13881 = SURFACE_SIDE_STYLE('',(#13882));
#13882 = SURFACE_STYLE_FILL_AREA(#13883);
#13883 = FILL_AREA_STYLE('',(#13884));
#13884 = FILL_AREA_STYLE_COLOUR('',#13863);
#13885 = STYLED_ITEM('color',(#13886),#10829);
#13886 = PRESENTATION_STYLE_ASSIGNMENT((#13887));
#13887 = SURFACE_STYLE_USAGE(.BOTH.,#13888);
#13888 = SURFACE_SIDE_STYLE('',(#13889));
#13889 = SURFACE_STYLE_FILL_AREA(#13890);
#13890 = FILL_AREA_STYLE('',(#13891));
#13891 = FILL_AREA_STYLE_COLOUR('',#13384);
#13892 = STYLED_ITEM('color',(#13893),#10838);
#13893 = PRESENTATION_STYLE_ASSIGNMENT((#13894));
#13894 = SURFACE_STYLE_USAGE(.BOTH.,#13895);
#13895 = SURFACE_SIDE_STYLE('',(#13896));
#13896 = SURFACE_STYLE_FILL_AREA(#13897);
#13897 = FILL_AREA_STYLE('',(#13898));
#13898 = FILL_AREA_STYLE_COLOUR('',#13848);
#13899 = STYLED_ITEM('color',(#13900),#10876);
#13900 = PRESENTATION_STYLE_ASSIGNMENT((#13901));
#13901 = SURFACE_STYLE_USAGE(.BOTH.,#13902);
#13902 = SURFACE_SIDE_STYLE('',(#13903));
#13903 = SURFACE_STYLE_FILL_AREA(#13904);
#13904 = FILL_AREA_STYLE('',(#13905));
#13905 = FILL_AREA_STYLE_COLOUR('',#13863);
#13906 = STYLED_ITEM('color',(#13907),#10898);
#13907 = PRESENTATION_STYLE_ASSIGNMENT((#13908));
#13908 = SURFACE_STYLE_USAGE(.BOTH.,#13909);
#13909 = SURFACE_SIDE_STYLE('',(#13910));
#13910 = SURFACE_STYLE_FILL_AREA(#13911);
#13911 = FILL_AREA_STYLE('',(#13912));
#13912 = FILL_AREA_STYLE_COLOUR('',#13848);
#13913 = STYLED_ITEM('color',(#13914),#10958);
#13914 = PRESENTATION_STYLE_ASSIGNMENT((#13915));
#13915 = SURFACE_STYLE_USAGE(.BOTH.,#13916);
#13916 = SURFACE_SIDE_STYLE('',(#13917));
#13917 = SURFACE_STYLE_FILL_AREA(#13918);
#13918 = FILL_AREA_STYLE('',(#13919));
#13919 = FILL_AREA_STYLE_COLOUR('',#13863);
#13920 = STYLED_ITEM('color',(#13921),#10986);
#13921 = PRESENTATION_STYLE_ASSIGNMENT((#13922));
#13922 = SURFACE_STYLE_USAGE(.BOTH.,#13923);
#13923 = SURFACE_SIDE_STYLE('',(#13924));
#13924 = SURFACE_STYLE_FILL_AREA(#13925);
#13925 = FILL_AREA_STYLE('',(#13926));
#13926 = FILL_AREA_STYLE_COLOUR('',#13848);
#13927 = STYLED_ITEM('color',(#13928),#11152);
#13928 = PRESENTATION_STYLE_ASSIGNMENT((#13929));
#13929 = SURFACE_STYLE_USAGE(.BOTH.,#13930);
#13930 = SURFACE_SIDE_STYLE('',(#13931));
#13931 = SURFACE_STYLE_FILL_AREA(#13932);
#13932 = FILL_AREA_STYLE('',(#13933));
#13933 = FILL_AREA_STYLE_COLOUR('',#13863);
#13934 = STYLED_ITEM('color',(#13935),#11218);
#13935 = PRESENTATION_STYLE_ASSIGNMENT((#13936));
#13936 = SURFACE_STYLE_USAGE(.BOTH.,#13937);
#13937 = SURFACE_SIDE_STYLE('',(#13938));
#13938 = SURFACE_STYLE_FILL_AREA(#13939);
#13939 = FILL_AREA_STYLE('',(#13940));
#13940 = FILL_AREA_STYLE_COLOUR('',#13848);
#13941 = STYLED_ITEM('color',(#13942),#11284);
#13942 = PRESENTATION_STYLE_ASSIGNMENT((#13943));
#13943 = SURFACE_STYLE_USAGE(.BOTH.,#13944);
#13944 = SURFACE_SIDE_STYLE('',(#13945));
#13945 = SURFACE_STYLE_FILL_AREA(#13946);
#13946 = FILL_AREA_STYLE('',(#13947));
#13947 = FILL_AREA_STYLE_COLOUR('',#13863);
#13948 = STYLED_ITEM('color',(#13949),#11402);
#13949 = PRESENTATION_STYLE_ASSIGNMENT((#13950));
#13950 = SURFACE_STYLE_USAGE(.BOTH.,#13951);
#13951 = SURFACE_SIDE_STYLE('',(#13952));
#13952 = SURFACE_STYLE_FILL_AREA(#13953);
#13953 = FILL_AREA_STYLE('',(#13954));
#13954 = FILL_AREA_STYLE_COLOUR('',#13848);
#13955 = STYLED_ITEM('color',(#13956),#11568);
#13956 = PRESENTATION_STYLE_ASSIGNMENT((#13957));
#13957 = SURFACE_STYLE_USAGE(.BOTH.,#13958);
#13958 = SURFACE_SIDE_STYLE('',(#13959));
#13959 = SURFACE_STYLE_FILL_AREA(#13960);
#13960 = FILL_AREA_STYLE('',(#13961));
#13961 = FILL_AREA_STYLE_COLOUR('',#13863);
#13962 = STYLED_ITEM('color',(#13963),#11648);
#13963 = PRESENTATION_STYLE_ASSIGNMENT((#13964));
#13964 = SURFACE_STYLE_USAGE(.BOTH.,#13965);
#13965 = SURFACE_SIDE_STYLE('',(#13966));
#13966 = SURFACE_STYLE_FILL_AREA(#13967);
#13967 = FILL_AREA_STYLE('',(#13968));
#13968 = FILL_AREA_STYLE_COLOUR('',#13969);
#13969 = COLOUR_RGB('',0.147999998088,0.144999993226,0.144999993226);
#13970 = STYLED_ITEM('color',(#13971),#11682);
#13971 = PRESENTATION_STYLE_ASSIGNMENT((#13972));
#13972 = SURFACE_STYLE_USAGE(.BOTH.,#13973);
#13973 = SURFACE_SIDE_STYLE('',(#13974));
#13974 = SURFACE_STYLE_FILL_AREA(#13975);
#13975 = FILL_AREA_STYLE('',(#13976));
#13976 = FILL_AREA_STYLE_COLOUR('',#13863);
#13977 = STYLED_ITEM('color',(#13978),#11762);
#13978 = PRESENTATION_STYLE_ASSIGNMENT((#13979));
#13979 = SURFACE_STYLE_USAGE(.BOTH.,#13980);
#13980 = SURFACE_SIDE_STYLE('',(#13981));
#13981 = SURFACE_STYLE_FILL_AREA(#13982);
#13982 = FILL_AREA_STYLE('',(#13983));
#13983 = FILL_AREA_STYLE_COLOUR('',#13848);
#13984 = STYLED_ITEM('color',(#13985),#11794);
#13985 = PRESENTATION_STYLE_ASSIGNMENT((#13986));
#13986 = SURFACE_STYLE_USAGE(.BOTH.,#13987);
#13987 = SURFACE_SIDE_STYLE('',(#13988));
#13988 = SURFACE_STYLE_FILL_AREA(#13989);
#13989 = FILL_AREA_STYLE('',(#13990));
#13990 = FILL_AREA_STYLE_COLOUR('',#13969);
#13991 = STYLED_ITEM('color',(#13992),#11860);
#13992 = PRESENTATION_STYLE_ASSIGNMENT((#13993));
#13993 = SURFACE_STYLE_USAGE(.BOTH.,#13994);
#13994 = SURFACE_SIDE_STYLE('',(#13995));
#13995 = SURFACE_STYLE_FILL_AREA(#13996);
#13996 = FILL_AREA_STYLE('',(#13997));
#13997 = FILL_AREA_STYLE_COLOUR('',#13863);
#13998 = STYLED_ITEM('color',(#13999),#11937);
#13999 = PRESENTATION_STYLE_ASSIGNMENT((#14000));
#14000 = SURFACE_STYLE_USAGE(.BOTH.,#14001);
#14001 = SURFACE_SIDE_STYLE('',(#14002));
#14002 = SURFACE_STYLE_FILL_AREA(#14003);
#14003 = FILL_AREA_STYLE('',(#14004));
#14004 = FILL_AREA_STYLE_COLOUR('',#13848);
#14005 = STYLED_ITEM('color',(#14006),#11971);
#14006 = PRESENTATION_STYLE_ASSIGNMENT((#14007));
#14007 = SURFACE_STYLE_USAGE(.BOTH.,#14008);
#14008 = SURFACE_SIDE_STYLE('',(#14009));
#14009 = SURFACE_STYLE_FILL_AREA(#14010);
#14010 = FILL_AREA_STYLE('',(#14011));
#14011 = FILL_AREA_STYLE_COLOUR('',#13969);
#14012 = STYLED_ITEM('color',(#14013),#11986);
#14013 = PRESENTATION_STYLE_ASSIGNMENT((#14014));
#14014 = SURFACE_STYLE_USAGE(.BOTH.,#14015);
#14015 = SURFACE_SIDE_STYLE('',(#14016));
#14016 = SURFACE_STYLE_FILL_AREA(#14017);
#14017 = FILL_AREA_STYLE('',(#14018));
#14018 = FILL_AREA_STYLE_COLOUR('',#13863);
#14019 = STYLED_ITEM('color',(#14020),#12004);
#14020 = PRESENTATION_STYLE_ASSIGNMENT((#14021));
#14021 = SURFACE_STYLE_USAGE(.BOTH.,#14022);
#14022 = SURFACE_SIDE_STYLE('',(#14023));
#14023 = SURFACE_STYLE_FILL_AREA(#14024);
#14024 = FILL_AREA_STYLE('',(#14025));
#14025 = FILL_AREA_STYLE_COLOUR('',#13848);
#14026 = STYLED_ITEM('color',(#14027),#12036);
#14027 = PRESENTATION_STYLE_ASSIGNMENT((#14028));
#14028 = SURFACE_STYLE_USAGE(.BOTH.,#14029);
#14029 = SURFACE_SIDE_STYLE('',(#14030));
#14030 = SURFACE_STYLE_FILL_AREA(#14031);
#14031 = FILL_AREA_STYLE('',(#14032));
#14032 = FILL_AREA_STYLE_COLOUR('',#13863);
#14033 = STYLED_ITEM('color',(#14034),#12054);
#14034 = PRESENTATION_STYLE_ASSIGNMENT((#14035));
#14035 = SURFACE_STYLE_USAGE(.BOTH.,#14036);
#14036 = SURFACE_SIDE_STYLE('',(#14037));
#14037 = SURFACE_STYLE_FILL_AREA(#14038);
#14038 = FILL_AREA_STYLE('',(#14039));
#14039 = FILL_AREA_STYLE_COLOUR('',#13848);
#14040 = STYLED_ITEM('color',(#14041),#12197);
#14041 = PRESENTATION_STYLE_ASSIGNMENT((#14042));
#14042 = SURFACE_STYLE_USAGE(.BOTH.,#14043);
#14043 = SURFACE_SIDE_STYLE('',(#14044));
#14044 = SURFACE_STYLE_FILL_AREA(#14045);
#14045 = FILL_AREA_STYLE('',(#14046));
#14046 = FILL_AREA_STYLE_COLOUR('',#13863);
#14047 = STYLED_ITEM('color',(#14048),#12249);
#14048 = PRESENTATION_STYLE_ASSIGNMENT((#14049));
#14049 = SURFACE_STYLE_USAGE(.BOTH.,#14050);
#14050 = SURFACE_SIDE_STYLE('',(#14051));
#14051 = SURFACE_STYLE_FILL_AREA(#14052);
#14052 = FILL_AREA_STYLE('',(#14053));
#14053 = FILL_AREA_STYLE_COLOUR('',#13384);
#14054 = STYLED_ITEM('color',(#14055),#12273);
#14055 = PRESENTATION_STYLE_ASSIGNMENT((#14056));
#14056 = SURFACE_STYLE_USAGE(.BOTH.,#14057);
#14057 = SURFACE_SIDE_STYLE('',(#14058));
#14058 = SURFACE_STYLE_FILL_AREA(#14059);
#14059 = FILL_AREA_STYLE('',(#14060));
#14060 = FILL_AREA_STYLE_COLOUR('',#13384);
#14061 = STYLED_ITEM('color',(#14062),#12297);
#14062 = PRESENTATION_STYLE_ASSIGNMENT((#14063));
#14063 = SURFACE_STYLE_USAGE(.BOTH.,#14064);
#14064 = SURFACE_SIDE_STYLE('',(#14065));
#14065 = SURFACE_STYLE_FILL_AREA(#14066);
#14066 = FILL_AREA_STYLE('',(#14067));
#14067 = FILL_AREA_STYLE_COLOUR('',#13384);
#14068 = STYLED_ITEM('color',(#14069),#12321);
#14069 = PRESENTATION_STYLE_ASSIGNMENT((#14070));
#14070 = SURFACE_STYLE_USAGE(.BOTH.,#14071);
#14071 = SURFACE_SIDE_STYLE('',(#14072));
#14072 = SURFACE_STYLE_FILL_AREA(#14073);
#14073 = FILL_AREA_STYLE('',(#14074));
#14074 = FILL_AREA_STYLE_COLOUR('',#13384);
#14075 = STYLED_ITEM('color',(#14076),#12383);
#14076 = PRESENTATION_STYLE_ASSIGNMENT((#14077));
#14077 = SURFACE_STYLE_USAGE(.BOTH.,#14078);
#14078 = SURFACE_SIDE_STYLE('',(#14079));
#14079 = SURFACE_STYLE_FILL_AREA(#14080);
#14080 = FILL_AREA_STYLE('',(#14081));
#14081 = FILL_AREA_STYLE_COLOUR('',#13384);
#14082 = STYLED_ITEM('color',(#14083),#12400);
#14083 = PRESENTATION_STYLE_ASSIGNMENT((#14084));
#14084 = SURFACE_STYLE_USAGE(.BOTH.,#14085);
#14085 = SURFACE_SIDE_STYLE('',(#14086));
#14086 = SURFACE_STYLE_FILL_AREA(#14087);
#14087 = FILL_AREA_STYLE('',(#14088));
#14088 = FILL_AREA_STYLE_COLOUR('',#13384);
#14089 = STYLED_ITEM('color',(#14090),#12424);
#14090 = PRESENTATION_STYLE_ASSIGNMENT((#14091));
#14091 = SURFACE_STYLE_USAGE(.BOTH.,#14092);
#14092 = SURFACE_SIDE_STYLE('',(#14093));
#14093 = SURFACE_STYLE_FILL_AREA(#14094);
#14094 = FILL_AREA_STYLE('',(#14095));
#14095 = FILL_AREA_STYLE_COLOUR('',#13384);
#14096 = STYLED_ITEM('color',(#14097),#12440);
#14097 = PRESENTATION_STYLE_ASSIGNMENT((#14098));
#14098 = SURFACE_STYLE_USAGE(.BOTH.,#14099);
#14099 = SURFACE_SIDE_STYLE('',(#14100));
#14100 = SURFACE_STYLE_FILL_AREA(#14101);
#14101 = FILL_AREA_STYLE('',(#14102));
#14102 = FILL_AREA_STYLE_COLOUR('',#13384);
#14103 = STYLED_ITEM('color',(#14104),#12464);
#14104 = PRESENTATION_STYLE_ASSIGNMENT((#14105));
#14105 = SURFACE_STYLE_USAGE(.BOTH.,#14106);
#14106 = SURFACE_SIDE_STYLE('',(#14107));
#14107 = SURFACE_STYLE_FILL_AREA(#14108);
#14108 = FILL_AREA_STYLE('',(#14109));
#14109 = FILL_AREA_STYLE_COLOUR('',#13384);
#14110 = STYLED_ITEM('color',(#14111),#12476);
#14111 = PRESENTATION_STYLE_ASSIGNMENT((#14112));
#14112 = SURFACE_STYLE_USAGE(.BOTH.,#14113);
#14113 = SURFACE_SIDE_STYLE('',(#14114));
#14114 = SURFACE_STYLE_FILL_AREA(#14115);
#14115 = FILL_AREA_STYLE('',(#14116));
#14116 = FILL_AREA_STYLE_COLOUR('',#13384);
#14117 = STYLED_ITEM('color',(#14118),#12492);
#14118 = PRESENTATION_STYLE_ASSIGNMENT((#14119));
#14119 = SURFACE_STYLE_USAGE(.BOTH.,#14120);
#14120 = SURFACE_SIDE_STYLE('',(#14121));
#14121 = SURFACE_STYLE_FILL_AREA(#14122);
#14122 = FILL_AREA_STYLE('',(#14123));
#14123 = FILL_AREA_STYLE_COLOUR('',#13384);
#14124 = STYLED_ITEM('color',(#14125),#12504);
#14125 = PRESENTATION_STYLE_ASSIGNMENT((#14126));
#14126 = SURFACE_STYLE_USAGE(.BOTH.,#14127);
#14127 = SURFACE_SIDE_STYLE('',(#14128));
#14128 = SURFACE_STYLE_FILL_AREA(#14129);
#14129 = FILL_AREA_STYLE('',(#14130));
#14130 = FILL_AREA_STYLE_COLOUR('',#13384);
#14131 = STYLED_ITEM('color',(#14132),#12516);
#14132 = PRESENTATION_STYLE_ASSIGNMENT((#14133));
#14133 = SURFACE_STYLE_USAGE(.BOTH.,#14134);
#14134 = SURFACE_SIDE_STYLE('',(#14135));
#14135 = SURFACE_STYLE_FILL_AREA(#14136);
#14136 = FILL_AREA_STYLE('',(#14137));
#14137 = FILL_AREA_STYLE_COLOUR('',#13384);
#14138 = STYLED_ITEM('color',(#14139),#12530);
#14139 = PRESENTATION_STYLE_ASSIGNMENT((#14140));
#14140 = SURFACE_STYLE_USAGE(.BOTH.,#14141);
#14141 = SURFACE_SIDE_STYLE('',(#14142));
#14142 = SURFACE_STYLE_FILL_AREA(#14143);
#14143 = FILL_AREA_STYLE('',(#14144));
#14144 = FILL_AREA_STYLE_COLOUR('',#13863);
#14145 = STYLED_ITEM('color',(#14146),#12563);
#14146 = PRESENTATION_STYLE_ASSIGNMENT((#14147));
#14147 = SURFACE_STYLE_USAGE(.BOTH.,#14148);
#14148 = SURFACE_SIDE_STYLE('',(#14149));
#14149 = SURFACE_STYLE_FILL_AREA(#14150);
#14150 = FILL_AREA_STYLE('',(#14151));
#14151 = FILL_AREA_STYLE_COLOUR('',#13863);
#14152 = STYLED_ITEM('color',(#14153),#12595);
#14153 = PRESENTATION_STYLE_ASSIGNMENT((#14154));
#14154 = SURFACE_STYLE_USAGE(.BOTH.,#14155);
#14155 = SURFACE_SIDE_STYLE('',(#14156));
#14156 = SURFACE_STYLE_FILL_AREA(#14157);
#14157 = FILL_AREA_STYLE('',(#14158));
#14158 = FILL_AREA_STYLE_COLOUR('',#13848);
#14159 = STYLED_ITEM('color',(#14160),#12612);
#14160 = PRESENTATION_STYLE_ASSIGNMENT((#14161));
#14161 = SURFACE_STYLE_USAGE(.BOTH.,#14162);
#14162 = SURFACE_SIDE_STYLE('',(#14163));
#14163 = SURFACE_STYLE_FILL_AREA(#14164);
#14164 = FILL_AREA_STYLE('',(#14165));
#14165 = FILL_AREA_STYLE_COLOUR('',#13848);
#14166 = STYLED_ITEM('color',(#14167),#12639);
#14167 = PRESENTATION_STYLE_ASSIGNMENT((#14168));
#14168 = SURFACE_STYLE_USAGE(.BOTH.,#14169);
#14169 = SURFACE_SIDE_STYLE('',(#14170));
#14170 = SURFACE_STYLE_FILL_AREA(#14171);
#14171 = FILL_AREA_STYLE('',(#14172));
#14172 = FILL_AREA_STYLE_COLOUR('',#13384);
#14173 = MECHANICAL_DESIGN_GEOMETRIC_PRESENTATION_REPRESENTATION('',(
    #14174,#14181,#14188,#14195,#14202,#14209,#14216,#14223,#14230,
    #14237,#14244,#14251,#14258,#14265,#14272,#14279,#14286,#14293,
    #14300,#14307,#14314,#14321,#14328,#14335,#14342,#14349,#14356,
    #14363,#14370,#14377,#14384,#14391,#14398,#14405,#14412,#14419,
    #14426,#14433,#14440,#14447,#14454,#14461,#14468,#14475,#14482,
    #14489,#14496,#14503),#2313);
#14174 = STYLED_ITEM('color',(#14175),#984);
#14175 = PRESENTATION_STYLE_ASSIGNMENT((#14176));
#14176 = SURFACE_STYLE_USAGE(.BOTH.,#14177);
#14177 = SURFACE_SIDE_STYLE('',(#14178));
#14178 = SURFACE_STYLE_FILL_AREA(#14179);
#14179 = FILL_AREA_STYLE('',(#14180));
#14180 = FILL_AREA_STYLE_COLOUR('',#13384);
#14181 = STYLED_ITEM('color',(#14182),#1024);
#14182 = PRESENTATION_STYLE_ASSIGNMENT((#14183));
#14183 = SURFACE_STYLE_USAGE(.BOTH.,#14184);
#14184 = SURFACE_SIDE_STYLE('',(#14185));
#14185 = SURFACE_STYLE_FILL_AREA(#14186);
#14186 = FILL_AREA_STYLE('',(#14187));
#14187 = FILL_AREA_STYLE_COLOUR('',#13384);
#14188 = STYLED_ITEM('color',(#14189),#1055);
#14189 = PRESENTATION_STYLE_ASSIGNMENT((#14190));
#14190 = SURFACE_STYLE_USAGE(.BOTH.,#14191);
#14191 = SURFACE_SIDE_STYLE('',(#14192));
#14192 = SURFACE_STYLE_FILL_AREA(#14193);
#14193 = FILL_AREA_STYLE('',(#14194));
#14194 = FILL_AREA_STYLE_COLOUR('',#13384);
#14195 = STYLED_ITEM('color',(#14196),#1079);
#14196 = PRESENTATION_STYLE_ASSIGNMENT((#14197));
#14197 = SURFACE_STYLE_USAGE(.BOTH.,#14198);
#14198 = SURFACE_SIDE_STYLE('',(#14199));
#14199 = SURFACE_STYLE_FILL_AREA(#14200);
#14200 = FILL_AREA_STYLE('',(#14201));
#14201 = FILL_AREA_STYLE_COLOUR('',#13384);
#14202 = STYLED_ITEM('color',(#14203),#1103);
#14203 = PRESENTATION_STYLE_ASSIGNMENT((#14204));
#14204 = SURFACE_STYLE_USAGE(.BOTH.,#14205);
#14205 = SURFACE_SIDE_STYLE('',(#14206));
#14206 = SURFACE_STYLE_FILL_AREA(#14207);
#14207 = FILL_AREA_STYLE('',(#14208));
#14208 = FILL_AREA_STYLE_COLOUR('',#13384);
#14209 = STYLED_ITEM('color',(#14210),#1120);
#14210 = PRESENTATION_STYLE_ASSIGNMENT((#14211));
#14211 = SURFACE_STYLE_USAGE(.BOTH.,#14212);
#14212 = SURFACE_SIDE_STYLE('',(#14213));
#14213 = SURFACE_STYLE_FILL_AREA(#14214);
#14214 = FILL_AREA_STYLE('',(#14215));
#14215 = FILL_AREA_STYLE_COLOUR('',#13969);
#14216 = STYLED_ITEM('color',(#14217),#1404);
#14217 = PRESENTATION_STYLE_ASSIGNMENT((#14218));
#14218 = SURFACE_STYLE_USAGE(.BOTH.,#14219);
#14219 = SURFACE_SIDE_STYLE('',(#14220));
#14220 = SURFACE_STYLE_FILL_AREA(#14221);
#14221 = FILL_AREA_STYLE('',(#14222));
#14222 = FILL_AREA_STYLE_COLOUR('',#13969);
#14223 = STYLED_ITEM('color',(#14224),#1435);
#14224 = PRESENTATION_STYLE_ASSIGNMENT((#14225));
#14225 = SURFACE_STYLE_USAGE(.BOTH.,#14226);
#14226 = SURFACE_SIDE_STYLE('',(#14227));
#14227 = SURFACE_STYLE_FILL_AREA(#14228);
#14228 = FILL_AREA_STYLE('',(#14229));
#14229 = FILL_AREA_STYLE_COLOUR('',#13969);
#14230 = STYLED_ITEM('color',(#14231),#1459);
#14231 = PRESENTATION_STYLE_ASSIGNMENT((#14232));
#14232 = SURFACE_STYLE_USAGE(.BOTH.,#14233);
#14233 = SURFACE_SIDE_STYLE('',(#14234));
#14234 = SURFACE_STYLE_FILL_AREA(#14235);
#14235 = FILL_AREA_STYLE('',(#14236));
#14236 = FILL_AREA_STYLE_COLOUR('',#13969);
#14237 = STYLED_ITEM('color',(#14238),#1483);
#14238 = PRESENTATION_STYLE_ASSIGNMENT((#14239));
#14239 = SURFACE_STYLE_USAGE(.BOTH.,#14240);
#14240 = SURFACE_SIDE_STYLE('',(#14241));
#14241 = SURFACE_STYLE_FILL_AREA(#14242);
#14242 = FILL_AREA_STYLE('',(#14243));
#14243 = FILL_AREA_STYLE_COLOUR('',#13969);
#14244 = STYLED_ITEM('color',(#14245),#1500);
#14245 = PRESENTATION_STYLE_ASSIGNMENT((#14246));
#14246 = SURFACE_STYLE_USAGE(.BOTH.,#14247);
#14247 = SURFACE_SIDE_STYLE('',(#14248));
#14248 = SURFACE_STYLE_FILL_AREA(#14249);
#14249 = FILL_AREA_STYLE('',(#14250));
#14250 = FILL_AREA_STYLE_COLOUR('',#13384);
#14251 = STYLED_ITEM('color',(#14252),#1531);
#14252 = PRESENTATION_STYLE_ASSIGNMENT((#14253));
#14253 = SURFACE_STYLE_USAGE(.BOTH.,#14254);
#14254 = SURFACE_SIDE_STYLE('',(#14255));
#14255 = SURFACE_STYLE_FILL_AREA(#14256);
#14256 = FILL_AREA_STYLE('',(#14257));
#14257 = FILL_AREA_STYLE_COLOUR('',#13384);
#14258 = STYLED_ITEM('color',(#14259),#1555);
#14259 = PRESENTATION_STYLE_ASSIGNMENT((#14260));
#14260 = SURFACE_STYLE_USAGE(.BOTH.,#14261);
#14261 = SURFACE_SIDE_STYLE('',(#14262));
#14262 = SURFACE_STYLE_FILL_AREA(#14263);
#14263 = FILL_AREA_STYLE('',(#14264));
#14264 = FILL_AREA_STYLE_COLOUR('',#13384);
#14265 = STYLED_ITEM('color',(#14266),#1579);
#14266 = PRESENTATION_STYLE_ASSIGNMENT((#14267));
#14267 = SURFACE_STYLE_USAGE(.BOTH.,#14268);
#14268 = SURFACE_SIDE_STYLE('',(#14269));
#14269 = SURFACE_STYLE_FILL_AREA(#14270);
#14270 = FILL_AREA_STYLE('',(#14271));
#14271 = FILL_AREA_STYLE_COLOUR('',#13384);
#14272 = STYLED_ITEM('color',(#14273),#1596);
#14273 = PRESENTATION_STYLE_ASSIGNMENT((#14274));
#14274 = SURFACE_STYLE_USAGE(.BOTH.,#14275);
#14275 = SURFACE_SIDE_STYLE('',(#14276));
#14276 = SURFACE_STYLE_FILL_AREA(#14277);
#14277 = FILL_AREA_STYLE('',(#14278));
#14278 = FILL_AREA_STYLE_COLOUR('',#13384);
#14279 = STYLED_ITEM('color',(#14280),#1627);
#14280 = PRESENTATION_STYLE_ASSIGNMENT((#14281));
#14281 = SURFACE_STYLE_USAGE(.BOTH.,#14282);
#14282 = SURFACE_SIDE_STYLE('',(#14283));
#14283 = SURFACE_STYLE_FILL_AREA(#14284);
#14284 = FILL_AREA_STYLE('',(#14285));
#14285 = FILL_AREA_STYLE_COLOUR('',#13384);
#14286 = STYLED_ITEM('color',(#14287),#1651);
#14287 = PRESENTATION_STYLE_ASSIGNMENT((#14288));
#14288 = SURFACE_STYLE_USAGE(.BOTH.,#14289);
#14289 = SURFACE_SIDE_STYLE('',(#14290));
#14290 = SURFACE_STYLE_FILL_AREA(#14291);
#14291 = FILL_AREA_STYLE('',(#14292));
#14292 = FILL_AREA_STYLE_COLOUR('',#13384);
#14293 = STYLED_ITEM('color',(#14294),#1675);
#14294 = PRESENTATION_STYLE_ASSIGNMENT((#14295));
#14295 = SURFACE_STYLE_USAGE(.BOTH.,#14296);
#14296 = SURFACE_SIDE_STYLE('',(#14297));
#14297 = SURFACE_STYLE_FILL_AREA(#14298);
#14298 = FILL_AREA_STYLE('',(#14299));
#14299 = FILL_AREA_STYLE_COLOUR('',#13384);
#14300 = STYLED_ITEM('color',(#14301),#1692);
#14301 = PRESENTATION_STYLE_ASSIGNMENT((#14302));
#14302 = SURFACE_STYLE_USAGE(.BOTH.,#14303);
#14303 = SURFACE_SIDE_STYLE('',(#14304));
#14304 = SURFACE_STYLE_FILL_AREA(#14305);
#14305 = FILL_AREA_STYLE('',(#14306));
#14306 = FILL_AREA_STYLE_COLOUR('',#13384);
#14307 = STYLED_ITEM('color',(#14308),#1723);
#14308 = PRESENTATION_STYLE_ASSIGNMENT((#14309));
#14309 = SURFACE_STYLE_USAGE(.BOTH.,#14310);
#14310 = SURFACE_SIDE_STYLE('',(#14311));
#14311 = SURFACE_STYLE_FILL_AREA(#14312);
#14312 = FILL_AREA_STYLE('',(#14313));
#14313 = FILL_AREA_STYLE_COLOUR('',#13384);
#14314 = STYLED_ITEM('color',(#14315),#1747);
#14315 = PRESENTATION_STYLE_ASSIGNMENT((#14316));
#14316 = SURFACE_STYLE_USAGE(.BOTH.,#14317);
#14317 = SURFACE_SIDE_STYLE('',(#14318));
#14318 = SURFACE_STYLE_FILL_AREA(#14319);
#14319 = FILL_AREA_STYLE('',(#14320));
#14320 = FILL_AREA_STYLE_COLOUR('',#13384);
#14321 = STYLED_ITEM('color',(#14322),#1771);
#14322 = PRESENTATION_STYLE_ASSIGNMENT((#14323));
#14323 = SURFACE_STYLE_USAGE(.BOTH.,#14324);
#14324 = SURFACE_SIDE_STYLE('',(#14325));
#14325 = SURFACE_STYLE_FILL_AREA(#14326);
#14326 = FILL_AREA_STYLE('',(#14327));
#14327 = FILL_AREA_STYLE_COLOUR('',#13384);
#14328 = STYLED_ITEM('color',(#14329),#1788);
#14329 = PRESENTATION_STYLE_ASSIGNMENT((#14330));
#14330 = SURFACE_STYLE_USAGE(.BOTH.,#14331);
#14331 = SURFACE_SIDE_STYLE('',(#14332));
#14332 = SURFACE_STYLE_FILL_AREA(#14333);
#14333 = FILL_AREA_STYLE('',(#14334));
#14334 = FILL_AREA_STYLE_COLOUR('',#13384);
#14335 = STYLED_ITEM('color',(#14336),#1819);
#14336 = PRESENTATION_STYLE_ASSIGNMENT((#14337));
#14337 = SURFACE_STYLE_USAGE(.BOTH.,#14338);
#14338 = SURFACE_SIDE_STYLE('',(#14339));
#14339 = SURFACE_STYLE_FILL_AREA(#14340);
#14340 = FILL_AREA_STYLE('',(#14341));
#14341 = FILL_AREA_STYLE_COLOUR('',#13384);
#14342 = STYLED_ITEM('color',(#14343),#1843);
#14343 = PRESENTATION_STYLE_ASSIGNMENT((#14344));
#14344 = SURFACE_STYLE_USAGE(.BOTH.,#14345);
#14345 = SURFACE_SIDE_STYLE('',(#14346));
#14346 = SURFACE_STYLE_FILL_AREA(#14347);
#14347 = FILL_AREA_STYLE('',(#14348));
#14348 = FILL_AREA_STYLE_COLOUR('',#13384);
#14349 = STYLED_ITEM('color',(#14350),#1867);
#14350 = PRESENTATION_STYLE_ASSIGNMENT((#14351));
#14351 = SURFACE_STYLE_USAGE(.BOTH.,#14352);
#14352 = SURFACE_SIDE_STYLE('',(#14353));
#14353 = SURFACE_STYLE_FILL_AREA(#14354);
#14354 = FILL_AREA_STYLE('',(#14355));
#14355 = FILL_AREA_STYLE_COLOUR('',#13384);
#14356 = STYLED_ITEM('color',(#14357),#1884);
#14357 = PRESENTATION_STYLE_ASSIGNMENT((#14358));
#14358 = SURFACE_STYLE_USAGE(.BOTH.,#14359);
#14359 = SURFACE_SIDE_STYLE('',(#14360));
#14360 = SURFACE_STYLE_FILL_AREA(#14361);
#14361 = FILL_AREA_STYLE('',(#14362));
#14362 = FILL_AREA_STYLE_COLOUR('',#13384);
#14363 = STYLED_ITEM('color',(#14364),#1915);
#14364 = PRESENTATION_STYLE_ASSIGNMENT((#14365));
#14365 = SURFACE_STYLE_USAGE(.BOTH.,#14366);
#14366 = SURFACE_SIDE_STYLE('',(#14367));
#14367 = SURFACE_STYLE_FILL_AREA(#14368);
#14368 = FILL_AREA_STYLE('',(#14369));
#14369 = FILL_AREA_STYLE_COLOUR('',#13384);
#14370 = STYLED_ITEM('color',(#14371),#1939);
#14371 = PRESENTATION_STYLE_ASSIGNMENT((#14372));
#14372 = SURFACE_STYLE_USAGE(.BOTH.,#14373);
#14373 = SURFACE_SIDE_STYLE('',(#14374));
#14374 = SURFACE_STYLE_FILL_AREA(#14375);
#14375 = FILL_AREA_STYLE('',(#14376));
#14376 = FILL_AREA_STYLE_COLOUR('',#13384);
#14377 = STYLED_ITEM('color',(#14378),#1963);
#14378 = PRESENTATION_STYLE_ASSIGNMENT((#14379));
#14379 = SURFACE_STYLE_USAGE(.BOTH.,#14380);
#14380 = SURFACE_SIDE_STYLE('',(#14381));
#14381 = SURFACE_STYLE_FILL_AREA(#14382);
#14382 = FILL_AREA_STYLE('',(#14383));
#14383 = FILL_AREA_STYLE_COLOUR('',#13384);
#14384 = STYLED_ITEM('color',(#14385),#1980);
#14385 = PRESENTATION_STYLE_ASSIGNMENT((#14386));
#14386 = SURFACE_STYLE_USAGE(.BOTH.,#14387);
#14387 = SURFACE_SIDE_STYLE('',(#14388));
#14388 = SURFACE_STYLE_FILL_AREA(#14389);
#14389 = FILL_AREA_STYLE('',(#14390));
#14390 = FILL_AREA_STYLE_COLOUR('',#13384);
#14391 = STYLED_ITEM('color',(#14392),#2011);
#14392 = PRESENTATION_STYLE_ASSIGNMENT((#14393));
#14393 = SURFACE_STYLE_USAGE(.BOTH.,#14394);
#14394 = SURFACE_SIDE_STYLE('',(#14395));
#14395 = SURFACE_STYLE_FILL_AREA(#14396);
#14396 = FILL_AREA_STYLE('',(#14397));
#14397 = FILL_AREA_STYLE_COLOUR('',#13384);
#14398 = STYLED_ITEM('color',(#14399),#2035);
#14399 = PRESENTATION_STYLE_ASSIGNMENT((#14400));
#14400 = SURFACE_STYLE_USAGE(.BOTH.,#14401);
#14401 = SURFACE_SIDE_STYLE('',(#14402));
#14402 = SURFACE_STYLE_FILL_AREA(#14403);
#14403 = FILL_AREA_STYLE('',(#14404));
#14404 = FILL_AREA_STYLE_COLOUR('',#13384);
#14405 = STYLED_ITEM('color',(#14406),#2059);
#14406 = PRESENTATION_STYLE_ASSIGNMENT((#14407));
#14407 = SURFACE_STYLE_USAGE(.BOTH.,#14408);
#14408 = SURFACE_SIDE_STYLE('',(#14409));
#14409 = SURFACE_STYLE_FILL_AREA(#14410);
#14410 = FILL_AREA_STYLE('',(#14411));
#14411 = FILL_AREA_STYLE_COLOUR('',#13384);
#14412 = STYLED_ITEM('color',(#14413),#2076);
#14413 = PRESENTATION_STYLE_ASSIGNMENT((#14414));
#14414 = SURFACE_STYLE_USAGE(.BOTH.,#14415);
#14415 = SURFACE_SIDE_STYLE('',(#14416));
#14416 = SURFACE_STYLE_FILL_AREA(#14417);
#14417 = FILL_AREA_STYLE('',(#14418));
#14418 = FILL_AREA_STYLE_COLOUR('',#13384);
#14419 = STYLED_ITEM('color',(#14420),#2107);
#14420 = PRESENTATION_STYLE_ASSIGNMENT((#14421));
#14421 = SURFACE_STYLE_USAGE(.BOTH.,#14422);
#14422 = SURFACE_SIDE_STYLE('',(#14423));
#14423 = SURFACE_STYLE_FILL_AREA(#14424);
#14424 = FILL_AREA_STYLE('',(#14425));
#14425 = FILL_AREA_STYLE_COLOUR('',#13384);
#14426 = STYLED_ITEM('color',(#14427),#2131);
#14427 = PRESENTATION_STYLE_ASSIGNMENT((#14428));
#14428 = SURFACE_STYLE_USAGE(.BOTH.,#14429);
#14429 = SURFACE_SIDE_STYLE('',(#14430));
#14430 = SURFACE_STYLE_FILL_AREA(#14431);
#14431 = FILL_AREA_STYLE('',(#14432));
#14432 = FILL_AREA_STYLE_COLOUR('',#13384);
#14433 = STYLED_ITEM('color',(#14434),#2155);
#14434 = PRESENTATION_STYLE_ASSIGNMENT((#14435));
#14435 = SURFACE_STYLE_USAGE(.BOTH.,#14436);
#14436 = SURFACE_SIDE_STYLE('',(#14437));
#14437 = SURFACE_STYLE_FILL_AREA(#14438);
#14438 = FILL_AREA_STYLE('',(#14439));
#14439 = FILL_AREA_STYLE_COLOUR('',#13384);
#14440 = STYLED_ITEM('color',(#14441),#2172);
#14441 = PRESENTATION_STYLE_ASSIGNMENT((#14442));
#14442 = SURFACE_STYLE_USAGE(.BOTH.,#14443);
#14443 = SURFACE_SIDE_STYLE('',(#14444));
#14444 = SURFACE_STYLE_FILL_AREA(#14445);
#14445 = FILL_AREA_STYLE('',(#14446));
#14446 = FILL_AREA_STYLE_COLOUR('',#13969);
#14447 = STYLED_ITEM('color',(#14448),#2195);
#14448 = PRESENTATION_STYLE_ASSIGNMENT((#14449));
#14449 = SURFACE_STYLE_USAGE(.BOTH.,#14450);
#14450 = SURFACE_SIDE_STYLE('',(#14451));
#14451 = SURFACE_STYLE_FILL_AREA(#14452);
#14452 = FILL_AREA_STYLE('',(#14453));
#14453 = FILL_AREA_STYLE_COLOUR('',#13384);
#14454 = STYLED_ITEM('color',(#14455),#2207);
#14455 = PRESENTATION_STYLE_ASSIGNMENT((#14456));
#14456 = SURFACE_STYLE_USAGE(.BOTH.,#14457);
#14457 = SURFACE_SIDE_STYLE('',(#14458));
#14458 = SURFACE_STYLE_FILL_AREA(#14459);
#14459 = FILL_AREA_STYLE('',(#14460));
#14460 = FILL_AREA_STYLE_COLOUR('',#13384);
#14461 = STYLED_ITEM('color',(#14462),#2219);
#14462 = PRESENTATION_STYLE_ASSIGNMENT((#14463));
#14463 = SURFACE_STYLE_USAGE(.BOTH.,#14464);
#14464 = SURFACE_SIDE_STYLE('',(#14465));
#14465 = SURFACE_STYLE_FILL_AREA(#14466);
#14466 = FILL_AREA_STYLE('',(#14467));
#14467 = FILL_AREA_STYLE_COLOUR('',#13384);
#14468 = STYLED_ITEM('color',(#14469),#2231);
#14469 = PRESENTATION_STYLE_ASSIGNMENT((#14470));
#14470 = SURFACE_STYLE_USAGE(.BOTH.,#14471);
#14471 = SURFACE_SIDE_STYLE('',(#14472));
#14472 = SURFACE_STYLE_FILL_AREA(#14473);
#14473 = FILL_AREA_STYLE('',(#14474));
#14474 = FILL_AREA_STYLE_COLOUR('',#13384);
#14475 = STYLED_ITEM('color',(#14476),#2243);
#14476 = PRESENTATION_STYLE_ASSIGNMENT((#14477));
#14477 = SURFACE_STYLE_USAGE(.BOTH.,#14478);
#14478 = SURFACE_SIDE_STYLE('',(#14479));
#14479 = SURFACE_STYLE_FILL_AREA(#14480);
#14480 = FILL_AREA_STYLE('',(#14481));
#14481 = FILL_AREA_STYLE_COLOUR('',#13384);
#14482 = STYLED_ITEM('color',(#14483),#2255);
#14483 = PRESENTATION_STYLE_ASSIGNMENT((#14484));
#14484 = SURFACE_STYLE_USAGE(.BOTH.,#14485);
#14485 = SURFACE_SIDE_STYLE('',(#14486));
#14486 = SURFACE_STYLE_FILL_AREA(#14487);
#14487 = FILL_AREA_STYLE('',(#14488));
#14488 = FILL_AREA_STYLE_COLOUR('',#13384);
#14489 = STYLED_ITEM('color',(#14490),#2267);
#14490 = PRESENTATION_STYLE_ASSIGNMENT((#14491));
#14491 = SURFACE_STYLE_USAGE(.BOTH.,#14492);
#14492 = SURFACE_SIDE_STYLE('',(#14493));
#14493 = SURFACE_STYLE_FILL_AREA(#14494);
#14494 = FILL_AREA_STYLE('',(#14495));
#14495 = FILL_AREA_STYLE_COLOUR('',#13384);
#14496 = STYLED_ITEM('color',(#14497),#2279);
#14497 = PRESENTATION_STYLE_ASSIGNMENT((#14498));
#14498 = SURFACE_STYLE_USAGE(.BOTH.,#14499);
#14499 = SURFACE_SIDE_STYLE('',(#14500));
#14500 = SURFACE_STYLE_FILL_AREA(#14501);
#14501 = FILL_AREA_STYLE('',(#14502));
#14502 = FILL_AREA_STYLE_COLOUR('',#13863);
#14503 = STYLED_ITEM('color',(#14504),#2304);
#14504 = PRESENTATION_STYLE_ASSIGNMENT((#14505));
#14505 = SURFACE_STYLE_USAGE(.BOTH.,#14506);
#14506 = SURFACE_SIDE_STYLE('',(#14507));
#14507 = SURFACE_STYLE_FILL_AREA(#14508);
#14508 = FILL_AREA_STYLE('',(#14509));
#14509 = FILL_AREA_STYLE_COLOUR('',#13863);
#14510 = MECHANICAL_DESIGN_GEOMETRIC_PRESENTATION_REPRESENTATION('',(
    #14511),#3576);
#14511 = STYLED_ITEM('color',(#14512),#3381);
#14512 = PRESENTATION_STYLE_ASSIGNMENT((#14513,#14519));
#14513 = SURFACE_STYLE_USAGE(.BOTH.,#14514);
#14514 = SURFACE_SIDE_STYLE('',(#14515));
#14515 = SURFACE_STYLE_FILL_AREA(#14516);
#14516 = FILL_AREA_STYLE('',(#14517));
#14517 = FILL_AREA_STYLE_COLOUR('',#14518);
#14518 = COLOUR_RGB('',0.300000011149,0.300000011149,0.300000011149);
#14519 = CURVE_STYLE('',#14520,POSITIVE_LENGTH_MEASURE(0.1),#14518);
#14520 = DRAUGHTING_PRE_DEFINED_CURVE_FONT('continuous');
#14521 = MECHANICAL_DESIGN_GEOMETRIC_PRESENTATION_REPRESENTATION('',(
    #14522),#4527);
#14522 = STYLED_ITEM('color',(#14523),#4415);
#14523 = PRESENTATION_STYLE_ASSIGNMENT((#14524,#14529));
#14524 = SURFACE_STYLE_USAGE(.BOTH.,#14525);
#14525 = SURFACE_SIDE_STYLE('',(#14526));
#14526 = SURFACE_STYLE_FILL_AREA(#14527);
#14527 = FILL_AREA_STYLE('',(#14528));
#14528 = FILL_AREA_STYLE_COLOUR('',#14518);
#14529 = CURVE_STYLE('',#14530,POSITIVE_LENGTH_MEASURE(0.1),#14518);
#14530 = DRAUGHTING_PRE_DEFINED_CURVE_FONT('continuous');
#14531 = MECHANICAL_DESIGN_GEOMETRIC_PRESENTATION_REPRESENTATION('',(
    #14532),#3745);
#14532 = STYLED_ITEM('color',(#14533),#3595);
#14533 = PRESENTATION_STYLE_ASSIGNMENT((#14534,#14539));
#14534 = SURFACE_STYLE_USAGE(.BOTH.,#14535);
#14535 = SURFACE_SIDE_STYLE('',(#14536));
#14536 = SURFACE_STYLE_FILL_AREA(#14537);
#14537 = FILL_AREA_STYLE('',(#14538));
#14538 = FILL_AREA_STYLE_COLOUR('',#13768);
#14539 = CURVE_STYLE('',#14540,POSITIVE_LENGTH_MEASURE(0.1),#13768);
#14540 = DRAUGHTING_PRE_DEFINED_CURVE_FONT('continuous');
#14541 = MECHANICAL_DESIGN_GEOMETRIC_PRESENTATION_REPRESENTATION('',(
    #14542),#13365);
#14542 = STYLED_ITEM('color',(#14543),#12669);
#14543 = PRESENTATION_STYLE_ASSIGNMENT((#14544));
#14544 = SURFACE_STYLE_USAGE(.BOTH.,#14545);
#14545 = SURFACE_SIDE_STYLE('',(#14546));
#14546 = SURFACE_STYLE_FILL_AREA(#14547);
#14547 = FILL_AREA_STYLE('',(#14548));
#14548 = FILL_AREA_STYLE_COLOUR('',#14549);
#14549 = COLOUR_RGB('',0.313304153717,0.484529207832,0.410020903123);
#14550 = MECHANICAL_DESIGN_GEOMETRIC_PRESENTATION_REPRESENTATION('',(
    #14551,#14559,#14566,#14573,#14580,#14587,#14594,#14601,#14608,
    #14615,#14622,#14629,#14636,#14643,#14650,#14657,#14664),#5063);
#14551 = STYLED_ITEM('color',(#14552),#4678);
#14552 = PRESENTATION_STYLE_ASSIGNMENT((#14553));
#14553 = SURFACE_STYLE_USAGE(.BOTH.,#14554);
#14554 = SURFACE_SIDE_STYLE('',(#14555));
#14555 = SURFACE_STYLE_FILL_AREA(#14556);
#14556 = FILL_AREA_STYLE('',(#14557));
#14557 = FILL_AREA_STYLE_COLOUR('',#14558);
#14558 = COLOUR_RGB('',0.883000012551,0.711000022565,0.492000011028);
#14559 = STYLED_ITEM('color',(#14560),#4711);
#14560 = PRESENTATION_STYLE_ASSIGNMENT((#14561));
#14561 = SURFACE_STYLE_USAGE(.BOTH.,#14562);
#14562 = SURFACE_SIDE_STYLE('',(#14563));
#14563 = SURFACE_STYLE_FILL_AREA(#14564);
#14564 = FILL_AREA_STYLE('',(#14565));
#14565 = FILL_AREA_STYLE_COLOUR('',#14558);
#14566 = STYLED_ITEM('color',(#14567),#4737);
#14567 = PRESENTATION_STYLE_ASSIGNMENT((#14568));
#14568 = SURFACE_STYLE_USAGE(.BOTH.,#14569);
#14569 = SURFACE_SIDE_STYLE('',(#14570));
#14570 = SURFACE_STYLE_FILL_AREA(#14571);
#14571 = FILL_AREA_STYLE('',(#14572));
#14572 = FILL_AREA_STYLE_COLOUR('',#14558);
#14573 = STYLED_ITEM('color',(#14574),#4757);
#14574 = PRESENTATION_STYLE_ASSIGNMENT((#14575));
#14575 = SURFACE_STYLE_USAGE(.BOTH.,#14576);
#14576 = SURFACE_SIDE_STYLE('',(#14577));
#14577 = SURFACE_STYLE_FILL_AREA(#14578);
#14578 = FILL_AREA_STYLE('',(#14579));
#14579 = FILL_AREA_STYLE_COLOUR('',#14558);
#14580 = STYLED_ITEM('color',(#14581),#4777);
#14581 = PRESENTATION_STYLE_ASSIGNMENT((#14582));
#14582 = SURFACE_STYLE_USAGE(.BOTH.,#14583);
#14583 = SURFACE_SIDE_STYLE('',(#14584));
#14584 = SURFACE_STYLE_FILL_AREA(#14585);
#14585 = FILL_AREA_STYLE('',(#14586));
#14586 = FILL_AREA_STYLE_COLOUR('',#14558);
#14587 = STYLED_ITEM('color',(#14588),#4802);
#14588 = PRESENTATION_STYLE_ASSIGNMENT((#14589));
#14589 = SURFACE_STYLE_USAGE(.BOTH.,#14590);
#14590 = SURFACE_SIDE_STYLE('',(#14591));
#14591 = SURFACE_STYLE_FILL_AREA(#14592);
#14592 = FILL_AREA_STYLE('',(#14593));
#14593 = FILL_AREA_STYLE_COLOUR('',#13384);
#14594 = STYLED_ITEM('color',(#14595),#4827);
#14595 = PRESENTATION_STYLE_ASSIGNMENT((#14596));
#14596 = SURFACE_STYLE_USAGE(.BOTH.,#14597);
#14597 = SURFACE_SIDE_STYLE('',(#14598));
#14598 = SURFACE_STYLE_FILL_AREA(#14599);
#14599 = FILL_AREA_STYLE('',(#14600));
#14600 = FILL_AREA_STYLE_COLOUR('',#14558);
#14601 = STYLED_ITEM('color',(#14602),#4847);
#14602 = PRESENTATION_STYLE_ASSIGNMENT((#14603));
#14603 = SURFACE_STYLE_USAGE(.BOTH.,#14604);
#14604 = SURFACE_SIDE_STYLE('',(#14605));
#14605 = SURFACE_STYLE_FILL_AREA(#14606);
#14606 = FILL_AREA_STYLE('',(#14607));
#14607 = FILL_AREA_STYLE_COLOUR('',#13384);
#14608 = STYLED_ITEM('color',(#14609),#4856);
#14609 = PRESENTATION_STYLE_ASSIGNMENT((#14610));
#14610 = SURFACE_STYLE_USAGE(.BOTH.,#14611);
#14611 = SURFACE_SIDE_STYLE('',(#14612));
#14612 = SURFACE_STYLE_FILL_AREA(#14613);
#14613 = FILL_AREA_STYLE('',(#14614));
#14614 = FILL_AREA_STYLE_COLOUR('',#14558);
#14615 = STYLED_ITEM('color',(#14616),#4881);
#14616 = PRESENTATION_STYLE_ASSIGNMENT((#14617));
#14617 = SURFACE_STYLE_USAGE(.BOTH.,#14618);
#14618 = SURFACE_SIDE_STYLE('',(#14619));
#14619 = SURFACE_STYLE_FILL_AREA(#14620);
#14620 = FILL_AREA_STYLE('',(#14621));
#14621 = FILL_AREA_STYLE_COLOUR('',#14558);
#14622 = STYLED_ITEM('color',(#14623),#4907);
#14623 = PRESENTATION_STYLE_ASSIGNMENT((#14624));
#14624 = SURFACE_STYLE_USAGE(.BOTH.,#14625);
#14625 = SURFACE_SIDE_STYLE('',(#14626));
#14626 = SURFACE_STYLE_FILL_AREA(#14627);
#14627 = FILL_AREA_STYLE('',(#14628));
#14628 = FILL_AREA_STYLE_COLOUR('',#14558);
#14629 = STYLED_ITEM('color',(#14630),#4927);
#14630 = PRESENTATION_STYLE_ASSIGNMENT((#14631));
#14631 = SURFACE_STYLE_USAGE(.BOTH.,#14632);
#14632 = SURFACE_SIDE_STYLE('',(#14633));
#14633 = SURFACE_STYLE_FILL_AREA(#14634);
#14634 = FILL_AREA_STYLE('',(#14635));
#14635 = FILL_AREA_STYLE_COLOUR('',#13384);
#14636 = STYLED_ITEM('color',(#14637),#4952);
#14637 = PRESENTATION_STYLE_ASSIGNMENT((#14638));
#14638 = SURFACE_STYLE_USAGE(.BOTH.,#14639);
#14639 = SURFACE_SIDE_STYLE('',(#14640));
#14640 = SURFACE_STYLE_FILL_AREA(#14641);
#14641 = FILL_AREA_STYLE('',(#14642));
#14642 = FILL_AREA_STYLE_COLOUR('',#13384);
#14643 = STYLED_ITEM('color',(#14644),#4978);
#14644 = PRESENTATION_STYLE_ASSIGNMENT((#14645));
#14645 = SURFACE_STYLE_USAGE(.BOTH.,#14646);
#14646 = SURFACE_SIDE_STYLE('',(#14647));
#14647 = SURFACE_STYLE_FILL_AREA(#14648);
#14648 = FILL_AREA_STYLE('',(#14649));
#14649 = FILL_AREA_STYLE_COLOUR('',#13384);
#14650 = STYLED_ITEM('color',(#14651),#5003);
#14651 = PRESENTATION_STYLE_ASSIGNMENT((#14652));
#14652 = SURFACE_STYLE_USAGE(.BOTH.,#14653);
#14653 = SURFACE_SIDE_STYLE('',(#14654));
#14654 = SURFACE_STYLE_FILL_AREA(#14655);
#14655 = FILL_AREA_STYLE('',(#14656));
#14656 = FILL_AREA_STYLE_COLOUR('',#13384);
#14657 = STYLED_ITEM('color',(#14658),#5029);
#14658 = PRESENTATION_STYLE_ASSIGNMENT((#14659));
#14659 = SURFACE_STYLE_USAGE(.BOTH.,#14660);
#14660 = SURFACE_SIDE_STYLE('',(#14661));
#14661 = SURFACE_STYLE_FILL_AREA(#14662);
#14662 = FILL_AREA_STYLE('',(#14663));
#14663 = FILL_AREA_STYLE_COLOUR('',#13384);
#14664 = STYLED_ITEM('color',(#14665),#5054);
#14665 = PRESENTATION_STYLE_ASSIGNMENT((#14666));
#14666 = SURFACE_STYLE_USAGE(.BOTH.,#14667);
#14667 = SURFACE_SIDE_STYLE('',(#14668));
#14668 = SURFACE_STYLE_FILL_AREA(#14669);
#14669 = FILL_AREA_STYLE('',(#14670));
#14670 = FILL_AREA_STYLE_COLOUR('',#13384);
#14671 = MECHANICAL_DESIGN_GEOMETRIC_PRESENTATION_REPRESENTATION('',(
    #14672,#14679,#14686,#14693,#14700,#14707,#14714,#14721,#14728,
    #14735,#14742,#14749,#14756,#14763,#14770,#14777,#14784,#14791,
    #14798,#14805,#14812,#14819,#14826,#14833,#14840,#14847,#14854,
    #14861,#14868,#14875,#14882,#14889,#14896,#14903,#14910,#14917,
    #14924,#14931,#14938,#14945,#14952,#14959,#14966,#14973,#14980,
    #14987,#14994,#15002,#15009,#15016,#15023,#15030,#15037,#15044,
    #15051,#15058,#15065,#15072,#15079,#15086,#15093,#15100,#15107,
    #15114,#15121,#15128,#15135,#15142,#15149,#15156,#15163,#15170,
    #15177,#15184,#15191,#15198,#15205,#15212,#15219,#15226,#15233,
    #15240,#15247,#15254,#15261,#15268,#15275,#15282,#15289,#15296,
    #15303,#15310,#15317,#15324,#15331,#15338,#15345,#15352,#15359,
    #15366,#15373,#15380,#15387,#15394,#15401,#15408,#15415,#15422,
    #15429,#15436,#15443,#15450,#15457,#15464,#15471,#15478,#15485,
    #15492,#15499,#15506,#15513,#15520,#15527,#15534,#15541,#15548,
    #15555,#15562,#15569,#15576,#15583,#15590,#15597,#15604,#15611,
    #15618,#15625,#15632,#15639,#15646,#15653,#15660,#15667,#15674,
    #15681,#15688,#15695,#15702,#15709,#15716,#15723,#15730,#15737,
    #15744,#15751,#15758,#15765,#15772,#15779,#15786,#15793,#15800,
    #15807,#15814,#15821,#15828,#15835,#15842,#15849,#15856,#15863,
    #15870,#15877,#15884,#15891,#15898,#15905,#15912,#15919,#15926,
    #15933,#15940,#15947,#15954,#15961,#15968,#15975,#15982,#15989,
    #15996,#16003,#16010,#16017),#10591);
#14672 = STYLED_ITEM('color',(#14673),#5084);
#14673 = PRESENTATION_STYLE_ASSIGNMENT((#14674));
#14674 = SURFACE_STYLE_USAGE(.BOTH.,#14675);
#14675 = SURFACE_SIDE_STYLE('',(#14676));
#14676 = SURFACE_STYLE_FILL_AREA(#14677);
#14677 = FILL_AREA_STYLE('',(#14678));
#14678 = FILL_AREA_STYLE_COLOUR('',#13969);
#14679 = STYLED_ITEM('color',(#14680),#5124);
#14680 = PRESENTATION_STYLE_ASSIGNMENT((#14681));
#14681 = SURFACE_STYLE_USAGE(.BOTH.,#14682);
#14682 = SURFACE_SIDE_STYLE('',(#14683));
#14683 = SURFACE_STYLE_FILL_AREA(#14684);
#14684 = FILL_AREA_STYLE('',(#14685));
#14685 = FILL_AREA_STYLE_COLOUR('',#13969);
#14686 = STYLED_ITEM('color',(#14687),#5155);
#14687 = PRESENTATION_STYLE_ASSIGNMENT((#14688));
#14688 = SURFACE_STYLE_USAGE(.BOTH.,#14689);
#14689 = SURFACE_SIDE_STYLE('',(#14690));
#14690 = SURFACE_STYLE_FILL_AREA(#14691);
#14691 = FILL_AREA_STYLE('',(#14692));
#14692 = FILL_AREA_STYLE_COLOUR('',#13969);
#14693 = STYLED_ITEM('color',(#14694),#5186);
#14694 = PRESENTATION_STYLE_ASSIGNMENT((#14695));
#14695 = SURFACE_STYLE_USAGE(.BOTH.,#14696);
#14696 = SURFACE_SIDE_STYLE('',(#14697));
#14697 = SURFACE_STYLE_FILL_AREA(#14698);
#14698 = FILL_AREA_STYLE('',(#14699));
#14699 = FILL_AREA_STYLE_COLOUR('',#13969);
#14700 = STYLED_ITEM('color',(#14701),#5761);
#14701 = PRESENTATION_STYLE_ASSIGNMENT((#14702));
#14702 = SURFACE_STYLE_USAGE(.BOTH.,#14703);
#14703 = SURFACE_SIDE_STYLE('',(#14704));
#14704 = SURFACE_STYLE_FILL_AREA(#14705);
#14705 = FILL_AREA_STYLE('',(#14706));
#14706 = FILL_AREA_STYLE_COLOUR('',#13969);
#14707 = STYLED_ITEM('color',(#14708),#6336);
#14708 = PRESENTATION_STYLE_ASSIGNMENT((#14709));
#14709 = SURFACE_STYLE_USAGE(.BOTH.,#14710);
#14710 = SURFACE_SIDE_STYLE('',(#14711));
#14711 = SURFACE_STYLE_FILL_AREA(#14712);
#14712 = FILL_AREA_STYLE('',(#14713));
#14713 = FILL_AREA_STYLE_COLOUR('',#13969);
#14714 = STYLED_ITEM('color',(#14715),#6353);
#14715 = PRESENTATION_STYLE_ASSIGNMENT((#14716));
#14716 = SURFACE_STYLE_USAGE(.BOTH.,#14717);
#14717 = SURFACE_SIDE_STYLE('',(#14718));
#14718 = SURFACE_STYLE_FILL_AREA(#14719);
#14719 = FILL_AREA_STYLE('',(#14720));
#14720 = FILL_AREA_STYLE_COLOUR('',#13969);
#14721 = STYLED_ITEM('color',(#14722),#6370);
#14722 = PRESENTATION_STYLE_ASSIGNMENT((#14723));
#14723 = SURFACE_STYLE_USAGE(.BOTH.,#14724);
#14724 = SURFACE_SIDE_STYLE('',(#14725));
#14725 = SURFACE_STYLE_FILL_AREA(#14726);
#14726 = FILL_AREA_STYLE('',(#14727));
#14727 = FILL_AREA_STYLE_COLOUR('',#13969);
#14728 = STYLED_ITEM('color',(#14729),#6387);
#14729 = PRESENTATION_STYLE_ASSIGNMENT((#14730));
#14730 = SURFACE_STYLE_USAGE(.BOTH.,#14731);
#14731 = SURFACE_SIDE_STYLE('',(#14732));
#14732 = SURFACE_STYLE_FILL_AREA(#14733);
#14733 = FILL_AREA_STYLE('',(#14734));
#14734 = FILL_AREA_STYLE_COLOUR('',#13969);
#14735 = STYLED_ITEM('color',(#14736),#6404);
#14736 = PRESENTATION_STYLE_ASSIGNMENT((#14737));
#14737 = SURFACE_STYLE_USAGE(.BOTH.,#14738);
#14738 = SURFACE_SIDE_STYLE('',(#14739));
#14739 = SURFACE_STYLE_FILL_AREA(#14740);
#14740 = FILL_AREA_STYLE('',(#14741));
#14741 = FILL_AREA_STYLE_COLOUR('',#13969);
#14742 = STYLED_ITEM('color',(#14743),#6421);
#14743 = PRESENTATION_STYLE_ASSIGNMENT((#14744));
#14744 = SURFACE_STYLE_USAGE(.BOTH.,#14745);
#14745 = SURFACE_SIDE_STYLE('',(#14746));
#14746 = SURFACE_STYLE_FILL_AREA(#14747);
#14747 = FILL_AREA_STYLE('',(#14748));
#14748 = FILL_AREA_STYLE_COLOUR('',#13969);
#14749 = STYLED_ITEM('color',(#14750),#6438);
#14750 = PRESENTATION_STYLE_ASSIGNMENT((#14751));
#14751 = SURFACE_STYLE_USAGE(.BOTH.,#14752);
#14752 = SURFACE_SIDE_STYLE('',(#14753));
#14753 = SURFACE_STYLE_FILL_AREA(#14754);
#14754 = FILL_AREA_STYLE('',(#14755));
#14755 = FILL_AREA_STYLE_COLOUR('',#13969);
#14756 = STYLED_ITEM('color',(#14757),#6455);
#14757 = PRESENTATION_STYLE_ASSIGNMENT((#14758));
#14758 = SURFACE_STYLE_USAGE(.BOTH.,#14759);
#14759 = SURFACE_SIDE_STYLE('',(#14760));
#14760 = SURFACE_STYLE_FILL_AREA(#14761);
#14761 = FILL_AREA_STYLE('',(#14762));
#14762 = FILL_AREA_STYLE_COLOUR('',#13969);
#14763 = STYLED_ITEM('color',(#14764),#6472);
#14764 = PRESENTATION_STYLE_ASSIGNMENT((#14765));
#14765 = SURFACE_STYLE_USAGE(.BOTH.,#14766);
#14766 = SURFACE_SIDE_STYLE('',(#14767));
#14767 = SURFACE_STYLE_FILL_AREA(#14768);
#14768 = FILL_AREA_STYLE('',(#14769));
#14769 = FILL_AREA_STYLE_COLOUR('',#13969);
#14770 = STYLED_ITEM('color',(#14771),#6489);
#14771 = PRESENTATION_STYLE_ASSIGNMENT((#14772));
#14772 = SURFACE_STYLE_USAGE(.BOTH.,#14773);
#14773 = SURFACE_SIDE_STYLE('',(#14774));
#14774 = SURFACE_STYLE_FILL_AREA(#14775);
#14775 = FILL_AREA_STYLE('',(#14776));
#14776 = FILL_AREA_STYLE_COLOUR('',#13969);
#14777 = STYLED_ITEM('color',(#14778),#6506);
#14778 = PRESENTATION_STYLE_ASSIGNMENT((#14779));
#14779 = SURFACE_STYLE_USAGE(.BOTH.,#14780);
#14780 = SURFACE_SIDE_STYLE('',(#14781));
#14781 = SURFACE_STYLE_FILL_AREA(#14782);
#14782 = FILL_AREA_STYLE('',(#14783));
#14783 = FILL_AREA_STYLE_COLOUR('',#13969);
#14784 = STYLED_ITEM('color',(#14785),#6523);
#14785 = PRESENTATION_STYLE_ASSIGNMENT((#14786));
#14786 = SURFACE_STYLE_USAGE(.BOTH.,#14787);
#14787 = SURFACE_SIDE_STYLE('',(#14788));
#14788 = SURFACE_STYLE_FILL_AREA(#14789);
#14789 = FILL_AREA_STYLE('',(#14790));
#14790 = FILL_AREA_STYLE_COLOUR('',#13969);
#14791 = STYLED_ITEM('color',(#14792),#6540);
#14792 = PRESENTATION_STYLE_ASSIGNMENT((#14793));
#14793 = SURFACE_STYLE_USAGE(.BOTH.,#14794);
#14794 = SURFACE_SIDE_STYLE('',(#14795));
#14795 = SURFACE_STYLE_FILL_AREA(#14796);
#14796 = FILL_AREA_STYLE('',(#14797));
#14797 = FILL_AREA_STYLE_COLOUR('',#13969);
#14798 = STYLED_ITEM('color',(#14799),#6557);
#14799 = PRESENTATION_STYLE_ASSIGNMENT((#14800));
#14800 = SURFACE_STYLE_USAGE(.BOTH.,#14801);
#14801 = SURFACE_SIDE_STYLE('',(#14802));
#14802 = SURFACE_STYLE_FILL_AREA(#14803);
#14803 = FILL_AREA_STYLE('',(#14804));
#14804 = FILL_AREA_STYLE_COLOUR('',#13969);
#14805 = STYLED_ITEM('color',(#14806),#6574);
#14806 = PRESENTATION_STYLE_ASSIGNMENT((#14807));
#14807 = SURFACE_STYLE_USAGE(.BOTH.,#14808);
#14808 = SURFACE_SIDE_STYLE('',(#14809));
#14809 = SURFACE_STYLE_FILL_AREA(#14810);
#14810 = FILL_AREA_STYLE('',(#14811));
#14811 = FILL_AREA_STYLE_COLOUR('',#13969);
#14812 = STYLED_ITEM('color',(#14813),#6591);
#14813 = PRESENTATION_STYLE_ASSIGNMENT((#14814));
#14814 = SURFACE_STYLE_USAGE(.BOTH.,#14815);
#14815 = SURFACE_SIDE_STYLE('',(#14816));
#14816 = SURFACE_STYLE_FILL_AREA(#14817);
#14817 = FILL_AREA_STYLE('',(#14818));
#14818 = FILL_AREA_STYLE_COLOUR('',#13969);
#14819 = STYLED_ITEM('color',(#14820),#6608);
#14820 = PRESENTATION_STYLE_ASSIGNMENT((#14821));
#14821 = SURFACE_STYLE_USAGE(.BOTH.,#14822);
#14822 = SURFACE_SIDE_STYLE('',(#14823));
#14823 = SURFACE_STYLE_FILL_AREA(#14824);
#14824 = FILL_AREA_STYLE('',(#14825));
#14825 = FILL_AREA_STYLE_COLOUR('',#13969);
#14826 = STYLED_ITEM('color',(#14827),#6625);
#14827 = PRESENTATION_STYLE_ASSIGNMENT((#14828));
#14828 = SURFACE_STYLE_USAGE(.BOTH.,#14829);
#14829 = SURFACE_SIDE_STYLE('',(#14830));
#14830 = SURFACE_STYLE_FILL_AREA(#14831);
#14831 = FILL_AREA_STYLE('',(#14832));
#14832 = FILL_AREA_STYLE_COLOUR('',#13969);
#14833 = STYLED_ITEM('color',(#14834),#6642);
#14834 = PRESENTATION_STYLE_ASSIGNMENT((#14835));
#14835 = SURFACE_STYLE_USAGE(.BOTH.,#14836);
#14836 = SURFACE_SIDE_STYLE('',(#14837));
#14837 = SURFACE_STYLE_FILL_AREA(#14838);
#14838 = FILL_AREA_STYLE('',(#14839));
#14839 = FILL_AREA_STYLE_COLOUR('',#13969);
#14840 = STYLED_ITEM('color',(#14841),#6659);
#14841 = PRESENTATION_STYLE_ASSIGNMENT((#14842));
#14842 = SURFACE_STYLE_USAGE(.BOTH.,#14843);
#14843 = SURFACE_SIDE_STYLE('',(#14844));
#14844 = SURFACE_STYLE_FILL_AREA(#14845);
#14845 = FILL_AREA_STYLE('',(#14846));
#14846 = FILL_AREA_STYLE_COLOUR('',#13969);
#14847 = STYLED_ITEM('color',(#14848),#6676);
#14848 = PRESENTATION_STYLE_ASSIGNMENT((#14849));
#14849 = SURFACE_STYLE_USAGE(.BOTH.,#14850);
#14850 = SURFACE_SIDE_STYLE('',(#14851));
#14851 = SURFACE_STYLE_FILL_AREA(#14852);
#14852 = FILL_AREA_STYLE('',(#14853));
#14853 = FILL_AREA_STYLE_COLOUR('',#13969);
#14854 = STYLED_ITEM('color',(#14855),#6693);
#14855 = PRESENTATION_STYLE_ASSIGNMENT((#14856));
#14856 = SURFACE_STYLE_USAGE(.BOTH.,#14857);
#14857 = SURFACE_SIDE_STYLE('',(#14858));
#14858 = SURFACE_STYLE_FILL_AREA(#14859);
#14859 = FILL_AREA_STYLE('',(#14860));
#14860 = FILL_AREA_STYLE_COLOUR('',#13969);
#14861 = STYLED_ITEM('color',(#14862),#6710);
#14862 = PRESENTATION_STYLE_ASSIGNMENT((#14863));
#14863 = SURFACE_STYLE_USAGE(.BOTH.,#14864);
#14864 = SURFACE_SIDE_STYLE('',(#14865));
#14865 = SURFACE_STYLE_FILL_AREA(#14866);
#14866 = FILL_AREA_STYLE('',(#14867));
#14867 = FILL_AREA_STYLE_COLOUR('',#13969);
#14868 = STYLED_ITEM('color',(#14869),#6727);
#14869 = PRESENTATION_STYLE_ASSIGNMENT((#14870));
#14870 = SURFACE_STYLE_USAGE(.BOTH.,#14871);
#14871 = SURFACE_SIDE_STYLE('',(#14872));
#14872 = SURFACE_STYLE_FILL_AREA(#14873);
#14873 = FILL_AREA_STYLE('',(#14874));
#14874 = FILL_AREA_STYLE_COLOUR('',#13969);
#14875 = STYLED_ITEM('color',(#14876),#6744);
#14876 = PRESENTATION_STYLE_ASSIGNMENT((#14877));
#14877 = SURFACE_STYLE_USAGE(.BOTH.,#14878);
#14878 = SURFACE_SIDE_STYLE('',(#14879));
#14879 = SURFACE_STYLE_FILL_AREA(#14880);
#14880 = FILL_AREA_STYLE('',(#14881));
#14881 = FILL_AREA_STYLE_COLOUR('',#13969);
#14882 = STYLED_ITEM('color',(#14883),#6761);
#14883 = PRESENTATION_STYLE_ASSIGNMENT((#14884));
#14884 = SURFACE_STYLE_USAGE(.BOTH.,#14885);
#14885 = SURFACE_SIDE_STYLE('',(#14886));
#14886 = SURFACE_STYLE_FILL_AREA(#14887);
#14887 = FILL_AREA_STYLE('',(#14888));
#14888 = FILL_AREA_STYLE_COLOUR('',#13969);
#14889 = STYLED_ITEM('color',(#14890),#6778);
#14890 = PRESENTATION_STYLE_ASSIGNMENT((#14891));
#14891 = SURFACE_STYLE_USAGE(.BOTH.,#14892);
#14892 = SURFACE_SIDE_STYLE('',(#14893));
#14893 = SURFACE_STYLE_FILL_AREA(#14894);
#14894 = FILL_AREA_STYLE('',(#14895));
#14895 = FILL_AREA_STYLE_COLOUR('',#13969);
#14896 = STYLED_ITEM('color',(#14897),#6795);
#14897 = PRESENTATION_STYLE_ASSIGNMENT((#14898));
#14898 = SURFACE_STYLE_USAGE(.BOTH.,#14899);
#14899 = SURFACE_SIDE_STYLE('',(#14900));
#14900 = SURFACE_STYLE_FILL_AREA(#14901);
#14901 = FILL_AREA_STYLE('',(#14902));
#14902 = FILL_AREA_STYLE_COLOUR('',#13969);
#14903 = STYLED_ITEM('color',(#14904),#6812);
#14904 = PRESENTATION_STYLE_ASSIGNMENT((#14905));
#14905 = SURFACE_STYLE_USAGE(.BOTH.,#14906);
#14906 = SURFACE_SIDE_STYLE('',(#14907));
#14907 = SURFACE_STYLE_FILL_AREA(#14908);
#14908 = FILL_AREA_STYLE('',(#14909));
#14909 = FILL_AREA_STYLE_COLOUR('',#13969);
#14910 = STYLED_ITEM('color',(#14911),#6829);
#14911 = PRESENTATION_STYLE_ASSIGNMENT((#14912));
#14912 = SURFACE_STYLE_USAGE(.BOTH.,#14913);
#14913 = SURFACE_SIDE_STYLE('',(#14914));
#14914 = SURFACE_STYLE_FILL_AREA(#14915);
#14915 = FILL_AREA_STYLE('',(#14916));
#14916 = FILL_AREA_STYLE_COLOUR('',#13969);
#14917 = STYLED_ITEM('color',(#14918),#6846);
#14918 = PRESENTATION_STYLE_ASSIGNMENT((#14919));
#14919 = SURFACE_STYLE_USAGE(.BOTH.,#14920);
#14920 = SURFACE_SIDE_STYLE('',(#14921));
#14921 = SURFACE_STYLE_FILL_AREA(#14922);
#14922 = FILL_AREA_STYLE('',(#14923));
#14923 = FILL_AREA_STYLE_COLOUR('',#13969);
#14924 = STYLED_ITEM('color',(#14925),#6863);
#14925 = PRESENTATION_STYLE_ASSIGNMENT((#14926));
#14926 = SURFACE_STYLE_USAGE(.BOTH.,#14927);
#14927 = SURFACE_SIDE_STYLE('',(#14928));
#14928 = SURFACE_STYLE_FILL_AREA(#14929);
#14929 = FILL_AREA_STYLE('',(#14930));
#14930 = FILL_AREA_STYLE_COLOUR('',#13969);
#14931 = STYLED_ITEM('color',(#14932),#6880);
#14932 = PRESENTATION_STYLE_ASSIGNMENT((#14933));
#14933 = SURFACE_STYLE_USAGE(.BOTH.,#14934);
#14934 = SURFACE_SIDE_STYLE('',(#14935));
#14935 = SURFACE_STYLE_FILL_AREA(#14936);
#14936 = FILL_AREA_STYLE('',(#14937));
#14937 = FILL_AREA_STYLE_COLOUR('',#13969);
#14938 = STYLED_ITEM('color',(#14939),#6897);
#14939 = PRESENTATION_STYLE_ASSIGNMENT((#14940));
#14940 = SURFACE_STYLE_USAGE(.BOTH.,#14941);
#14941 = SURFACE_SIDE_STYLE('',(#14942));
#14942 = SURFACE_STYLE_FILL_AREA(#14943);
#14943 = FILL_AREA_STYLE('',(#14944));
#14944 = FILL_AREA_STYLE_COLOUR('',#13969);
#14945 = STYLED_ITEM('color',(#14946),#6914);
#14946 = PRESENTATION_STYLE_ASSIGNMENT((#14947));
#14947 = SURFACE_STYLE_USAGE(.BOTH.,#14948);
#14948 = SURFACE_SIDE_STYLE('',(#14949));
#14949 = SURFACE_STYLE_FILL_AREA(#14950);
#14950 = FILL_AREA_STYLE('',(#14951));
#14951 = FILL_AREA_STYLE_COLOUR('',#13969);
#14952 = STYLED_ITEM('color',(#14953),#6931);
#14953 = PRESENTATION_STYLE_ASSIGNMENT((#14954));
#14954 = SURFACE_STYLE_USAGE(.BOTH.,#14955);
#14955 = SURFACE_SIDE_STYLE('',(#14956));
#14956 = SURFACE_STYLE_FILL_AREA(#14957);
#14957 = FILL_AREA_STYLE('',(#14958));
#14958 = FILL_AREA_STYLE_COLOUR('',#13969);
#14959 = STYLED_ITEM('color',(#14960),#6948);
#14960 = PRESENTATION_STYLE_ASSIGNMENT((#14961));
#14961 = SURFACE_STYLE_USAGE(.BOTH.,#14962);
#14962 = SURFACE_SIDE_STYLE('',(#14963));
#14963 = SURFACE_STYLE_FILL_AREA(#14964);
#14964 = FILL_AREA_STYLE('',(#14965));
#14965 = FILL_AREA_STYLE_COLOUR('',#13969);
#14966 = STYLED_ITEM('color',(#14967),#6965);
#14967 = PRESENTATION_STYLE_ASSIGNMENT((#14968));
#14968 = SURFACE_STYLE_USAGE(.BOTH.,#14969);
#14969 = SURFACE_SIDE_STYLE('',(#14970));
#14970 = SURFACE_STYLE_FILL_AREA(#14971);
#14971 = FILL_AREA_STYLE('',(#14972));
#14972 = FILL_AREA_STYLE_COLOUR('',#13969);
#14973 = STYLED_ITEM('color',(#14974),#6982);
#14974 = PRESENTATION_STYLE_ASSIGNMENT((#14975));
#14975 = SURFACE_STYLE_USAGE(.BOTH.,#14976);
#14976 = SURFACE_SIDE_STYLE('',(#14977));
#14977 = SURFACE_STYLE_FILL_AREA(#14978);
#14978 = FILL_AREA_STYLE('',(#14979));
#14979 = FILL_AREA_STYLE_COLOUR('',#13969);
#14980 = STYLED_ITEM('color',(#14981),#6999);
#14981 = PRESENTATION_STYLE_ASSIGNMENT((#14982));
#14982 = SURFACE_STYLE_USAGE(.BOTH.,#14983);
#14983 = SURFACE_SIDE_STYLE('',(#14984));
#14984 = SURFACE_STYLE_FILL_AREA(#14985);
#14985 = FILL_AREA_STYLE('',(#14986));
#14986 = FILL_AREA_STYLE_COLOUR('',#13969);
#14987 = STYLED_ITEM('color',(#14988),#7016);
#14988 = PRESENTATION_STYLE_ASSIGNMENT((#14989));
#14989 = SURFACE_STYLE_USAGE(.BOTH.,#14990);
#14990 = SURFACE_SIDE_STYLE('',(#14991));
#14991 = SURFACE_STYLE_FILL_AREA(#14992);
#14992 = FILL_AREA_STYLE('',(#14993));
#14993 = FILL_AREA_STYLE_COLOUR('',#13969);
#14994 = STYLED_ITEM('color',(#14995),#7028);
#14995 = PRESENTATION_STYLE_ASSIGNMENT((#14996));
#14996 = SURFACE_STYLE_USAGE(.BOTH.,#14997);
#14997 = SURFACE_SIDE_STYLE('',(#14998));
#14998 = SURFACE_STYLE_FILL_AREA(#14999);
#14999 = FILL_AREA_STYLE('',(#15000));
#15000 = FILL_AREA_STYLE_COLOUR('',#15001);
#15001 = COLOUR_RGB('',0.859000020776,0.737999965183,0.495999988746);
#15002 = STYLED_ITEM('color',(#15003),#7059);
#15003 = PRESENTATION_STYLE_ASSIGNMENT((#15004));
#15004 = SURFACE_STYLE_USAGE(.BOTH.,#15005);
#15005 = SURFACE_SIDE_STYLE('',(#15006));
#15006 = SURFACE_STYLE_FILL_AREA(#15007);
#15007 = FILL_AREA_STYLE('',(#15008));
#15008 = FILL_AREA_STYLE_COLOUR('',#15001);
#15009 = STYLED_ITEM('color',(#15010),#7108);
#15010 = PRESENTATION_STYLE_ASSIGNMENT((#15011));
#15011 = SURFACE_STYLE_USAGE(.BOTH.,#15012);
#15012 = SURFACE_SIDE_STYLE('',(#15013));
#15013 = SURFACE_STYLE_FILL_AREA(#15014);
#15014 = FILL_AREA_STYLE('',(#15015));
#15015 = FILL_AREA_STYLE_COLOUR('',#15001);
#15016 = STYLED_ITEM('color',(#15017),#7132);
#15017 = PRESENTATION_STYLE_ASSIGNMENT((#15018));
#15018 = SURFACE_STYLE_USAGE(.BOTH.,#15019);
#15019 = SURFACE_SIDE_STYLE('',(#15020));
#15020 = SURFACE_STYLE_FILL_AREA(#15021);
#15021 = FILL_AREA_STYLE('',(#15022));
#15022 = FILL_AREA_STYLE_COLOUR('',#15001);
#15023 = STYLED_ITEM('color',(#15024),#7174);
#15024 = PRESENTATION_STYLE_ASSIGNMENT((#15025));
#15025 = SURFACE_STYLE_USAGE(.BOTH.,#15026);
#15026 = SURFACE_SIDE_STYLE('',(#15027));
#15027 = SURFACE_STYLE_FILL_AREA(#15028);
#15028 = FILL_AREA_STYLE('',(#15029));
#15029 = FILL_AREA_STYLE_COLOUR('',#15001);
#15030 = STYLED_ITEM('color',(#15031),#7230);
#15031 = PRESENTATION_STYLE_ASSIGNMENT((#15032));
#15032 = SURFACE_STYLE_USAGE(.BOTH.,#15033);
#15033 = SURFACE_SIDE_STYLE('',(#15034));
#15034 = SURFACE_STYLE_FILL_AREA(#15035);
#15035 = FILL_AREA_STYLE('',(#15036));
#15036 = FILL_AREA_STYLE_COLOUR('',#15001);
#15037 = STYLED_ITEM('color',(#15038),#7254);
#15038 = PRESENTATION_STYLE_ASSIGNMENT((#15039));
#15039 = SURFACE_STYLE_USAGE(.BOTH.,#15040);
#15040 = SURFACE_SIDE_STYLE('',(#15041));
#15041 = SURFACE_STYLE_FILL_AREA(#15042);
#15042 = FILL_AREA_STYLE('',(#15043));
#15043 = FILL_AREA_STYLE_COLOUR('',#15001);
#15044 = STYLED_ITEM('color',(#15045),#7303);
#15045 = PRESENTATION_STYLE_ASSIGNMENT((#15046));
#15046 = SURFACE_STYLE_USAGE(.BOTH.,#15047);
#15047 = SURFACE_SIDE_STYLE('',(#15048));
#15048 = SURFACE_STYLE_FILL_AREA(#15049);
#15049 = FILL_AREA_STYLE('',(#15050));
#15050 = FILL_AREA_STYLE_COLOUR('',#15001);
#15051 = STYLED_ITEM('color',(#15052),#7320);
#15052 = PRESENTATION_STYLE_ASSIGNMENT((#15053));
#15053 = SURFACE_STYLE_USAGE(.BOTH.,#15054);
#15054 = SURFACE_SIDE_STYLE('',(#15055));
#15055 = SURFACE_STYLE_FILL_AREA(#15056);
#15056 = FILL_AREA_STYLE('',(#15057));
#15057 = FILL_AREA_STYLE_COLOUR('',#15001);
#15058 = STYLED_ITEM('color',(#15059),#7351);
#15059 = PRESENTATION_STYLE_ASSIGNMENT((#15060));
#15060 = SURFACE_STYLE_USAGE(.BOTH.,#15061);
#15061 = SURFACE_SIDE_STYLE('',(#15062));
#15062 = SURFACE_STYLE_FILL_AREA(#15063);
#15063 = FILL_AREA_STYLE('',(#15064));
#15064 = FILL_AREA_STYLE_COLOUR('',#15001);
#15065 = STYLED_ITEM('color',(#15066),#7400);
#15066 = PRESENTATION_STYLE_ASSIGNMENT((#15067));
#15067 = SURFACE_STYLE_USAGE(.BOTH.,#15068);
#15068 = SURFACE_SIDE_STYLE('',(#15069));
#15069 = SURFACE_STYLE_FILL_AREA(#15070);
#15070 = FILL_AREA_STYLE('',(#15071));
#15071 = FILL_AREA_STYLE_COLOUR('',#15001);
#15072 = STYLED_ITEM('color',(#15073),#7424);
#15073 = PRESENTATION_STYLE_ASSIGNMENT((#15074));
#15074 = SURFACE_STYLE_USAGE(.BOTH.,#15075);
#15075 = SURFACE_SIDE_STYLE('',(#15076));
#15076 = SURFACE_STYLE_FILL_AREA(#15077);
#15077 = FILL_AREA_STYLE('',(#15078));
#15078 = FILL_AREA_STYLE_COLOUR('',#15001);
#15079 = STYLED_ITEM('color',(#15080),#7466);
#15080 = PRESENTATION_STYLE_ASSIGNMENT((#15081));
#15081 = SURFACE_STYLE_USAGE(.BOTH.,#15082);
#15082 = SURFACE_SIDE_STYLE('',(#15083));
#15083 = SURFACE_STYLE_FILL_AREA(#15084);
#15084 = FILL_AREA_STYLE('',(#15085));
#15085 = FILL_AREA_STYLE_COLOUR('',#15001);
#15086 = STYLED_ITEM('color',(#15087),#7522);
#15087 = PRESENTATION_STYLE_ASSIGNMENT((#15088));
#15088 = SURFACE_STYLE_USAGE(.BOTH.,#15089);
#15089 = SURFACE_SIDE_STYLE('',(#15090));
#15090 = SURFACE_STYLE_FILL_AREA(#15091);
#15091 = FILL_AREA_STYLE('',(#15092));
#15092 = FILL_AREA_STYLE_COLOUR('',#15001);
#15093 = STYLED_ITEM('color',(#15094),#7546);
#15094 = PRESENTATION_STYLE_ASSIGNMENT((#15095));
#15095 = SURFACE_STYLE_USAGE(.BOTH.,#15096);
#15096 = SURFACE_SIDE_STYLE('',(#15097));
#15097 = SURFACE_STYLE_FILL_AREA(#15098);
#15098 = FILL_AREA_STYLE('',(#15099));
#15099 = FILL_AREA_STYLE_COLOUR('',#15001);
#15100 = STYLED_ITEM('color',(#15101),#7595);
#15101 = PRESENTATION_STYLE_ASSIGNMENT((#15102));
#15102 = SURFACE_STYLE_USAGE(.BOTH.,#15103);
#15103 = SURFACE_SIDE_STYLE('',(#15104));
#15104 = SURFACE_STYLE_FILL_AREA(#15105);
#15105 = FILL_AREA_STYLE('',(#15106));
#15106 = FILL_AREA_STYLE_COLOUR('',#15001);
#15107 = STYLED_ITEM('color',(#15108),#7612);
#15108 = PRESENTATION_STYLE_ASSIGNMENT((#15109));
#15109 = SURFACE_STYLE_USAGE(.BOTH.,#15110);
#15110 = SURFACE_SIDE_STYLE('',(#15111));
#15111 = SURFACE_STYLE_FILL_AREA(#15112);
#15112 = FILL_AREA_STYLE('',(#15113));
#15113 = FILL_AREA_STYLE_COLOUR('',#15001);
#15114 = STYLED_ITEM('color',(#15115),#7643);
#15115 = PRESENTATION_STYLE_ASSIGNMENT((#15116));
#15116 = SURFACE_STYLE_USAGE(.BOTH.,#15117);
#15117 = SURFACE_SIDE_STYLE('',(#15118));
#15118 = SURFACE_STYLE_FILL_AREA(#15119);
#15119 = FILL_AREA_STYLE('',(#15120));
#15120 = FILL_AREA_STYLE_COLOUR('',#15001);
#15121 = STYLED_ITEM('color',(#15122),#7692);
#15122 = PRESENTATION_STYLE_ASSIGNMENT((#15123));
#15123 = SURFACE_STYLE_USAGE(.BOTH.,#15124);
#15124 = SURFACE_SIDE_STYLE('',(#15125));
#15125 = SURFACE_STYLE_FILL_AREA(#15126);
#15126 = FILL_AREA_STYLE('',(#15127));
#15127 = FILL_AREA_STYLE_COLOUR('',#15001);
#15128 = STYLED_ITEM('color',(#15129),#7716);
#15129 = PRESENTATION_STYLE_ASSIGNMENT((#15130));
#15130 = SURFACE_STYLE_USAGE(.BOTH.,#15131);
#15131 = SURFACE_SIDE_STYLE('',(#15132));
#15132 = SURFACE_STYLE_FILL_AREA(#15133);
#15133 = FILL_AREA_STYLE('',(#15134));
#15134 = FILL_AREA_STYLE_COLOUR('',#15001);
#15135 = STYLED_ITEM('color',(#15136),#7758);
#15136 = PRESENTATION_STYLE_ASSIGNMENT((#15137));
#15137 = SURFACE_STYLE_USAGE(.BOTH.,#15138);
#15138 = SURFACE_SIDE_STYLE('',(#15139));
#15139 = SURFACE_STYLE_FILL_AREA(#15140);
#15140 = FILL_AREA_STYLE('',(#15141));
#15141 = FILL_AREA_STYLE_COLOUR('',#15001);
#15142 = STYLED_ITEM('color',(#15143),#7814);
#15143 = PRESENTATION_STYLE_ASSIGNMENT((#15144));
#15144 = SURFACE_STYLE_USAGE(.BOTH.,#15145);
#15145 = SURFACE_SIDE_STYLE('',(#15146));
#15146 = SURFACE_STYLE_FILL_AREA(#15147);
#15147 = FILL_AREA_STYLE('',(#15148));
#15148 = FILL_AREA_STYLE_COLOUR('',#15001);
#15149 = STYLED_ITEM('color',(#15150),#7838);
#15150 = PRESENTATION_STYLE_ASSIGNMENT((#15151));
#15151 = SURFACE_STYLE_USAGE(.BOTH.,#15152);
#15152 = SURFACE_SIDE_STYLE('',(#15153));
#15153 = SURFACE_STYLE_FILL_AREA(#15154);
#15154 = FILL_AREA_STYLE('',(#15155));
#15155 = FILL_AREA_STYLE_COLOUR('',#15001);
#15156 = STYLED_ITEM('color',(#15157),#7887);
#15157 = PRESENTATION_STYLE_ASSIGNMENT((#15158));
#15158 = SURFACE_STYLE_USAGE(.BOTH.,#15159);
#15159 = SURFACE_SIDE_STYLE('',(#15160));
#15160 = SURFACE_STYLE_FILL_AREA(#15161);
#15161 = FILL_AREA_STYLE('',(#15162));
#15162 = FILL_AREA_STYLE_COLOUR('',#15001);
#15163 = STYLED_ITEM('color',(#15164),#7904);
#15164 = PRESENTATION_STYLE_ASSIGNMENT((#15165));
#15165 = SURFACE_STYLE_USAGE(.BOTH.,#15166);
#15166 = SURFACE_SIDE_STYLE('',(#15167));
#15167 = SURFACE_STYLE_FILL_AREA(#15168);
#15168 = FILL_AREA_STYLE('',(#15169));
#15169 = FILL_AREA_STYLE_COLOUR('',#15001);
#15170 = STYLED_ITEM('color',(#15171),#7935);
#15171 = PRESENTATION_STYLE_ASSIGNMENT((#15172));
#15172 = SURFACE_STYLE_USAGE(.BOTH.,#15173);
#15173 = SURFACE_SIDE_STYLE('',(#15174));
#15174 = SURFACE_STYLE_FILL_AREA(#15175);
#15175 = FILL_AREA_STYLE('',(#15176));
#15176 = FILL_AREA_STYLE_COLOUR('',#15001);
#15177 = STYLED_ITEM('color',(#15178),#7984);
#15178 = PRESENTATION_STYLE_ASSIGNMENT((#15179));
#15179 = SURFACE_STYLE_USAGE(.BOTH.,#15180);
#15180 = SURFACE_SIDE_STYLE('',(#15181));
#15181 = SURFACE_STYLE_FILL_AREA(#15182);
#15182 = FILL_AREA_STYLE('',(#15183));
#15183 = FILL_AREA_STYLE_COLOUR('',#15001);
#15184 = STYLED_ITEM('color',(#15185),#8008);
#15185 = PRESENTATION_STYLE_ASSIGNMENT((#15186));
#15186 = SURFACE_STYLE_USAGE(.BOTH.,#15187);
#15187 = SURFACE_SIDE_STYLE('',(#15188));
#15188 = SURFACE_STYLE_FILL_AREA(#15189);
#15189 = FILL_AREA_STYLE('',(#15190));
#15190 = FILL_AREA_STYLE_COLOUR('',#15001);
#15191 = STYLED_ITEM('color',(#15192),#8050);
#15192 = PRESENTATION_STYLE_ASSIGNMENT((#15193));
#15193 = SURFACE_STYLE_USAGE(.BOTH.,#15194);
#15194 = SURFACE_SIDE_STYLE('',(#15195));
#15195 = SURFACE_STYLE_FILL_AREA(#15196);
#15196 = FILL_AREA_STYLE('',(#15197));
#15197 = FILL_AREA_STYLE_COLOUR('',#15001);
#15198 = STYLED_ITEM('color',(#15199),#8081);
#15199 = PRESENTATION_STYLE_ASSIGNMENT((#15200));
#15200 = SURFACE_STYLE_USAGE(.BOTH.,#15201);
#15201 = SURFACE_SIDE_STYLE('',(#15202));
#15202 = SURFACE_STYLE_FILL_AREA(#15203);
#15203 = FILL_AREA_STYLE('',(#15204));
#15204 = FILL_AREA_STYLE_COLOUR('',#15001);
#15205 = STYLED_ITEM('color',(#15206),#8105);
#15206 = PRESENTATION_STYLE_ASSIGNMENT((#15207));
#15207 = SURFACE_STYLE_USAGE(.BOTH.,#15208);
#15208 = SURFACE_SIDE_STYLE('',(#15209));
#15209 = SURFACE_STYLE_FILL_AREA(#15210);
#15210 = FILL_AREA_STYLE('',(#15211));
#15211 = FILL_AREA_STYLE_COLOUR('',#15001);
#15212 = STYLED_ITEM('color',(#15213),#8129);
#15213 = PRESENTATION_STYLE_ASSIGNMENT((#15214));
#15214 = SURFACE_STYLE_USAGE(.BOTH.,#15215);
#15215 = SURFACE_SIDE_STYLE('',(#15216));
#15216 = SURFACE_STYLE_FILL_AREA(#15217);
#15217 = FILL_AREA_STYLE('',(#15218));
#15218 = FILL_AREA_STYLE_COLOUR('',#15001);
#15219 = STYLED_ITEM('color',(#15220),#8146);
#15220 = PRESENTATION_STYLE_ASSIGNMENT((#15221));
#15221 = SURFACE_STYLE_USAGE(.BOTH.,#15222);
#15222 = SURFACE_SIDE_STYLE('',(#15223));
#15223 = SURFACE_STYLE_FILL_AREA(#15224);
#15224 = FILL_AREA_STYLE('',(#15225));
#15225 = FILL_AREA_STYLE_COLOUR('',#15001);
#15226 = STYLED_ITEM('color',(#15227),#8177);
#15227 = PRESENTATION_STYLE_ASSIGNMENT((#15228));
#15228 = SURFACE_STYLE_USAGE(.BOTH.,#15229);
#15229 = SURFACE_SIDE_STYLE('',(#15230));
#15230 = SURFACE_STYLE_FILL_AREA(#15231);
#15231 = FILL_AREA_STYLE('',(#15232));
#15232 = FILL_AREA_STYLE_COLOUR('',#15001);
#15233 = STYLED_ITEM('color',(#15234),#8201);
#15234 = PRESENTATION_STYLE_ASSIGNMENT((#15235));
#15235 = SURFACE_STYLE_USAGE(.BOTH.,#15236);
#15236 = SURFACE_SIDE_STYLE('',(#15237));
#15237 = SURFACE_STYLE_FILL_AREA(#15238);
#15238 = FILL_AREA_STYLE('',(#15239));
#15239 = FILL_AREA_STYLE_COLOUR('',#15001);
#15240 = STYLED_ITEM('color',(#15241),#8225);
#15241 = PRESENTATION_STYLE_ASSIGNMENT((#15242));
#15242 = SURFACE_STYLE_USAGE(.BOTH.,#15243);
#15243 = SURFACE_SIDE_STYLE('',(#15244));
#15244 = SURFACE_STYLE_FILL_AREA(#15245);
#15245 = FILL_AREA_STYLE('',(#15246));
#15246 = FILL_AREA_STYLE_COLOUR('',#15001);
#15247 = STYLED_ITEM('color',(#15248),#8242);
#15248 = PRESENTATION_STYLE_ASSIGNMENT((#15249));
#15249 = SURFACE_STYLE_USAGE(.BOTH.,#15250);
#15250 = SURFACE_SIDE_STYLE('',(#15251));
#15251 = SURFACE_STYLE_FILL_AREA(#15252);
#15252 = FILL_AREA_STYLE('',(#15253));
#15253 = FILL_AREA_STYLE_COLOUR('',#15001);
#15254 = STYLED_ITEM('color',(#15255),#8273);
#15255 = PRESENTATION_STYLE_ASSIGNMENT((#15256));
#15256 = SURFACE_STYLE_USAGE(.BOTH.,#15257);
#15257 = SURFACE_SIDE_STYLE('',(#15258));
#15258 = SURFACE_STYLE_FILL_AREA(#15259);
#15259 = FILL_AREA_STYLE('',(#15260));
#15260 = FILL_AREA_STYLE_COLOUR('',#15001);
#15261 = STYLED_ITEM('color',(#15262),#8297);
#15262 = PRESENTATION_STYLE_ASSIGNMENT((#15263));
#15263 = SURFACE_STYLE_USAGE(.BOTH.,#15264);
#15264 = SURFACE_SIDE_STYLE('',(#15265));
#15265 = SURFACE_STYLE_FILL_AREA(#15266);
#15266 = FILL_AREA_STYLE('',(#15267));
#15267 = FILL_AREA_STYLE_COLOUR('',#15001);
#15268 = STYLED_ITEM('color',(#15269),#8321);
#15269 = PRESENTATION_STYLE_ASSIGNMENT((#15270));
#15270 = SURFACE_STYLE_USAGE(.BOTH.,#15271);
#15271 = SURFACE_SIDE_STYLE('',(#15272));
#15272 = SURFACE_STYLE_FILL_AREA(#15273);
#15273 = FILL_AREA_STYLE('',(#15274));
#15274 = FILL_AREA_STYLE_COLOUR('',#15001);
#15275 = STYLED_ITEM('color',(#15276),#8338);
#15276 = PRESENTATION_STYLE_ASSIGNMENT((#15277));
#15277 = SURFACE_STYLE_USAGE(.BOTH.,#15278);
#15278 = SURFACE_SIDE_STYLE('',(#15279));
#15279 = SURFACE_STYLE_FILL_AREA(#15280);
#15280 = FILL_AREA_STYLE('',(#15281));
#15281 = FILL_AREA_STYLE_COLOUR('',#15001);
#15282 = STYLED_ITEM('color',(#15283),#8369);
#15283 = PRESENTATION_STYLE_ASSIGNMENT((#15284));
#15284 = SURFACE_STYLE_USAGE(.BOTH.,#15285);
#15285 = SURFACE_SIDE_STYLE('',(#15286));
#15286 = SURFACE_STYLE_FILL_AREA(#15287);
#15287 = FILL_AREA_STYLE('',(#15288));
#15288 = FILL_AREA_STYLE_COLOUR('',#15001);
#15289 = STYLED_ITEM('color',(#15290),#8393);
#15290 = PRESENTATION_STYLE_ASSIGNMENT((#15291));
#15291 = SURFACE_STYLE_USAGE(.BOTH.,#15292);
#15292 = SURFACE_SIDE_STYLE('',(#15293));
#15293 = SURFACE_STYLE_FILL_AREA(#15294);
#15294 = FILL_AREA_STYLE('',(#15295));
#15295 = FILL_AREA_STYLE_COLOUR('',#15001);
#15296 = STYLED_ITEM('color',(#15297),#8417);
#15297 = PRESENTATION_STYLE_ASSIGNMENT((#15298));
#15298 = SURFACE_STYLE_USAGE(.BOTH.,#15299);
#15299 = SURFACE_SIDE_STYLE('',(#15300));
#15300 = SURFACE_STYLE_FILL_AREA(#15301);
#15301 = FILL_AREA_STYLE('',(#15302));
#15302 = FILL_AREA_STYLE_COLOUR('',#15001);
#15303 = STYLED_ITEM('color',(#15304),#8434);
#15304 = PRESENTATION_STYLE_ASSIGNMENT((#15305));
#15305 = SURFACE_STYLE_USAGE(.BOTH.,#15306);
#15306 = SURFACE_SIDE_STYLE('',(#15307));
#15307 = SURFACE_STYLE_FILL_AREA(#15308);
#15308 = FILL_AREA_STYLE('',(#15309));
#15309 = FILL_AREA_STYLE_COLOUR('',#15001);
#15310 = STYLED_ITEM('color',(#15311),#8465);
#15311 = PRESENTATION_STYLE_ASSIGNMENT((#15312));
#15312 = SURFACE_STYLE_USAGE(.BOTH.,#15313);
#15313 = SURFACE_SIDE_STYLE('',(#15314));
#15314 = SURFACE_STYLE_FILL_AREA(#15315);
#15315 = FILL_AREA_STYLE('',(#15316));
#15316 = FILL_AREA_STYLE_COLOUR('',#15001);
#15317 = STYLED_ITEM('color',(#15318),#8489);
#15318 = PRESENTATION_STYLE_ASSIGNMENT((#15319));
#15319 = SURFACE_STYLE_USAGE(.BOTH.,#15320);
#15320 = SURFACE_SIDE_STYLE('',(#15321));
#15321 = SURFACE_STYLE_FILL_AREA(#15322);
#15322 = FILL_AREA_STYLE('',(#15323));
#15323 = FILL_AREA_STYLE_COLOUR('',#15001);
#15324 = STYLED_ITEM('color',(#15325),#8513);
#15325 = PRESENTATION_STYLE_ASSIGNMENT((#15326));
#15326 = SURFACE_STYLE_USAGE(.BOTH.,#15327);
#15327 = SURFACE_SIDE_STYLE('',(#15328));
#15328 = SURFACE_STYLE_FILL_AREA(#15329);
#15329 = FILL_AREA_STYLE('',(#15330));
#15330 = FILL_AREA_STYLE_COLOUR('',#15001);
#15331 = STYLED_ITEM('color',(#15332),#8530);
#15332 = PRESENTATION_STYLE_ASSIGNMENT((#15333));
#15333 = SURFACE_STYLE_USAGE(.BOTH.,#15334);
#15334 = SURFACE_SIDE_STYLE('',(#15335));
#15335 = SURFACE_STYLE_FILL_AREA(#15336);
#15336 = FILL_AREA_STYLE('',(#15337));
#15337 = FILL_AREA_STYLE_COLOUR('',#15001);
#15338 = STYLED_ITEM('color',(#15339),#8561);
#15339 = PRESENTATION_STYLE_ASSIGNMENT((#15340));
#15340 = SURFACE_STYLE_USAGE(.BOTH.,#15341);
#15341 = SURFACE_SIDE_STYLE('',(#15342));
#15342 = SURFACE_STYLE_FILL_AREA(#15343);
#15343 = FILL_AREA_STYLE('',(#15344));
#15344 = FILL_AREA_STYLE_COLOUR('',#15001);
#15345 = STYLED_ITEM('color',(#15346),#8585);
#15346 = PRESENTATION_STYLE_ASSIGNMENT((#15347));
#15347 = SURFACE_STYLE_USAGE(.BOTH.,#15348);
#15348 = SURFACE_SIDE_STYLE('',(#15349));
#15349 = SURFACE_STYLE_FILL_AREA(#15350);
#15350 = FILL_AREA_STYLE('',(#15351));
#15351 = FILL_AREA_STYLE_COLOUR('',#15001);
#15352 = STYLED_ITEM('color',(#15353),#8609);
#15353 = PRESENTATION_STYLE_ASSIGNMENT((#15354));
#15354 = SURFACE_STYLE_USAGE(.BOTH.,#15355);
#15355 = SURFACE_SIDE_STYLE('',(#15356));
#15356 = SURFACE_STYLE_FILL_AREA(#15357);
#15357 = FILL_AREA_STYLE('',(#15358));
#15358 = FILL_AREA_STYLE_COLOUR('',#15001);
#15359 = STYLED_ITEM('color',(#15360),#8626);
#15360 = PRESENTATION_STYLE_ASSIGNMENT((#15361));
#15361 = SURFACE_STYLE_USAGE(.BOTH.,#15362);
#15362 = SURFACE_SIDE_STYLE('',(#15363));
#15363 = SURFACE_STYLE_FILL_AREA(#15364);
#15364 = FILL_AREA_STYLE('',(#15365));
#15365 = FILL_AREA_STYLE_COLOUR('',#15001);
#15366 = STYLED_ITEM('color',(#15367),#8657);
#15367 = PRESENTATION_STYLE_ASSIGNMENT((#15368));
#15368 = SURFACE_STYLE_USAGE(.BOTH.,#15369);
#15369 = SURFACE_SIDE_STYLE('',(#15370));
#15370 = SURFACE_STYLE_FILL_AREA(#15371);
#15371 = FILL_AREA_STYLE('',(#15372));
#15372 = FILL_AREA_STYLE_COLOUR('',#15001);
#15373 = STYLED_ITEM('color',(#15374),#8681);
#15374 = PRESENTATION_STYLE_ASSIGNMENT((#15375));
#15375 = SURFACE_STYLE_USAGE(.BOTH.,#15376);
#15376 = SURFACE_SIDE_STYLE('',(#15377));
#15377 = SURFACE_STYLE_FILL_AREA(#15378);
#15378 = FILL_AREA_STYLE('',(#15379));
#15379 = FILL_AREA_STYLE_COLOUR('',#15001);
#15380 = STYLED_ITEM('color',(#15381),#8705);
#15381 = PRESENTATION_STYLE_ASSIGNMENT((#15382));
#15382 = SURFACE_STYLE_USAGE(.BOTH.,#15383);
#15383 = SURFACE_SIDE_STYLE('',(#15384));
#15384 = SURFACE_STYLE_FILL_AREA(#15385);
#15385 = FILL_AREA_STYLE('',(#15386));
#15386 = FILL_AREA_STYLE_COLOUR('',#15001);
#15387 = STYLED_ITEM('color',(#15388),#8722);
#15388 = PRESENTATION_STYLE_ASSIGNMENT((#15389));
#15389 = SURFACE_STYLE_USAGE(.BOTH.,#15390);
#15390 = SURFACE_SIDE_STYLE('',(#15391));
#15391 = SURFACE_STYLE_FILL_AREA(#15392);
#15392 = FILL_AREA_STYLE('',(#15393));
#15393 = FILL_AREA_STYLE_COLOUR('',#15001);
#15394 = STYLED_ITEM('color',(#15395),#8739);
#15395 = PRESENTATION_STYLE_ASSIGNMENT((#15396));
#15396 = SURFACE_STYLE_USAGE(.BOTH.,#15397);
#15397 = SURFACE_SIDE_STYLE('',(#15398));
#15398 = SURFACE_STYLE_FILL_AREA(#15399);
#15399 = FILL_AREA_STYLE('',(#15400));
#15400 = FILL_AREA_STYLE_COLOUR('',#15001);
#15401 = STYLED_ITEM('color',(#15402),#8756);
#15402 = PRESENTATION_STYLE_ASSIGNMENT((#15403));
#15403 = SURFACE_STYLE_USAGE(.BOTH.,#15404);
#15404 = SURFACE_SIDE_STYLE('',(#15405));
#15405 = SURFACE_STYLE_FILL_AREA(#15406);
#15406 = FILL_AREA_STYLE('',(#15407));
#15407 = FILL_AREA_STYLE_COLOUR('',#15001);
#15408 = STYLED_ITEM('color',(#15409),#8773);
#15409 = PRESENTATION_STYLE_ASSIGNMENT((#15410));
#15410 = SURFACE_STYLE_USAGE(.BOTH.,#15411);
#15411 = SURFACE_SIDE_STYLE('',(#15412));
#15412 = SURFACE_STYLE_FILL_AREA(#15413);
#15413 = FILL_AREA_STYLE('',(#15414));
#15414 = FILL_AREA_STYLE_COLOUR('',#15001);
#15415 = STYLED_ITEM('color',(#15416),#8804);
#15416 = PRESENTATION_STYLE_ASSIGNMENT((#15417));
#15417 = SURFACE_STYLE_USAGE(.BOTH.,#15418);
#15418 = SURFACE_SIDE_STYLE('',(#15419));
#15419 = SURFACE_STYLE_FILL_AREA(#15420);
#15420 = FILL_AREA_STYLE('',(#15421));
#15421 = FILL_AREA_STYLE_COLOUR('',#15001);
#15422 = STYLED_ITEM('color',(#15423),#8835);
#15423 = PRESENTATION_STYLE_ASSIGNMENT((#15424));
#15424 = SURFACE_STYLE_USAGE(.BOTH.,#15425);
#15425 = SURFACE_SIDE_STYLE('',(#15426));
#15426 = SURFACE_STYLE_FILL_AREA(#15427);
#15427 = FILL_AREA_STYLE('',(#15428));
#15428 = FILL_AREA_STYLE_COLOUR('',#15001);
#15429 = STYLED_ITEM('color',(#15430),#8852);
#15430 = PRESENTATION_STYLE_ASSIGNMENT((#15431));
#15431 = SURFACE_STYLE_USAGE(.BOTH.,#15432);
#15432 = SURFACE_SIDE_STYLE('',(#15433));
#15433 = SURFACE_STYLE_FILL_AREA(#15434);
#15434 = FILL_AREA_STYLE('',(#15435));
#15435 = FILL_AREA_STYLE_COLOUR('',#15001);
#15436 = STYLED_ITEM('color',(#15437),#8869);
#15437 = PRESENTATION_STYLE_ASSIGNMENT((#15438));
#15438 = SURFACE_STYLE_USAGE(.BOTH.,#15439);
#15439 = SURFACE_SIDE_STYLE('',(#15440));
#15440 = SURFACE_STYLE_FILL_AREA(#15441);
#15441 = FILL_AREA_STYLE('',(#15442));
#15442 = FILL_AREA_STYLE_COLOUR('',#15001);
#15443 = STYLED_ITEM('color',(#15444),#8900);
#15444 = PRESENTATION_STYLE_ASSIGNMENT((#15445));
#15445 = SURFACE_STYLE_USAGE(.BOTH.,#15446);
#15446 = SURFACE_SIDE_STYLE('',(#15447));
#15447 = SURFACE_STYLE_FILL_AREA(#15448);
#15448 = FILL_AREA_STYLE('',(#15449));
#15449 = FILL_AREA_STYLE_COLOUR('',#15001);
#15450 = STYLED_ITEM('color',(#15451),#8917);
#15451 = PRESENTATION_STYLE_ASSIGNMENT((#15452));
#15452 = SURFACE_STYLE_USAGE(.BOTH.,#15453);
#15453 = SURFACE_SIDE_STYLE('',(#15454));
#15454 = SURFACE_STYLE_FILL_AREA(#15455);
#15455 = FILL_AREA_STYLE('',(#15456));
#15456 = FILL_AREA_STYLE_COLOUR('',#15001);
#15457 = STYLED_ITEM('color',(#15458),#8948);
#15458 = PRESENTATION_STYLE_ASSIGNMENT((#15459));
#15459 = SURFACE_STYLE_USAGE(.BOTH.,#15460);
#15460 = SURFACE_SIDE_STYLE('',(#15461));
#15461 = SURFACE_STYLE_FILL_AREA(#15462);
#15462 = FILL_AREA_STYLE('',(#15463));
#15463 = FILL_AREA_STYLE_COLOUR('',#15001);
#15464 = STYLED_ITEM('color',(#15465),#8965);
#15465 = PRESENTATION_STYLE_ASSIGNMENT((#15466));
#15466 = SURFACE_STYLE_USAGE(.BOTH.,#15467);
#15467 = SURFACE_SIDE_STYLE('',(#15468));
#15468 = SURFACE_STYLE_FILL_AREA(#15469);
#15469 = FILL_AREA_STYLE('',(#15470));
#15470 = FILL_AREA_STYLE_COLOUR('',#15001);
#15471 = STYLED_ITEM('color',(#15472),#8982);
#15472 = PRESENTATION_STYLE_ASSIGNMENT((#15473));
#15473 = SURFACE_STYLE_USAGE(.BOTH.,#15474);
#15474 = SURFACE_SIDE_STYLE('',(#15475));
#15475 = SURFACE_STYLE_FILL_AREA(#15476);
#15476 = FILL_AREA_STYLE('',(#15477));
#15477 = FILL_AREA_STYLE_COLOUR('',#15001);
#15478 = STYLED_ITEM('color',(#15479),#9013);
#15479 = PRESENTATION_STYLE_ASSIGNMENT((#15480));
#15480 = SURFACE_STYLE_USAGE(.BOTH.,#15481);
#15481 = SURFACE_SIDE_STYLE('',(#15482));
#15482 = SURFACE_STYLE_FILL_AREA(#15483);
#15483 = FILL_AREA_STYLE('',(#15484));
#15484 = FILL_AREA_STYLE_COLOUR('',#15001);
#15485 = STYLED_ITEM('color',(#15486),#9030);
#15486 = PRESENTATION_STYLE_ASSIGNMENT((#15487));
#15487 = SURFACE_STYLE_USAGE(.BOTH.,#15488);
#15488 = SURFACE_SIDE_STYLE('',(#15489));
#15489 = SURFACE_STYLE_FILL_AREA(#15490);
#15490 = FILL_AREA_STYLE('',(#15491));
#15491 = FILL_AREA_STYLE_COLOUR('',#15001);
#15492 = STYLED_ITEM('color',(#15493),#9061);
#15493 = PRESENTATION_STYLE_ASSIGNMENT((#15494));
#15494 = SURFACE_STYLE_USAGE(.BOTH.,#15495);
#15495 = SURFACE_SIDE_STYLE('',(#15496));
#15496 = SURFACE_STYLE_FILL_AREA(#15497);
#15497 = FILL_AREA_STYLE('',(#15498));
#15498 = FILL_AREA_STYLE_COLOUR('',#15001);
#15499 = STYLED_ITEM('color',(#15500),#9078);
#15500 = PRESENTATION_STYLE_ASSIGNMENT((#15501));
#15501 = SURFACE_STYLE_USAGE(.BOTH.,#15502);
#15502 = SURFACE_SIDE_STYLE('',(#15503));
#15503 = SURFACE_STYLE_FILL_AREA(#15504);
#15504 = FILL_AREA_STYLE('',(#15505));
#15505 = FILL_AREA_STYLE_COLOUR('',#15001);
#15506 = STYLED_ITEM('color',(#15507),#9095);
#15507 = PRESENTATION_STYLE_ASSIGNMENT((#15508));
#15508 = SURFACE_STYLE_USAGE(.BOTH.,#15509);
#15509 = SURFACE_SIDE_STYLE('',(#15510));
#15510 = SURFACE_STYLE_FILL_AREA(#15511);
#15511 = FILL_AREA_STYLE('',(#15512));
#15512 = FILL_AREA_STYLE_COLOUR('',#15001);
#15513 = STYLED_ITEM('color',(#15514),#9126);
#15514 = PRESENTATION_STYLE_ASSIGNMENT((#15515));
#15515 = SURFACE_STYLE_USAGE(.BOTH.,#15516);
#15516 = SURFACE_SIDE_STYLE('',(#15517));
#15517 = SURFACE_STYLE_FILL_AREA(#15518);
#15518 = FILL_AREA_STYLE('',(#15519));
#15519 = FILL_AREA_STYLE_COLOUR('',#15001);
#15520 = STYLED_ITEM('color',(#15521),#9143);
#15521 = PRESENTATION_STYLE_ASSIGNMENT((#15522));
#15522 = SURFACE_STYLE_USAGE(.BOTH.,#15523);
#15523 = SURFACE_SIDE_STYLE('',(#15524));
#15524 = SURFACE_STYLE_FILL_AREA(#15525);
#15525 = FILL_AREA_STYLE('',(#15526));
#15526 = FILL_AREA_STYLE_COLOUR('',#15001);
#15527 = STYLED_ITEM('color',(#15528),#9174);
#15528 = PRESENTATION_STYLE_ASSIGNMENT((#15529));
#15529 = SURFACE_STYLE_USAGE(.BOTH.,#15530);
#15530 = SURFACE_SIDE_STYLE('',(#15531));
#15531 = SURFACE_STYLE_FILL_AREA(#15532);
#15532 = FILL_AREA_STYLE('',(#15533));
#15533 = FILL_AREA_STYLE_COLOUR('',#15001);
#15534 = STYLED_ITEM('color',(#15535),#9191);
#15535 = PRESENTATION_STYLE_ASSIGNMENT((#15536));
#15536 = SURFACE_STYLE_USAGE(.BOTH.,#15537);
#15537 = SURFACE_SIDE_STYLE('',(#15538));
#15538 = SURFACE_STYLE_FILL_AREA(#15539);
#15539 = FILL_AREA_STYLE('',(#15540));
#15540 = FILL_AREA_STYLE_COLOUR('',#15001);
#15541 = STYLED_ITEM('color',(#15542),#9208);
#15542 = PRESENTATION_STYLE_ASSIGNMENT((#15543));
#15543 = SURFACE_STYLE_USAGE(.BOTH.,#15544);
#15544 = SURFACE_SIDE_STYLE('',(#15545));
#15545 = SURFACE_STYLE_FILL_AREA(#15546);
#15546 = FILL_AREA_STYLE('',(#15547));
#15547 = FILL_AREA_STYLE_COLOUR('',#15001);
#15548 = STYLED_ITEM('color',(#15549),#9239);
#15549 = PRESENTATION_STYLE_ASSIGNMENT((#15550));
#15550 = SURFACE_STYLE_USAGE(.BOTH.,#15551);
#15551 = SURFACE_SIDE_STYLE('',(#15552));
#15552 = SURFACE_STYLE_FILL_AREA(#15553);
#15553 = FILL_AREA_STYLE('',(#15554));
#15554 = FILL_AREA_STYLE_COLOUR('',#15001);
#15555 = STYLED_ITEM('color',(#15556),#9256);
#15556 = PRESENTATION_STYLE_ASSIGNMENT((#15557));
#15557 = SURFACE_STYLE_USAGE(.BOTH.,#15558);
#15558 = SURFACE_SIDE_STYLE('',(#15559));
#15559 = SURFACE_STYLE_FILL_AREA(#15560);
#15560 = FILL_AREA_STYLE('',(#15561));
#15561 = FILL_AREA_STYLE_COLOUR('',#15001);
#15562 = STYLED_ITEM('color',(#15563),#9287);
#15563 = PRESENTATION_STYLE_ASSIGNMENT((#15564));
#15564 = SURFACE_STYLE_USAGE(.BOTH.,#15565);
#15565 = SURFACE_SIDE_STYLE('',(#15566));
#15566 = SURFACE_STYLE_FILL_AREA(#15567);
#15567 = FILL_AREA_STYLE('',(#15568));
#15568 = FILL_AREA_STYLE_COLOUR('',#15001);
#15569 = STYLED_ITEM('color',(#15570),#9304);
#15570 = PRESENTATION_STYLE_ASSIGNMENT((#15571));
#15571 = SURFACE_STYLE_USAGE(.BOTH.,#15572);
#15572 = SURFACE_SIDE_STYLE('',(#15573));
#15573 = SURFACE_STYLE_FILL_AREA(#15574);
#15574 = FILL_AREA_STYLE('',(#15575));
#15575 = FILL_AREA_STYLE_COLOUR('',#15001);
#15576 = STYLED_ITEM('color',(#15577),#9321);
#15577 = PRESENTATION_STYLE_ASSIGNMENT((#15578));
#15578 = SURFACE_STYLE_USAGE(.BOTH.,#15579);
#15579 = SURFACE_SIDE_STYLE('',(#15580));
#15580 = SURFACE_STYLE_FILL_AREA(#15581);
#15581 = FILL_AREA_STYLE('',(#15582));
#15582 = FILL_AREA_STYLE_COLOUR('',#15001);
#15583 = STYLED_ITEM('color',(#15584),#9352);
#15584 = PRESENTATION_STYLE_ASSIGNMENT((#15585));
#15585 = SURFACE_STYLE_USAGE(.BOTH.,#15586);
#15586 = SURFACE_SIDE_STYLE('',(#15587));
#15587 = SURFACE_STYLE_FILL_AREA(#15588);
#15588 = FILL_AREA_STYLE('',(#15589));
#15589 = FILL_AREA_STYLE_COLOUR('',#15001);
#15590 = STYLED_ITEM('color',(#15591),#9369);
#15591 = PRESENTATION_STYLE_ASSIGNMENT((#15592));
#15592 = SURFACE_STYLE_USAGE(.BOTH.,#15593);
#15593 = SURFACE_SIDE_STYLE('',(#15594));
#15594 = SURFACE_STYLE_FILL_AREA(#15595);
#15595 = FILL_AREA_STYLE('',(#15596));
#15596 = FILL_AREA_STYLE_COLOUR('',#15001);
#15597 = STYLED_ITEM('color',(#15598),#9400);
#15598 = PRESENTATION_STYLE_ASSIGNMENT((#15599));
#15599 = SURFACE_STYLE_USAGE(.BOTH.,#15600);
#15600 = SURFACE_SIDE_STYLE('',(#15601));
#15601 = SURFACE_STYLE_FILL_AREA(#15602);
#15602 = FILL_AREA_STYLE('',(#15603));
#15603 = FILL_AREA_STYLE_COLOUR('',#15001);
#15604 = STYLED_ITEM('color',(#15605),#9417);
#15605 = PRESENTATION_STYLE_ASSIGNMENT((#15606));
#15606 = SURFACE_STYLE_USAGE(.BOTH.,#15607);
#15607 = SURFACE_SIDE_STYLE('',(#15608));
#15608 = SURFACE_STYLE_FILL_AREA(#15609);
#15609 = FILL_AREA_STYLE('',(#15610));
#15610 = FILL_AREA_STYLE_COLOUR('',#15001);
#15611 = STYLED_ITEM('color',(#15612),#9434);
#15612 = PRESENTATION_STYLE_ASSIGNMENT((#15613));
#15613 = SURFACE_STYLE_USAGE(.BOTH.,#15614);
#15614 = SURFACE_SIDE_STYLE('',(#15615));
#15615 = SURFACE_STYLE_FILL_AREA(#15616);
#15616 = FILL_AREA_STYLE('',(#15617));
#15617 = FILL_AREA_STYLE_COLOUR('',#15001);
#15618 = STYLED_ITEM('color',(#15619),#9465);
#15619 = PRESENTATION_STYLE_ASSIGNMENT((#15620));
#15620 = SURFACE_STYLE_USAGE(.BOTH.,#15621);
#15621 = SURFACE_SIDE_STYLE('',(#15622));
#15622 = SURFACE_STYLE_FILL_AREA(#15623);
#15623 = FILL_AREA_STYLE('',(#15624));
#15624 = FILL_AREA_STYLE_COLOUR('',#15001);
#15625 = STYLED_ITEM('color',(#15626),#9482);
#15626 = PRESENTATION_STYLE_ASSIGNMENT((#15627));
#15627 = SURFACE_STYLE_USAGE(.BOTH.,#15628);
#15628 = SURFACE_SIDE_STYLE('',(#15629));
#15629 = SURFACE_STYLE_FILL_AREA(#15630);
#15630 = FILL_AREA_STYLE('',(#15631));
#15631 = FILL_AREA_STYLE_COLOUR('',#15001);
#15632 = STYLED_ITEM('color',(#15633),#9513);
#15633 = PRESENTATION_STYLE_ASSIGNMENT((#15634));
#15634 = SURFACE_STYLE_USAGE(.BOTH.,#15635);
#15635 = SURFACE_SIDE_STYLE('',(#15636));
#15636 = SURFACE_STYLE_FILL_AREA(#15637);
#15637 = FILL_AREA_STYLE('',(#15638));
#15638 = FILL_AREA_STYLE_COLOUR('',#15001);
#15639 = STYLED_ITEM('color',(#15640),#9544);
#15640 = PRESENTATION_STYLE_ASSIGNMENT((#15641));
#15641 = SURFACE_STYLE_USAGE(.BOTH.,#15642);
#15642 = SURFACE_SIDE_STYLE('',(#15643));
#15643 = SURFACE_STYLE_FILL_AREA(#15644);
#15644 = FILL_AREA_STYLE('',(#15645));
#15645 = FILL_AREA_STYLE_COLOUR('',#15001);
#15646 = STYLED_ITEM('color',(#15647),#9568);
#15647 = PRESENTATION_STYLE_ASSIGNMENT((#15648));
#15648 = SURFACE_STYLE_USAGE(.BOTH.,#15649);
#15649 = SURFACE_SIDE_STYLE('',(#15650));
#15650 = SURFACE_STYLE_FILL_AREA(#15651);
#15651 = FILL_AREA_STYLE('',(#15652));
#15652 = FILL_AREA_STYLE_COLOUR('',#15001);
#15653 = STYLED_ITEM('color',(#15654),#9592);
#15654 = PRESENTATION_STYLE_ASSIGNMENT((#15655));
#15655 = SURFACE_STYLE_USAGE(.BOTH.,#15656);
#15656 = SURFACE_SIDE_STYLE('',(#15657));
#15657 = SURFACE_STYLE_FILL_AREA(#15658);
#15658 = FILL_AREA_STYLE('',(#15659));
#15659 = FILL_AREA_STYLE_COLOUR('',#15001);
#15660 = STYLED_ITEM('color',(#15661),#9609);
#15661 = PRESENTATION_STYLE_ASSIGNMENT((#15662));
#15662 = SURFACE_STYLE_USAGE(.BOTH.,#15663);
#15663 = SURFACE_SIDE_STYLE('',(#15664));
#15664 = SURFACE_STYLE_FILL_AREA(#15665);
#15665 = FILL_AREA_STYLE('',(#15666));
#15666 = FILL_AREA_STYLE_COLOUR('',#15001);
#15667 = STYLED_ITEM('color',(#15668),#9640);
#15668 = PRESENTATION_STYLE_ASSIGNMENT((#15669));
#15669 = SURFACE_STYLE_USAGE(.BOTH.,#15670);
#15670 = SURFACE_SIDE_STYLE('',(#15671));
#15671 = SURFACE_STYLE_FILL_AREA(#15672);
#15672 = FILL_AREA_STYLE('',(#15673));
#15673 = FILL_AREA_STYLE_COLOUR('',#15001);
#15674 = STYLED_ITEM('color',(#15675),#9664);
#15675 = PRESENTATION_STYLE_ASSIGNMENT((#15676));
#15676 = SURFACE_STYLE_USAGE(.BOTH.,#15677);
#15677 = SURFACE_SIDE_STYLE('',(#15678));
#15678 = SURFACE_STYLE_FILL_AREA(#15679);
#15679 = FILL_AREA_STYLE('',(#15680));
#15680 = FILL_AREA_STYLE_COLOUR('',#15001);
#15681 = STYLED_ITEM('color',(#15682),#9688);
#15682 = PRESENTATION_STYLE_ASSIGNMENT((#15683));
#15683 = SURFACE_STYLE_USAGE(.BOTH.,#15684);
#15684 = SURFACE_SIDE_STYLE('',(#15685));
#15685 = SURFACE_STYLE_FILL_AREA(#15686);
#15686 = FILL_AREA_STYLE('',(#15687));
#15687 = FILL_AREA_STYLE_COLOUR('',#15001);
#15688 = STYLED_ITEM('color',(#15689),#9705);
#15689 = PRESENTATION_STYLE_ASSIGNMENT((#15690));
#15690 = SURFACE_STYLE_USAGE(.BOTH.,#15691);
#15691 = SURFACE_SIDE_STYLE('',(#15692));
#15692 = SURFACE_STYLE_FILL_AREA(#15693);
#15693 = FILL_AREA_STYLE('',(#15694));
#15694 = FILL_AREA_STYLE_COLOUR('',#15001);
#15695 = STYLED_ITEM('color',(#15696),#9736);
#15696 = PRESENTATION_STYLE_ASSIGNMENT((#15697));
#15697 = SURFACE_STYLE_USAGE(.BOTH.,#15698);
#15698 = SURFACE_SIDE_STYLE('',(#15699));
#15699 = SURFACE_STYLE_FILL_AREA(#15700);
#15700 = FILL_AREA_STYLE('',(#15701));
#15701 = FILL_AREA_STYLE_COLOUR('',#15001);
#15702 = STYLED_ITEM('color',(#15703),#9760);
#15703 = PRESENTATION_STYLE_ASSIGNMENT((#15704));
#15704 = SURFACE_STYLE_USAGE(.BOTH.,#15705);
#15705 = SURFACE_SIDE_STYLE('',(#15706));
#15706 = SURFACE_STYLE_FILL_AREA(#15707);
#15707 = FILL_AREA_STYLE('',(#15708));
#15708 = FILL_AREA_STYLE_COLOUR('',#15001);
#15709 = STYLED_ITEM('color',(#15710),#9784);
#15710 = PRESENTATION_STYLE_ASSIGNMENT((#15711));
#15711 = SURFACE_STYLE_USAGE(.BOTH.,#15712);
#15712 = SURFACE_SIDE_STYLE('',(#15713));
#15713 = SURFACE_STYLE_FILL_AREA(#15714);
#15714 = FILL_AREA_STYLE('',(#15715));
#15715 = FILL_AREA_STYLE_COLOUR('',#15001);
#15716 = STYLED_ITEM('color',(#15717),#9801);
#15717 = PRESENTATION_STYLE_ASSIGNMENT((#15718));
#15718 = SURFACE_STYLE_USAGE(.BOTH.,#15719);
#15719 = SURFACE_SIDE_STYLE('',(#15720));
#15720 = SURFACE_STYLE_FILL_AREA(#15721);
#15721 = FILL_AREA_STYLE('',(#15722));
#15722 = FILL_AREA_STYLE_COLOUR('',#15001);
#15723 = STYLED_ITEM('color',(#15724),#9832);
#15724 = PRESENTATION_STYLE_ASSIGNMENT((#15725));
#15725 = SURFACE_STYLE_USAGE(.BOTH.,#15726);
#15726 = SURFACE_SIDE_STYLE('',(#15727));
#15727 = SURFACE_STYLE_FILL_AREA(#15728);
#15728 = FILL_AREA_STYLE('',(#15729));
#15729 = FILL_AREA_STYLE_COLOUR('',#15001);
#15730 = STYLED_ITEM('color',(#15731),#9856);
#15731 = PRESENTATION_STYLE_ASSIGNMENT((#15732));
#15732 = SURFACE_STYLE_USAGE(.BOTH.,#15733);
#15733 = SURFACE_SIDE_STYLE('',(#15734));
#15734 = SURFACE_STYLE_FILL_AREA(#15735);
#15735 = FILL_AREA_STYLE('',(#15736));
#15736 = FILL_AREA_STYLE_COLOUR('',#15001);
#15737 = STYLED_ITEM('color',(#15738),#9880);
#15738 = PRESENTATION_STYLE_ASSIGNMENT((#15739));
#15739 = SURFACE_STYLE_USAGE(.BOTH.,#15740);
#15740 = SURFACE_SIDE_STYLE('',(#15741));
#15741 = SURFACE_STYLE_FILL_AREA(#15742);
#15742 = FILL_AREA_STYLE('',(#15743));
#15743 = FILL_AREA_STYLE_COLOUR('',#15001);
#15744 = STYLED_ITEM('color',(#15745),#9897);
#15745 = PRESENTATION_STYLE_ASSIGNMENT((#15746));
#15746 = SURFACE_STYLE_USAGE(.BOTH.,#15747);
#15747 = SURFACE_SIDE_STYLE('',(#15748));
#15748 = SURFACE_STYLE_FILL_AREA(#15749);
#15749 = FILL_AREA_STYLE('',(#15750));
#15750 = FILL_AREA_STYLE_COLOUR('',#15001);
#15751 = STYLED_ITEM('color',(#15752),#9928);
#15752 = PRESENTATION_STYLE_ASSIGNMENT((#15753));
#15753 = SURFACE_STYLE_USAGE(.BOTH.,#15754);
#15754 = SURFACE_SIDE_STYLE('',(#15755));
#15755 = SURFACE_STYLE_FILL_AREA(#15756);
#15756 = FILL_AREA_STYLE('',(#15757));
#15757 = FILL_AREA_STYLE_COLOUR('',#15001);
#15758 = STYLED_ITEM('color',(#15759),#9952);
#15759 = PRESENTATION_STYLE_ASSIGNMENT((#15760));
#15760 = SURFACE_STYLE_USAGE(.BOTH.,#15761);
#15761 = SURFACE_SIDE_STYLE('',(#15762));
#15762 = SURFACE_STYLE_FILL_AREA(#15763);
#15763 = FILL_AREA_STYLE('',(#15764));
#15764 = FILL_AREA_STYLE_COLOUR('',#15001);
#15765 = STYLED_ITEM('color',(#15766),#9976);
#15766 = PRESENTATION_STYLE_ASSIGNMENT((#15767));
#15767 = SURFACE_STYLE_USAGE(.BOTH.,#15768);
#15768 = SURFACE_SIDE_STYLE('',(#15769));
#15769 = SURFACE_STYLE_FILL_AREA(#15770);
#15770 = FILL_AREA_STYLE('',(#15771));
#15771 = FILL_AREA_STYLE_COLOUR('',#15001);
#15772 = STYLED_ITEM('color',(#15773),#9993);
#15773 = PRESENTATION_STYLE_ASSIGNMENT((#15774));
#15774 = SURFACE_STYLE_USAGE(.BOTH.,#15775);
#15775 = SURFACE_SIDE_STYLE('',(#15776));
#15776 = SURFACE_STYLE_FILL_AREA(#15777);
#15777 = FILL_AREA_STYLE('',(#15778));
#15778 = FILL_AREA_STYLE_COLOUR('',#15001);
#15779 = STYLED_ITEM('color',(#15780),#10024);
#15780 = PRESENTATION_STYLE_ASSIGNMENT((#15781));
#15781 = SURFACE_STYLE_USAGE(.BOTH.,#15782);
#15782 = SURFACE_SIDE_STYLE('',(#15783));
#15783 = SURFACE_STYLE_FILL_AREA(#15784);
#15784 = FILL_AREA_STYLE('',(#15785));
#15785 = FILL_AREA_STYLE_COLOUR('',#15001);
#15786 = STYLED_ITEM('color',(#15787),#10048);
#15787 = PRESENTATION_STYLE_ASSIGNMENT((#15788));
#15788 = SURFACE_STYLE_USAGE(.BOTH.,#15789);
#15789 = SURFACE_SIDE_STYLE('',(#15790));
#15790 = SURFACE_STYLE_FILL_AREA(#15791);
#15791 = FILL_AREA_STYLE('',(#15792));
#15792 = FILL_AREA_STYLE_COLOUR('',#15001);
#15793 = STYLED_ITEM('color',(#15794),#10072);
#15794 = PRESENTATION_STYLE_ASSIGNMENT((#15795));
#15795 = SURFACE_STYLE_USAGE(.BOTH.,#15796);
#15796 = SURFACE_SIDE_STYLE('',(#15797));
#15797 = SURFACE_STYLE_FILL_AREA(#15798);
#15798 = FILL_AREA_STYLE('',(#15799));
#15799 = FILL_AREA_STYLE_COLOUR('',#15001);
#15800 = STYLED_ITEM('color',(#15801),#10089);
#15801 = PRESENTATION_STYLE_ASSIGNMENT((#15802));
#15802 = SURFACE_STYLE_USAGE(.BOTH.,#15803);
#15803 = SURFACE_SIDE_STYLE('',(#15804));
#15804 = SURFACE_STYLE_FILL_AREA(#15805);
#15805 = FILL_AREA_STYLE('',(#15806));
#15806 = FILL_AREA_STYLE_COLOUR('',#15001);
#15807 = STYLED_ITEM('color',(#15808),#10120);
#15808 = PRESENTATION_STYLE_ASSIGNMENT((#15809));
#15809 = SURFACE_STYLE_USAGE(.BOTH.,#15810);
#15810 = SURFACE_SIDE_STYLE('',(#15811));
#15811 = SURFACE_STYLE_FILL_AREA(#15812);
#15812 = FILL_AREA_STYLE('',(#15813));
#15813 = FILL_AREA_STYLE_COLOUR('',#15001);
#15814 = STYLED_ITEM('color',(#15815),#10144);
#15815 = PRESENTATION_STYLE_ASSIGNMENT((#15816));
#15816 = SURFACE_STYLE_USAGE(.BOTH.,#15817);
#15817 = SURFACE_SIDE_STYLE('',(#15818));
#15818 = SURFACE_STYLE_FILL_AREA(#15819);
#15819 = FILL_AREA_STYLE('',(#15820));
#15820 = FILL_AREA_STYLE_COLOUR('',#15001);
#15821 = STYLED_ITEM('color',(#15822),#10168);
#15822 = PRESENTATION_STYLE_ASSIGNMENT((#15823));
#15823 = SURFACE_STYLE_USAGE(.BOTH.,#15824);
#15824 = SURFACE_SIDE_STYLE('',(#15825));
#15825 = SURFACE_STYLE_FILL_AREA(#15826);
#15826 = FILL_AREA_STYLE('',(#15827));
#15827 = FILL_AREA_STYLE_COLOUR('',#15001);
#15828 = STYLED_ITEM('color',(#15829),#10185);
#15829 = PRESENTATION_STYLE_ASSIGNMENT((#15830));
#15830 = SURFACE_STYLE_USAGE(.BOTH.,#15831);
#15831 = SURFACE_SIDE_STYLE('',(#15832));
#15832 = SURFACE_STYLE_FILL_AREA(#15833);
#15833 = FILL_AREA_STYLE('',(#15834));
#15834 = FILL_AREA_STYLE_COLOUR('',#15001);
#15835 = STYLED_ITEM('color',(#15836),#10202);
#15836 = PRESENTATION_STYLE_ASSIGNMENT((#15837));
#15837 = SURFACE_STYLE_USAGE(.BOTH.,#15838);
#15838 = SURFACE_SIDE_STYLE('',(#15839));
#15839 = SURFACE_STYLE_FILL_AREA(#15840);
#15840 = FILL_AREA_STYLE('',(#15841));
#15841 = FILL_AREA_STYLE_COLOUR('',#15001);
#15842 = STYLED_ITEM('color',(#15843),#10219);
#15843 = PRESENTATION_STYLE_ASSIGNMENT((#15844));
#15844 = SURFACE_STYLE_USAGE(.BOTH.,#15845);
#15845 = SURFACE_SIDE_STYLE('',(#15846));
#15846 = SURFACE_STYLE_FILL_AREA(#15847);
#15847 = FILL_AREA_STYLE('',(#15848));
#15848 = FILL_AREA_STYLE_COLOUR('',#15001);
#15849 = STYLED_ITEM('color',(#15850),#10231);
#15850 = PRESENTATION_STYLE_ASSIGNMENT((#15851));
#15851 = SURFACE_STYLE_USAGE(.BOTH.,#15852);
#15852 = SURFACE_SIDE_STYLE('',(#15853));
#15853 = SURFACE_STYLE_FILL_AREA(#15854);
#15854 = FILL_AREA_STYLE('',(#15855));
#15855 = FILL_AREA_STYLE_COLOUR('',#15001);
#15856 = STYLED_ITEM('color',(#15857),#10248);
#15857 = PRESENTATION_STYLE_ASSIGNMENT((#15858));
#15858 = SURFACE_STYLE_USAGE(.BOTH.,#15859);
#15859 = SURFACE_SIDE_STYLE('',(#15860));
#15860 = SURFACE_STYLE_FILL_AREA(#15861);
#15861 = FILL_AREA_STYLE('',(#15862));
#15862 = FILL_AREA_STYLE_COLOUR('',#15001);
#15863 = STYLED_ITEM('color',(#15864),#10265);
#15864 = PRESENTATION_STYLE_ASSIGNMENT((#15865));
#15865 = SURFACE_STYLE_USAGE(.BOTH.,#15866);
#15866 = SURFACE_SIDE_STYLE('',(#15867));
#15867 = SURFACE_STYLE_FILL_AREA(#15868);
#15868 = FILL_AREA_STYLE('',(#15869));
#15869 = FILL_AREA_STYLE_COLOUR('',#15001);
#15870 = STYLED_ITEM('color',(#15871),#10277);
#15871 = PRESENTATION_STYLE_ASSIGNMENT((#15872));
#15872 = SURFACE_STYLE_USAGE(.BOTH.,#15873);
#15873 = SURFACE_SIDE_STYLE('',(#15874));
#15874 = SURFACE_STYLE_FILL_AREA(#15875);
#15875 = FILL_AREA_STYLE('',(#15876));
#15876 = FILL_AREA_STYLE_COLOUR('',#15001);
#15877 = STYLED_ITEM('color',(#15878),#10294);
#15878 = PRESENTATION_STYLE_ASSIGNMENT((#15879));
#15879 = SURFACE_STYLE_USAGE(.BOTH.,#15880);
#15880 = SURFACE_SIDE_STYLE('',(#15881));
#15881 = SURFACE_STYLE_FILL_AREA(#15882);
#15882 = FILL_AREA_STYLE('',(#15883));
#15883 = FILL_AREA_STYLE_COLOUR('',#15001);
#15884 = STYLED_ITEM('color',(#15885),#10311);
#15885 = PRESENTATION_STYLE_ASSIGNMENT((#15886));
#15886 = SURFACE_STYLE_USAGE(.BOTH.,#15887);
#15887 = SURFACE_SIDE_STYLE('',(#15888));
#15888 = SURFACE_STYLE_FILL_AREA(#15889);
#15889 = FILL_AREA_STYLE('',(#15890));
#15890 = FILL_AREA_STYLE_COLOUR('',#15001);
#15891 = STYLED_ITEM('color',(#15892),#10323);
#15892 = PRESENTATION_STYLE_ASSIGNMENT((#15893));
#15893 = SURFACE_STYLE_USAGE(.BOTH.,#15894);
#15894 = SURFACE_SIDE_STYLE('',(#15895));
#15895 = SURFACE_STYLE_FILL_AREA(#15896);
#15896 = FILL_AREA_STYLE('',(#15897));
#15897 = FILL_AREA_STYLE_COLOUR('',#15001);
#15898 = STYLED_ITEM('color',(#15899),#10340);
#15899 = PRESENTATION_STYLE_ASSIGNMENT((#15900));
#15900 = SURFACE_STYLE_USAGE(.BOTH.,#15901);
#15901 = SURFACE_SIDE_STYLE('',(#15902));
#15902 = SURFACE_STYLE_FILL_AREA(#15903);
#15903 = FILL_AREA_STYLE('',(#15904));
#15904 = FILL_AREA_STYLE_COLOUR('',#15001);
#15905 = STYLED_ITEM('color',(#15906),#10357);
#15906 = PRESENTATION_STYLE_ASSIGNMENT((#15907));
#15907 = SURFACE_STYLE_USAGE(.BOTH.,#15908);
#15908 = SURFACE_SIDE_STYLE('',(#15909));
#15909 = SURFACE_STYLE_FILL_AREA(#15910);
#15910 = FILL_AREA_STYLE('',(#15911));
#15911 = FILL_AREA_STYLE_COLOUR('',#15001);
#15912 = STYLED_ITEM('color',(#15913),#10369);
#15913 = PRESENTATION_STYLE_ASSIGNMENT((#15914));
#15914 = SURFACE_STYLE_USAGE(.BOTH.,#15915);
#15915 = SURFACE_SIDE_STYLE('',(#15916));
#15916 = SURFACE_STYLE_FILL_AREA(#15917);
#15917 = FILL_AREA_STYLE('',(#15918));
#15918 = FILL_AREA_STYLE_COLOUR('',#15001);
#15919 = STYLED_ITEM('color',(#15920),#10386);
#15920 = PRESENTATION_STYLE_ASSIGNMENT((#15921));
#15921 = SURFACE_STYLE_USAGE(.BOTH.,#15922);
#15922 = SURFACE_SIDE_STYLE('',(#15923));
#15923 = SURFACE_STYLE_FILL_AREA(#15924);
#15924 = FILL_AREA_STYLE('',(#15925));
#15925 = FILL_AREA_STYLE_COLOUR('',#15001);
#15926 = STYLED_ITEM('color',(#15927),#10403);
#15927 = PRESENTATION_STYLE_ASSIGNMENT((#15928));
#15928 = SURFACE_STYLE_USAGE(.BOTH.,#15929);
#15929 = SURFACE_SIDE_STYLE('',(#15930));
#15930 = SURFACE_STYLE_FILL_AREA(#15931);
#15931 = FILL_AREA_STYLE('',(#15932));
#15932 = FILL_AREA_STYLE_COLOUR('',#15001);
#15933 = STYLED_ITEM('color',(#15934),#10415);
#15934 = PRESENTATION_STYLE_ASSIGNMENT((#15935));
#15935 = SURFACE_STYLE_USAGE(.BOTH.,#15936);
#15936 = SURFACE_SIDE_STYLE('',(#15937));
#15937 = SURFACE_STYLE_FILL_AREA(#15938);
#15938 = FILL_AREA_STYLE('',(#15939));
#15939 = FILL_AREA_STYLE_COLOUR('',#15001);
#15940 = STYLED_ITEM('color',(#15941),#10432);
#15941 = PRESENTATION_STYLE_ASSIGNMENT((#15942));
#15942 = SURFACE_STYLE_USAGE(.BOTH.,#15943);
#15943 = SURFACE_SIDE_STYLE('',(#15944));
#15944 = SURFACE_STYLE_FILL_AREA(#15945);
#15945 = FILL_AREA_STYLE('',(#15946));
#15946 = FILL_AREA_STYLE_COLOUR('',#15001);
#15947 = STYLED_ITEM('color',(#15948),#10449);
#15948 = PRESENTATION_STYLE_ASSIGNMENT((#15949));
#15949 = SURFACE_STYLE_USAGE(.BOTH.,#15950);
#15950 = SURFACE_SIDE_STYLE('',(#15951));
#15951 = SURFACE_STYLE_FILL_AREA(#15952);
#15952 = FILL_AREA_STYLE('',(#15953));
#15953 = FILL_AREA_STYLE_COLOUR('',#15001);
#15954 = STYLED_ITEM('color',(#15955),#10461);
#15955 = PRESENTATION_STYLE_ASSIGNMENT((#15956));
#15956 = SURFACE_STYLE_USAGE(.BOTH.,#15957);
#15957 = SURFACE_SIDE_STYLE('',(#15958));
#15958 = SURFACE_STYLE_FILL_AREA(#15959);
#15959 = FILL_AREA_STYLE('',(#15960));
#15960 = FILL_AREA_STYLE_COLOUR('',#15001);
#15961 = STYLED_ITEM('color',(#15962),#10478);
#15962 = PRESENTATION_STYLE_ASSIGNMENT((#15963));
#15963 = SURFACE_STYLE_USAGE(.BOTH.,#15964);
#15964 = SURFACE_SIDE_STYLE('',(#15965));
#15965 = SURFACE_STYLE_FILL_AREA(#15966);
#15966 = FILL_AREA_STYLE('',(#15967));
#15967 = FILL_AREA_STYLE_COLOUR('',#15001);
#15968 = STYLED_ITEM('color',(#15969),#10495);
#15969 = PRESENTATION_STYLE_ASSIGNMENT((#15970));
#15970 = SURFACE_STYLE_USAGE(.BOTH.,#15971);
#15971 = SURFACE_SIDE_STYLE('',(#15972));
#15972 = SURFACE_STYLE_FILL_AREA(#15973);
#15973 = FILL_AREA_STYLE('',(#15974));
#15974 = FILL_AREA_STYLE_COLOUR('',#15001);
#15975 = STYLED_ITEM('color',(#15976),#10507);
#15976 = PRESENTATION_STYLE_ASSIGNMENT((#15977));
#15977 = SURFACE_STYLE_USAGE(.BOTH.,#15978);
#15978 = SURFACE_SIDE_STYLE('',(#15979));
#15979 = SURFACE_STYLE_FILL_AREA(#15980);
#15980 = FILL_AREA_STYLE('',(#15981));
#15981 = FILL_AREA_STYLE_COLOUR('',#15001);
#15982 = STYLED_ITEM('color',(#15983),#10519);
#15983 = PRESENTATION_STYLE_ASSIGNMENT((#15984));
#15984 = SURFACE_STYLE_USAGE(.BOTH.,#15985);
#15985 = SURFACE_SIDE_STYLE('',(#15986));
#15986 = SURFACE_STYLE_FILL_AREA(#15987);
#15987 = FILL_AREA_STYLE('',(#15988));
#15988 = FILL_AREA_STYLE_COLOUR('',#15001);
#15989 = STYLED_ITEM('color',(#15990),#10531);
#15990 = PRESENTATION_STYLE_ASSIGNMENT((#15991));
#15991 = SURFACE_STYLE_USAGE(.BOTH.,#15992);
#15992 = SURFACE_SIDE_STYLE('',(#15993));
#15993 = SURFACE_STYLE_FILL_AREA(#15994);
#15994 = FILL_AREA_STYLE('',(#15995));
#15995 = FILL_AREA_STYLE_COLOUR('',#15001);
#15996 = STYLED_ITEM('color',(#15997),#10543);
#15997 = PRESENTATION_STYLE_ASSIGNMENT((#15998));
#15998 = SURFACE_STYLE_USAGE(.BOTH.,#15999);
#15999 = SURFACE_SIDE_STYLE('',(#16000));
#16000 = SURFACE_STYLE_FILL_AREA(#16001);
#16001 = FILL_AREA_STYLE('',(#16002));
#16002 = FILL_AREA_STYLE_COLOUR('',#15001);
#16003 = STYLED_ITEM('color',(#16004),#10555);
#16004 = PRESENTATION_STYLE_ASSIGNMENT((#16005));
#16005 = SURFACE_STYLE_USAGE(.BOTH.,#16006);
#16006 = SURFACE_SIDE_STYLE('',(#16007));
#16007 = SURFACE_STYLE_FILL_AREA(#16008);
#16008 = FILL_AREA_STYLE('',(#16009));
#16009 = FILL_AREA_STYLE_COLOUR('',#15001);
#16010 = STYLED_ITEM('color',(#16011),#10567);
#16011 = PRESENTATION_STYLE_ASSIGNMENT((#16012));
#16012 = SURFACE_STYLE_USAGE(.BOTH.,#16013);
#16013 = SURFACE_SIDE_STYLE('',(#16014));
#16014 = SURFACE_STYLE_FILL_AREA(#16015);
#16015 = FILL_AREA_STYLE('',(#16016));
#16016 = FILL_AREA_STYLE_COLOUR('',#15001);
#16017 = STYLED_ITEM('color',(#16018),#10579);
#16018 = PRESENTATION_STYLE_ASSIGNMENT((#16019));
#16019 = SURFACE_STYLE_USAGE(.BOTH.,#16020);
#16020 = SURFACE_SIDE_STYLE('',(#16021));
#16021 = SURFACE_STYLE_FILL_AREA(#16022);
#16022 = FILL_AREA_STYLE('',(#16023));
#16023 = FILL_AREA_STYLE_COLOUR('',#15001);
ENDSEC;
END-ISO-10303-21;
